Region ID,dPSI,Significance,Gene,Source of PTM,UniProtKB Accession,Isoform ID,Isoform Type,Residue,PTM Position in Isoform,Gene Location (hg19),Modification,Modification Class,Canonical Flanking Sequence,Constitutive,MS_LIT,MS_CST,Proximity to Region Start (bp),Proximity to Region End (bp),Proximity to Splice Boundary (bp),Event Type,Label,PSP:ON_PROCESS,PSP:ON_PROT_INTERACT,PSP:ON_OTHER_INTERACT,PSP:ON_FUNCTION,PSP:Kinase,PSP:Disease_Association,ELM:Interactions,ELM:Location of PTM for Interaction,ELM:Motifs Associated with Interactions,ELM:Motif Matches,PTMInt:Interaction,PTMcode:Interprotein_Interactions,DEPOD:Phosphatase,RegPhos:Kinase,PTMsigDB:KINASE-iKiP,PTMsigDB:PATH-BI,PTMsigDB:PATH-NP,PTMsigDB:PATH-WP,PTMsigDB:PERT-P100-DIA,PTMsigDB:PERT-P100-DIA2,PTMsigDB:PERT-P100-PRM,PTMsigDB:PERT-PSP,Combined:Interactions,Combined:Kinase
SE_1,0.413,0.0,ARHGAP17,Q68EM7-1_S575,Q68EM7,Q68EM7-1,Canonical,S,575.0,24950686.0,Phosphoserine,Phosphorylation,LEQGPSPGDGsPPKPKDPVSA,False,31.0,,1.0,232.0,1.0,SE,ARHGAP17_S575.0,,,,,,,,,,LIG_SH3_3,,Q9BY11_T329;Q9BY11_T184;Q9BY11_T358;Q9BY11_S348;Q9BY11_S349;Q9BY11_S430;Q9BY11_S365;Q9BY11_S346;Q9BY11_S361;Q9BY11_T312;Q9BY11_Y350;Q9BY11_K178;Q9BY11_S263;Q9BY11_S262;Q9BY11_S405;Q9BY11_K151;P63000_K202;P63000_T186;P27986_T152;P27986_S460;P27986_T585;P27986_Y452;P27986_T576;P27986_T454;P27986_T471;P27986_Y12;P27986_S652;P27986_Y76;P27986_Y73;P27986_T148;P27986_S690;P27986_S361;P27986_Y467;P27986_T490;P27986_K530;P27986_S628;P27986_Y508;P27986_Y607;P27986_T623;P27986_S608;P27986_Y504;P27986_S83;P27986_S154;O14745_S77;O14745_S291;O14745_S288;O14745_S339,,,,,,,,,,,NHERF1->INDUCES;PACSIN1->INDUCES;PIK3R1->INDUCES;RAC1->INDUCES,
SE_1,0.413,0.0,ARHGAP17,Q68EM7-1_S570,Q68EM7,Q68EM7-1,Canonical,S,570.0,24950701.0,Phosphoserine,Phosphorylation,SSAGILEQGPsPGDGSPPKPK,False,4.0,,16.0,217.0,16.0,SE,ARHGAP17_S570.0,,,,,,,,,,,,Q9BY11_T358;Q9BY11_S365;Q9BY11_T312;Q9BY11_S263;Q9BY11_S262;P63000_T186;P27986_T585;P27986_T576;P27986_T454;P27986_T471;P27986_S147;P27986_T490;P27986_S629;P27986_S628;P27986_S265;P27986_S154;O14745_K50;O14745_S308;O14745_S340;O14745_S269,,,,,,,,,,,NHERF1->INDUCES;PACSIN1->INDUCES;PIK3R1->INDUCES;RAC1->INDUCES,
SE_1,0.413,0.0,ARHGAP17,Q68EM7-1_S560,Q68EM7,Q68EM7-1,Canonical,S,560.0,24950731.0,Phosphoserine,Phosphorylation,ESSSGGGTVPsSAGILEQGPS,False,1.0,,46.0,187.0,46.0,SE,ARHGAP17_S560.0,,,,,,,,,,LIG_BIR_II_1;MOD_GlcNHglycan;MOD_GSK3_1,,,,,,,,,,,,,,
SE_1,0.413,0.0,ARHGAP17,Q68EM7-1_S553,Q68EM7,Q68EM7-1,Canonical,S,553.0,24950752.0,Phosphoserine,Phosphorylation,PPQSSRAESSsGGGTVPSSAG,False,,,67.0,166.0,67.0,SE,ARHGAP17_S553.0,,,,,,,,,,DOC_USP7_MATH_1;LIG_BIR_II_1,,,,,,,,,,,,,,
SE_1,0.413,0.0,ARHGAP17,Q68EM7-1_S547,Q68EM7,Q68EM7-1,Canonical,S,547.0,24950770.0,Phosphoserine,Phosphorylation,PAGPEPPPQSsRAESSSGGGT,False,,,85.0,148.0,85.0,SE,ARHGAP17_S547.0,,,,,,,,,,DEG_SPOP_SBC_1;DOC_USP7_MATH_1,,Q9BY11_T312;Q9BY11_S263;Q9BY11_S262;P27986_T585;P27986_T576;P27986_T454;P27986_T471;P27986_T490;P27986_S629;P27986_S628;P27986_S265;O14745_S2;O14745_S2;O14745_K50;O14745_S77;O14745_S302;O14745_S326;O14745_S308;O14745_S269;O14745_S316;O14745_S317,,,,,,,,,,,NHERF1->INDUCES;PACSIN1->INDUCES;PIK3R1->INDUCES,
SE_1,0.413,0.0,ARHGAP17,Q68EM7-1_S520,Q68EM7,Q68EM7-1,Canonical,S,520.0,24950851.0,Phosphoserine,Phosphorylation,RGGTLNRKHIsPAFQPPLPPT,False,2.0,,166.0,67.0,67.0,SE,ARHGAP17_S520.0,,,,,,,,,,CLV_NRD_NRD_1;DOC_PP4_FxxP_1;LIG_Arc_Nlobe_1,,,,,,,,,,,,,,
SE_2,-0.361,0.0,ITGA6,P23229-2_Y1050,P23229,P23229-2,Alternative,Y,1050.0,173366533.0,Phosphotyrosine,Phosphorylation,GFFKRNKKDHyDATYHKAEIH,False,,12.0,33.0,96.0,33.0,SE,ITGA6_Y1050.0,,,,,,,,,,CLV_C14_Caspase3-7;CLV_PCSK_KEX2_1;CLV_PCSK_PC1ET2_1;DEG_Nend_UBRbox_1;DOC_USP7_UBL2_3;MOD_Plk_1,,,,,,,,,,,,,,
SE_2,-0.361,0.0,ITGA6,P23229-2_T1053,P23229,P23229-2,Alternative,T,1053.0,173366542.0,Phosphothreonine,Phosphorylation,KRNKKDHYDAtYHKAEIHAQP,False,,1.0,42.0,87.0,42.0,SE,ITGA6_T1053.0,,,,,,,,,,DEG_Nend_UBRbox_1;LIG_SH2_STAP1;LIG_WD40_WDR5_VDV_2,,,,,,,,,,,,,,
SE_2,-0.361,0.0,ITGA6,P23229-2_Y1054,P23229,P23229-2,Alternative,Y,1054.0,173366545.0,Phosphotyrosine,Phosphorylation,RNKKDHYDATyHKAEIHAQPS,False,,24.0,45.0,84.0,45.0,SE,ITGA6_Y1054.0,,,,,,,,,,DEG_Nend_UBRbox_1;LIG_WD40_WDR5_VDV_2,,,,,,,,,,,,,,
SE_2,-0.361,0.0,ITGA6,P23229-2_K1056,P23229,P23229-2,Alternative,K,1056.0,173366551.0,Ubiquitination,Ubiquitination,KKDHYDATYHkAEIHAQPSDK,False,1.0,,51.0,78.0,51.0,SE,ITGA6_K1056.0,,,,,,,,,,DEG_CRBN_cyclicCter_1;LIG_SH2_STAP1;LIG_WD40_WDR5_VDV_2;MOD_Plk_1,,,,,,,,,,,,,,
SE_2,-0.361,0.0,ITGA6,P23229-2_S1064,P23229,P23229-2,Alternative,S,1064.0,173366575.0,Phosphoserine,Phosphorylation,YHKAEIHAQPsDKERLTSDA ,False,7.0,1.0,75.0,54.0,54.0,SE,ITGA6_S1064.0,,,,,,,,,,LIG_14-3-3_CterR_2;LIG_BIR_II_1,,,,,,,,,,,,,,
SE_2,-0.361,0.0,ITGA6,P23229-2_K1066,P23229,P23229-2,Alternative,K,1066.0,173366581.0,Ubiquitination,Ubiquitination,KAEIHAQPSDkERLTSDA   ,False,2.0,,81.0,48.0,48.0,SE,ITGA6_K1066.0,,,,,,,,,,DEG_Nend_Nbox_1;DOC_USP7_MATH_1;LIG_14-3-3_CterR_2;MOD_CK2_1,,,,,,,,,,,,,,
SE_2,-0.361,0.0,ITGA6,P23229-2_T1070,P23229,P23229-2,Alternative,T,1070.0,173366593.0,Phosphothreonine,Phosphorylation,HAQPSDKERLtSDA       ,False,,1.0,93.0,36.0,36.0,SE,ITGA6_T1070.0,,,,,,,,,,,,,,,,,,,,,,,,
SE_3,-0.068,0.0,KRAS,P01116-1_C186,P01116,P01116-1,Canonical,C,186.0,25368389.0,Cysteine methyl ester;S-methylcysteine,Methylation,KTPGCVKIKKcIIM       ,False,,,18.0,105.0,18.0,SE,KRAS_C186.0,,,,,,,,,,,,,,,,,,,,,,,,
SE_3,-0.068,0.0,KRAS,P01116-1_C180,P01116,P01116-1,Canonical,C,180.0,25368407.0,Palmitoylation,Palmitoylation,KISKEEKTPGcVKIKKCIIM ,False,,,36.0,87.0,36.0,SE,KRAS_C180.0,,,,,,,,,,DEG_Nend_UBRbox_1;DOC_MAPK_gen_1;DOC_WW_Pin1_4;LIG_WD40_WDR5_VDV_2;MOD_ProDKin_1;TRG_ER_diLys_1,,,,,,,,,,,,,,
SE_3,-0.068,0.0,KRAS,P01116-1_Y157,P01116,P01116-1,Canonical,Y,157.0,25368476.0,Phosphotyrosine,Phosphorylation,KTRQRVEDAFyTLVREIRQYR,False,1.0,,105.0,18.0,18.0,SE,KRAS_Y157.0,,,,,,,,,,DEG_Nend_UBRbox_3;LIG_LIR_Gen_1;LIG_LIR_Nem_3;MOD_Plk_4,,,,,,,,,,,,,,
SE_5,0.312,0.0,EXOC7,Q9UPT5-1_K291,Q9UPT5,Q9UPT5-1,Alternative,K,291.0,74087254.0,Ubiquitination,Ubiquitination,QYSQHGLDGKkGGSNLIPLEG,False,1.0,,30.0,62.0,30.0,SE,EXOC7_K291.0,,,,,,,,,,DEG_Nend_UBRbox_3,,,,,,,,,,,,,,
SE_5,0.312,0.0,EXOC7,Q9UPT5-3_S283,Q9UPT5,Q9UPT5-3,Canonical,S,283.0,74087278.0,Phosphoserine,Phosphorylation,RKAQNLLKQYsQHGLDGKKGG,False,4.0,,54.0,38.0,38.0,SE,EXOC7_S283.0,,,,,,,,,,DEG_Nend_UBRbox_3,,,,,,,,,,,,,,
SE_5,0.312,0.0,EXOC7,Q9UPT5-3_K280,Q9UPT5,Q9UPT5-3,Canonical,K,280.0,74087287.0,Ubiquitination,Ubiquitination,GTIRKAQNLLkQYSQHGLDGK,False,1.0,,63.0,29.0,29.0,SE,EXOC7_K280.0,,,,,,,,,,DEG_Nend_UBRbox_1;MOD_PIKK_1,,,,,,,,,,,,,,
SE_5,0.312,0.0,EXOC7,Q9UPT5-3_K274,Q9UPT5,Q9UPT5-3,Canonical,K,274.0,74087305.0,Ubiquitination,Ubiquitination,KPVKRPGTIRkAQNLLKQYSQ,False,1.0,,81.0,11.0,11.0,SE,EXOC7_K274.0,,,,,,,,,,CLV_PCSK_KEX2_1;CLV_PCSK_PC1ET2_1;DEG_Nend_UBRbox_1,,,,,,,,,,,,,,
SE_5,0.312,0.0,EXOC7,Q9UPT5-3_T271,Q9UPT5,Q9UPT5-3,Canonical,T,271.0,74087314.0,Phosphothreonine,Phosphorylation,PTKKPVKRPGtIRKAQNLLKQ,False,1.0,5.0,90.0,2.0,2.0,SE,EXOC7_T271.0,,,,,,,,,,CLV_NRD_NRD_1;CLV_PCSK_KEX2_1;CLV_PCSK_PC1ET2_1;CLV_PCSK_SKI1_1;DEG_CRBN_cyclicCter_1,,,,,,,,,,,,,,
SE_8,-0.163,0.0,LIMCH1,Q9UPQ0-4_S754,Q9UPQ0,Q9UPQ0-4,Alternative,S,754.0,41672788.0,Phosphoserine,Phosphorylation,PLRVQNSWRRsQFFSQSVDSP,False,,3.0,53.0,21.0,21.0,SE,LIMCH1_S754.0,,,,,,,,,,CLV_NRD_NRD_1;CLV_PCSK_KEX2_1;TRG_ER_diArg_1,,,,,,,,,,,,,,
SE_9,0.362,0.0,CLSTN1,O94985-1_N515,O94985,O94985-1,Canonical,N,515.0,9797589.0,N-Glycosylation,Glycosylation,WQEFSGVENDnETEPVTVASA,True,,,33.0,23.0,23.0,SE,CLSTN1_N515.0,,,,,,,,,,DEG_Nend_Nbox_1;LIG_FHA_1;MOD_GlcNHglycan;MOD_GSK3_1,,,,,,,,,,,,,,
SE_10,0.513,0.0,OSBPL3,Q9H4L5-1_T288,Q9H4L5,Q9H4L5-1,Canonical,T,288.0,24902827.0,Phosphothreonine,Phosphorylation,SRAIGKDAKGtLQVPKPFSGP,False,1.0,,8.0,84.0,8.0,SE,OSBPL3_T288.0,,,,,,,,,,CLV_PCSK_SKI1_1;DEG_Nend_Nbox_1;DOC_MAPK_gen_1;DOC_PP2B_LxvP_1;LIG_BIR_III_4;LIG_SH3_3,,,,,,,,,,,,,,
SE_10,0.513,0.0,OSBPL3,Q9H4L5-1_S278,Q9H4L5,Q9H4L5-1,Canonical,S,278.0,24902857.0,Phosphoserine,Phosphorylation,KEKRSHRRWRsRAIGKDAKGT,False,,2.0,38.0,54.0,38.0,SE,OSBPL3_S278.0,,,,,,,,,,CLV_NRD_NRD_1;CLV_PCSK_KEX2_1;DEG_Nend_UBRbox_1;DOC_ANK_TNKS_1;TRG_ER_diArg_1,,,,,,,,,,,,,,
SE_10,0.513,0.0,OSBPL3,Q9H4L5-1_S272,Q9H4L5,Q9H4L5-1,Canonical,S,272.0,24902875.0,Phosphoserine,Phosphorylation,SFESPKKEKRsHRRWRSRAIG,False,,3.0,56.0,36.0,36.0,SE,OSBPL3_S272.0,,,,,,,,,,CLV_NRD_NRD_1;CLV_PCSK_KEX2_1;CLV_PCSK_PC1ET2_1;LIG_14-3-3_CterR_2;LIG_BIR_II_1;MOD_CDC14_SPxK_1;MOD_SUMO_for_1;TRG_ER_diArg_1,,,,,,,,,,,,,,
SE_10,0.513,0.0,OSBPL3,Q9H4L5-1_S265,Q9H4L5,Q9H4L5-1,Canonical,S,265.0,24902896.0,Phosphoserine,Phosphorylation,INAIQGGSFEsPKKEKRSHRR,False,11.0,4.0,77.0,15.0,15.0,SE,OSBPL3_S265.0,,,,,,,,,,DEG_Cend_FEM1AC_1;DEG_Nend_Nbox_1;DOC_PP4_FxxP_1;LIG_LIR_Apic_2;LIG_NRP_CendR_1;MOD_SUMO_for_1;TRG_ER_diLys_1,,,,,,,,,,,,,,
SE_10,0.513,0.0,OSBPL3,Q9H4L5-1_S262,Q9H4L5,Q9H4L5-1,Canonical,S,262.0,24902905.0,Phosphoserine,Phosphorylation,APAINAIQGGsFESPKKEKRS,False,5.0,1.0,86.0,6.0,6.0,SE,OSBPL3_S262.0,,,,,,,,,,DEG_Nend_Nbox_1;DOC_PP4_FxxP_1;DOC_WW_Pin1_4;MOD_CDC14_SPxK_1;MOD_CDK_SPK_2;MOD_CDK_SPxK_1;MOD_ProDKin_1,,,,,,,,,,,,,,
SE_14,-0.09,0.0,ADAM15,Q13444-1_S762,Q13444,Q13444-1,Canonical,S,762.0,155033897.0,Phosphoserine,Phosphorylation,ALLARGTKQAsALSFPAPPSR,False,,,6.0,68.0,6.0,SE,ADAM15_S762.0,,,,,,,,,,DOC_MAPK_gen_1;LIG_BIR_II_1;LIG_PDZ_Class_2;MOD_PKA_2,,,,,,,,,,,,,,
SE_15,-0.148,0.0,ADAM15,Q13444-1_S806,Q13444,Q13444-1,Canonical,S,806.0,155034443.0,Phosphoserine,Phosphorylation,RPLPADPVVRsPKSQGPAKPP,False,2.0,,63.0,8.0,8.0,SE,ADAM15_S806.0,,,,,,,,,,LIG_SH3_3;MOD_PIKK_1,,,,,,,,,,,,,,
SE_16,-0.087,0.0,ADAM15,Q13444-1_S762,Q13444,Q13444-1,Canonical,S,762.0,155033897.0,Phosphoserine,Phosphorylation,ALLARGTKQAsALSFPAPPSR,False,,,3.0,68.0,3.0,SE,ADAM15_S762.0,,,,,,,,,,DOC_MAPK_gen_1;LIG_BIR_II_1;LIG_PDZ_Class_2;MOD_PKA_2,,,,,,,,,,,,,,
SE_17,0.569,0.0,ADAM15,Q13444-1_S806,Q13444,Q13444-1,Canonical,S,806.0,155034443.0,Phosphoserine,Phosphorylation,RPLPADPVVRsPKSQGPAKPP,False,2.0,,63.0,150.0,63.0,SE,ADAM15_S806.0,,,,,,,,,,LIG_SH3_3;MOD_PIKK_1,,,,,,,,,,,,,,
SE_18,0.205,0.0,LAS1L,Q9Y4W2-1_Y115,Q9Y4W2,Q9Y4W2-1,Canonical,Y,115.0,64753509.0,Phosphotyrosine,Phosphorylation,GLGTDELRLLyGMALVRFVNL,False,,1.0,19.0,106.0,19.0,SE,LAS1L_Y115.0,,,,,,,,,,DEG_Cend_FEM1B_2;LIG_WD40_WDR5_VDV_2;TRG_DiLeu_BaLyEn_6,,,,,,,,,,,,,,
SE_18,0.205,0.0,LAS1L,Q9Y4W2-1_K98,Q9Y4W2,Q9Y4W2-1,Canonical,K,98.0,64753560.0,Ubiquitination,Ubiquitination,VASTADLIRCkLLDVTGGLGT,False,1.0,2.0,70.0,55.0,55.0,SE,LAS1L_K98.0,,,,,,,,,,DEG_APCC_DBOX_1;LIG_SUMO_SIM_par_1;LIG_WD40_WDR5_VDV_2,,,,,,,,,,,,,,
SE_18,0.205,0.0,LAS1L,Q9Y4W2-1_T91,Q9Y4W2,Q9Y4W2-1,Canonical,T,91.0,64753581.0,Phosphothreonine,Phosphorylation,GNELPLAVAStADLIRCKLLD,False,,1.0,91.0,34.0,34.0,SE,LAS1L_T91.0,,,,,,,,,,DOC_USP7_MATH_1;LIG_PDZ_Class_2;LIG_SUMO_SIM_par_1;LIG_WD40_WDR5_VDV_2,,,,,,,,,,,,,,
SE_18,0.205,0.0,LAS1L,Q9Y4W2-1_S90,Q9Y4W2,Q9Y4W2-1,Canonical,S,90.0,64753584.0,Phosphoserine,Phosphorylation,SGNELPLAVAsTADLIRCKLL,False,,1.0,94.0,31.0,31.0,SE,LAS1L_S90.0,,,,,,,,,,DEG_APCC_TPR_1;DEG_Cend_FEM1B_2;DEG_Nend_UBRbox_2;LIG_FHA_1;LIG_WD40_WDR5_VDV_2,,,,,,,,,,,,,,
SE_19,-0.513,0.0,CCDC50,Q8IVM0-2_S154,Q8IVM0,Q8IVM0-2,Alternative,S,154.0,191092862.0,Phosphoserine,Phosphorylation,YYYEDGDQPGsRRARELGSGF,False,1.0,,11.0,516.0,11.0,SE,CCDC50_S154.0,,,,,,,,,,CLV_NRD_NRD_1;CLV_PCSK_KEX2_1;DEG_Nend_UBRbox_2;TRG_ER_diArg_1,,,,,,,,,,,,,,
SE_19,-0.513,0.0,CCDC50,Q8IVM0-2_K201,Q8IVM0,Q8IVM0-2,Alternative,K,201.0,191093003.0,Ubiquitination,Ubiquitination,LEEPEQHCSSkRSLSSSSSGK,False,1.0,,152.0,375.0,152.0,SE,CCDC50_K201.0,,,,,,,,,,LIG_14-3-3_CterR_2;MOD_CK1_1;MOD_GSK3_1,,,,,,,,,,,,,,
SE_19,-0.513,0.0,CCDC50,Q8IVM0-2_S203,Q8IVM0,Q8IVM0-2,Alternative,S,203.0,191093009.0,Phosphoserine,Phosphorylation,EPEQHCSSKRsLSSSSSGKGR,False,,7.0,158.0,369.0,158.0,SE,CCDC50_S203.0,,,,,,,,,,CLV_PCSK_KEX2_1;CLV_PCSK_PC1ET2_1;DEG_Nend_UBRbox_3;MOD_GSK3_1,,,,,,,,,,,,,,
SE_19,-0.513,0.0,CCDC50,Q8IVM0-2_S209,Q8IVM0,Q8IVM0-2,Alternative,S,209.0,191093027.0,Phosphoserine,Phosphorylation,SSKRSLSSSSsGKGRDNPHIN,False,,5.0,176.0,351.0,176.0,SE,CCDC50_S209.0,,,,,,,,,,DEG_CRBN_cyclicCter_1;DEG_Nend_UBRbox_1;MOD_CK1_1,,,,,,,,,,,,,,
SE_19,-0.513,0.0,CCDC50,Q8IVM0-2_S276,Q8IVM0,Q8IVM0-2,Alternative,S,276.0,191093228.0,Phosphoserine,Phosphorylation,EKQSRHQDRLsPKSSQKAGLH,False,2.0,,377.0,150.0,150.0,SE,CCDC50_S276.0,,,,,,,,,,DOC_USP7_MATH_1;DOC_USP7_UBL2_3;LIG_BIR_II_1,,,,,,,,,,,,,,
SE_19,-0.513,0.0,CCDC50,Q8IVM0-2_S280,Q8IVM0,Q8IVM0-2,Alternative,S,280.0,191093240.0,Phosphoserine,Phosphorylation,RHQDRLSPKSsQKAGLHCKEV,False,,1.0,389.0,138.0,138.0,SE,CCDC50_S280.0,,,,,,,,,,DEG_Nend_UBRbox_2;DOC_USP7_UBL2_3;DOC_WW_Pin1_4;MOD_CDK_SPK_2;MOD_CK1_1;MOD_ProDKin_1,,,,,,,,,,,,,,
SE_19,-0.513,0.0,CCDC50,Q8IVM0-2_Y292,Q8IVM0,Q8IVM0-2,Alternative,Y,292.0,191093276.0,Phosphotyrosine,Phosphorylation,KAGLHCKEVVyGRDHGQGEHR,False,,3.0,425.0,102.0,102.0,SE,CCDC50_Y292.0,,,,,,,,,,DEG_CRBN_cyclicCter_1;DEG_Nend_Nbox_1;LIG_RB_LxCxE_1,,,,,,,,,,,,,,
SE_19,-0.513,0.0,CCDC50,Q8IVM0-2_T310,Q8IVM0,Q8IVM0-2,Alternative,T,310.0,191093330.0,Phosphothreonine,Phosphorylation,EHRKRRHRPRtPPFSESEEQL,False,4.0,10.0,479.0,48.0,48.0,SE,CCDC50_T310.0,,,,,,,,,,CLV_NRD_NRD_1;CLV_PCSK_KEX2_1;CLV_PCSK_PC1ET2_1;DEG_Nend_UBRbox_1;LIG_SH3_1;LIG_SH3_3;TRG_ER_diArg_1,,,,,,,,,,,,,,
SE_19,-0.513,0.0,CCDC50,Q8IVM0-2_S314,Q8IVM0,Q8IVM0-2,Alternative,S,314.0,191093342.0,Phosphoserine,Phosphorylation,RRHRPRTPPFsESEEQLHLHD,False,1.0,,491.0,36.0,36.0,SE,CCDC50_S314.0,,,,,,,,,,DOC_CKS1_1;DOC_WW_Pin1_4;LIG_PDZ_Class_3;MOD_DYRK1A_RPxSP_1;MOD_ProDKin_1,,,,,,,,,,,,,,
SE_20,-0.442,0.0,RALGPS2,Q86X27-1_Y420,Q86X27,Q86X27-1,Canonical,Y,420.0,178861375.0,Phosphotyrosine,Phosphorylation,SWPAFERNRLyHSLGPVTRVA,False,1.0,54.0,10.0,67.0,10.0,SE,RALGPS2_Y420.0,,,,,,,,,,LIG_14-3-3_CanoR_1;LIG_BIR_II_1;TRG_ER_diArg_1,,,,,,,,,,,,,,
SE_20,-0.442,0.0,RALGPS2,Q86X27-1_S422,Q86X27,Q86X27-1,Canonical,S,422.0,178861381.0,Phosphoserine,Phosphorylation,PAFERNRLYHsLGPVTRVARN,False,12.0,7.0,16.0,61.0,16.0,SE,RALGPS2_S422.0,,,,,,,,,,DEG_Nend_UBRbox_2;LIG_SH2_CRK;TRG_ENDOCYTIC_2;TRG_ER_diArg_1,,,,,,,,,,,,,,
SE_25,-0.539,0.0,CD44,P16070-1_T541,P16070,P16070-1,Canonical,T,541.0,35232807.0,N-Glycosylation,Glycosylation,TLTSSNRNDVtGGRRDPNHSE,False,1.0,,14.0,189.0,14.0,SE,CD44_T541.0,,,,,,,,,,CLV_NRD_NRD_1;CLV_PCSK_KEX2_1;LIG_BIR_II_1;MOD_Cter_Amidation,,,,,,,,,,,,,,
SE_25,-0.539,0.0,CD44,P16070-1_N548,P16070,P16070-1,Canonical,N,548.0,35232828.0,N-Glycosylation,Glycosylation,NDVTGGRRDPnHSEGSTTLLE,False,,,35.0,168.0,35.0,SE,CD44_N548.0,,,,,,,,,,CLV_NRD_NRD_1;CLV_PCSK_KEX2_1;DOC_USP7_MATH_1;LIG_Arc_Nlobe_1;MOD_Cter_Amidation;MOD_GSK3_1,,,,,,,,,,,,,,
SE_25,-0.539,0.0,CD44,P16070-1_S550,P16070,P16070-1,Canonical,S,550.0,35232834.0,N-Glycosylation,Glycosylation,VTGGRRDPNHsEGSTTLLEGY,False,1.0,,41.0,162.0,41.0,SE,CD44_S550.0,,,,,,,,,,CLV_NRD_NRD_1;CLV_PCSK_KEX2_1;LIG_Arc_Nlobe_1;LIG_PDZ_Class_1,,,,,,,,,,,,,,
SE_25,-0.539,0.0,CD44,P16070-1_S553,P16070,P16070-1,Canonical,S,553.0,35232843.0,N-Glycosylation,Glycosylation,GRRDPNHSEGsTTLLEGYTSH,False,1.0,,50.0,153.0,50.0,SE,CD44_S553.0,,,,,,,,,,DEG_Nend_UBRbox_2;DOC_USP7_MATH_1;LIG_Arc_Nlobe_1;LIG_FHA_1;LIG_FHA_2;MOD_CK2_1;MOD_GSK3_1;MOD_N-GLC_1;MOD_Plk_4,,,,,,,,,,,,,,
SE_25,-0.539,0.0,CD44,P16070-1_T554,P16070,P16070-1,Canonical,T,554.0,35232846.0,N-Glycosylation,Glycosylation,RRDPNHSEGStTLLEGYTSHY,False,1.0,,53.0,150.0,53.0,SE,CD44_T554.0,,,,,,,,,,DOC_USP7_MATH_1;LIG_FHA_2;MOD_CK1_1;MOD_CK2_1;MOD_N-GLC_1;MOD_Plk_4,,,,,,,,,,,,,,
SE_25,-0.539,0.0,CD44,P16070-1_T555,P16070,P16070-1,Canonical,T,555.0,35232849.0,N-Glycosylation,Glycosylation,RDPNHSEGSTtLLEGYTSHYP,False,1.0,,56.0,147.0,56.0,SE,CD44_T555.0,,,,,,,,,,DEG_Nend_UBRbox_3;LIG_FHA_1;MOD_CK1_1,,,,,,,,,,,,,,
SE_25,-0.539,0.0,CD44,P16070-1_Y560,P16070,P16070-1,Canonical,Y,560.0,35232864.0,N-Glycosylation,Glycosylation,SEGSTTLLEGyTSHYPHTKES,False,1.0,,71.0,132.0,71.0,SE,CD44_Y560.0,,,,,,,,,,LIG_BIR_II_1;LIG_FHA_2,,,,,,,,,,,,,,
SE_25,-0.539,0.0,CD44,P16070-1_T561,P16070,P16070-1,Canonical,T,561.0,35232867.0,N-Glycosylation,Glycosylation,EGSTTLLEGYtSHYPHTKESR,False,1.0,,74.0,129.0,74.0,SE,CD44_T561.0,,,,,,,,,,,,,,,,,,,,,,,,
SE_25,-0.539,0.0,CD44,P16070-1_S562,P16070,P16070-1,Canonical,S,562.0,35232870.0,N-Glycosylation,Glycosylation,GSTTLLEGYTsHYPHTKESRT,False,1.0,,77.0,126.0,77.0,SE,CD44_S562.0,,,,,,,,,,LIG_SH2_STAP1;LIG_SH2_STAT5,,,,,,,,,,,,,,
SE_25,-0.539,0.0,CD44,P16070-1_T567,P16070,P16070-1,Canonical,T,567.0,35232885.0,N-Glycosylation,Glycosylation,LEGYTSHYPHtKESRTFIPVT,False,1.0,,92.0,111.0,92.0,SE,CD44_T567.0,,,,,,,,,,DEG_Nend_Nbox_1;LIG_BRCT_BRCA1_1;LIG_SH2_STAP1;LIG_SH2_STAT5,,,,,,,,,,,,,,
SE_25,-0.539,0.0,CD44,P16070-1_S570,P16070,P16070-1,Canonical,S,570.0,35232894.0,N-Glycosylation,Glycosylation,YTSHYPHTKEsRTFIPVTSAK,False,1.0,,101.0,102.0,101.0,SE,CD44_S570.0,,,,,,,,,,DOC_MAPK_gen_1;LIG_LIR_Nem_3;LIG_PDZ_Class_2;TRG_DiLeu_BaEn_2,,,,,,,,,,,,,,
SE_25,-0.539,0.0,CD44,P16070-1_T572,P16070,P16070-1,Canonical,T,572.0,35232900.0,N-Glycosylation;Phosphothreonine,Phosphorylation,SHYPHTKESRtFIPVTSAKTG,False,nan;1.0,1.0;nan,107.0,96.0,96.0,SE,CD44_T572.0,,,,,,,,,,DOC_MAPK_gen_1;LIG_BRCT_BRCA1_1;LIG_LIR_Nem_3;TRG_DiLeu_BaEn_2,,P09038_K261;P09038_K267;P09038_K271;P09038_K277;P01730_S433;P04637_S366;P04637_H115;P04637_S378;P04637_K101;P04637_Y327;P04637_K321;P04637_K321;P04637_K321;P04637_K357;P04637_T312;P04637_K351;P04637_K372;P04637_K372;P04637_K372;P04637_K372;P04637_K292;P04637_K292;P04637_T81;P00533_T648;P00533_N578;P00533_N175;P00533_C311;P00533_T1046;P00533_T1085;P00533_N73;P00533_N568;P00533_C470;P00533_N196;P00533_N444;P00533_C190;P00533_C291;P00533_S645;P00533_T1191;P00533_T1078;P00533_N128;P00533_C329;P00533_S174;P00533_N528;P00533_T1145;P00533_N56;P00533_S1081;P04233_C44;P04233_K170;P04233_K80;P04626_S1235;P04626_S1078;P04626_S1051;P04626_S1050;P04626_S1054;P04626_S1214;P04626_S1151;P04626_S189;P04626_S1113;P04626_S1134;P04626_S653;P04626_S760;P04626_S1107;P04626_S998;P04626_S1049;P04626_S728;P04626_S1083;P04626_S1002;P04626_S703;P04626_S1007;P02452_K751;P02452_K751;P02452_K505;P02452_K505;P02452_K759;P02452_K520;P02452_K520;P02452_P313;P02452_K286;P02452_K397;P02452_K397;P02452_K430;P02452_K1152;P02452_K170;Q13009_Y1323;P11171_S200;P08123_P297;P08123_P210;P08123_P552;P08123_P396;P08123_P261;P08123_P444;P08123_P441;P08123_P108;P08123_P102;P06239_T35;P06239_Y25;P06239_Y263;P06239_T50;P06239_S274;P06239_C3;P06239_C5;P06239_S42;P06239_S158;P06239_T375;P15311_T576;P15311_Y424;P15311_T425;P15311_Y205;P15311_Y201;P15311_Y128;P15311_S539;P15311_T459;P15311_T214;P15311_T533;P15311_Y483;P15311_Y354;P15311_T332;P15311_Y191;P15311_T567;Q15303_N174;Q15303_N576;Q15303_Y1081;Q15303_M993;Q15303_Y1188;Q15303_Y1056;P35240_T21;P35240_Y207;P35240_Y221;P35240_Y144;P35240_Y217;P12931_Y439;P12931_Y530;P12931_Y187;P12931_Y329;P12931_C501;P12931_K62;P12931_Y419;P12931_Y139;P12931_Y134;P12931_Y522;P12931_Y216;P26038_S384;P26038_K151;P08575_Y926;P08575_S456;P08575_Y689;P08575_S1297;P08575_Y544,,,,,,,,,,,CD4->INDUCES;CD74->INDUCES;COL1A1->INDUCES;COL1A2->INDUCES;EGFR->INDUCES;EPB41->INDUCES;ERBB2->INDUCES;ERBB4->INDUCES;EZR->INDUCES;FGF2->INDUCES;LCK->INDUCES;MSN->INDUCES;NF2->INDUCES;PTPRC->INDUCES;SRC->INDUCES;TIAM1->INDUCES;TP53->INDUCES,
SE_25,-0.539,0.0,CD44,P16070-1_T572,P16070,P16070-1,Canonical,T,572.0,35232900.0,N-Glycosylation;Phosphothreonine,Glycosylation,SHYPHTKESRtFIPVTSAKTG,False,nan;1.0,1.0;nan,107.0,96.0,96.0,SE,CD44_T572.0,,,,,,,,,,DOC_MAPK_gen_1;LIG_BRCT_BRCA1_1;LIG_LIR_Nem_3;TRG_DiLeu_BaEn_2,,,,,,,,,,,,,CD4->INDUCES;CD74->INDUCES;COL1A1->INDUCES;COL1A2->INDUCES;EGFR->INDUCES;EPB41->INDUCES;ERBB2->INDUCES;ERBB4->INDUCES;EZR->INDUCES;FGF2->INDUCES;LCK->INDUCES;MSN->INDUCES;NF2->INDUCES;PTPRC->INDUCES;SRC->INDUCES;TIAM1->INDUCES;TP53->INDUCES,
SE_25,-0.539,0.0,CD44,P16070-1_T577,P16070,P16070-1,Canonical,T,577.0,35232915.0,N-Glycosylation,Glycosylation,TKESRTFIPVtSAKTGSFGVT,False,1.0,,122.0,81.0,81.0,SE,CD44_T577.0,,,,,,,,,,DOC_USP7_MATH_1;LIG_BIR_II_1;LIG_LIR_Nem_3;LIG_SxIP_EBH_1;MOD_GlcNHglycan,,,,,,,,,,,,,,
SE_25,-0.539,0.0,CD44,P16070-1_S578,P16070,P16070-1,Canonical,S,578.0,35232918.0,N-Glycosylation,Glycosylation,KESRTFIPVTsAKTGSFGVTA,False,1.0,,125.0,78.0,78.0,SE,CD44_S578.0,,,,,,,,,,DEG_Nend_UBRbox_1;LIG_LIR_Nem_3;LIG_SxIP_EBH_1;MOD_GSK3_1,,,,,,,,,,,,,,
SE_25,-0.539,0.0,CD44,P16070-1_T581,P16070,P16070-1,Canonical,T,581.0,35232927.0,N-Glycosylation,Glycosylation,RTFIPVTSAKtGSFGVTAVTV,False,1.0,,134.0,69.0,69.0,SE,CD44_T581.0,,,,,,,,,,DOC_USP7_MATH_1;MOD_GlcNHglycan;MOD_GSK3_1,,,,,,,,,,,,,,
SE_25,-0.539,0.0,CD44,P16070-1_S583,P16070,P16070-1,Canonical,S,583.0,35232933.0,N-Glycosylation,Glycosylation,FIPVTSAKTGsFGVTAVTVGD,False,1.0,,140.0,63.0,63.0,SE,CD44_S583.0,,,,,,,,,,LIG_PDZ_Class_1;LIG_WD40_WDR5_VDV_2;MOD_CK1_1;MOD_GlcNHglycan,,,,,,,,,,,,,,
SE_25,-0.539,0.0,CD44,P16070-1_T587,P16070,P16070-1,Canonical,T,587.0,35232945.0,Phosphothreonine,Phosphorylation,TSAKTGSFGVtAVTVGDSNSN,False,1.0,,152.0,51.0,51.0,SE,CD44_T587.0,,,,,,,,,,DEG_Nend_UBRbox_1,,P09038_S206;P09038_K261;P09038_Y215;P01730_C419;P01730_C422;P04637_S366;P04637_S378;P04637_Y327;P04637_R209;P00533_T648;P00533_N578;P00533_N175;P00533_C311;P00533_T1085;P00533_N568;P00533_C470;P00533_N444;P00533_C190;P00533_C291;P00533_T1191;P00533_T1078;P00533_N128;P00533_C329;P00533_S174;P00533_N528;P00533_N56;P04233_C44;P04233_K170;P04233_K14;P04233_T132;P04233_N130;P04233_K43;P04233_K80;P04626_S1235;P04626_S1078;P04626_S1051;P04626_S1050;P04626_S1054;P04626_S189;P04626_S1134;P04626_S653;P04626_S1083;P04626_S1007;P02452_K751;P02452_K751;P02452_K505;P02452_K505;P02452_K759;P02452_K265;P02452_K265;P02452_K520;P02452_K520;P02452_K286;P02452_K397;P02452_K397;P02452_K781;P02452_K430;P02452_K1152;P02452_K170;Q13009_Y141;Q13009_Y1414;Q13009_Y1323;Q13009_Y135;Q13009_Y152;P03956_Y411;P03956_K450;P03956_Y360;P15311_S249;P15311_Y291;P15311_S243;P15311_S112;P15311_S66;P15311_K263;P15311_K263;P15311_K237;P15311_Y478;P15311_K262;P15311_K209;P15311_K209;P15311_T57;P15311_Y499;P15311_S144;P15311_S149;P15311_K83;P15311_Y146;P15311_K258;P15311_K139;P15311_K139;P15311_Y483;P15311_K253;P15311_K253;P15311_K254;P15311_K162;P15311_Y270;P15311_K143;P15311_Y137;P15311_K233;P15311_S482;P15311_K211;P15311_K211;P15311_K212;P15311_Y116;P15311_T548;P15311_K296;P15311_K72;P15311_T468;P15311_K79;P15311_K79;P15311_T235;P15311_K230;P35240_S13;P35240_S12;P35240_S10;P35240_Y132;P35240_Y150;P35240_Y153;P35240_S265;P12931_S35;P12931_S190;P12931_S51;P12931_Y439;P12931_S70;P12931_S75;P12931_S39;P12931_G2;P12931_S12;P12931_S17;P12931_Y530;P12931_T101;P12931_Y187;P12931_Y329;P12931_S97;P12931_S306;P12931_S128;P12931_K62;P12931_S69;P12931_Y419;P12931_Y139;P12931_Y134;P12931_Y522;P12931_T246;P12931_S525;P12931_Y216;P26038_S249;P26038_Y291;P26038_S243;P26038_S468;P26038_S74;P26038_S144;P26038_Y146;P26038_K254;P26038_K151;P26038_Y270;P26038_Y134;P26038_Y116;P26038_T469;P06241_S393;P06241_Y531;P06241_S70;P06241_Y440;P06241_G2;P06241_S307;P06241_S102;P06241_S257;P06241_Y420;P06241_Y137;P06241_Y30;P06241_S69;P06241_Y330;P06241_Y132;P06241_Y523;P06241_S135;P06241_S178;P06241_Y214,,,,,,,,,,,CD4->INDUCES;CD74->INDUCES;COL1A1->INDUCES;EGFR->INDUCES;ERBB2->INDUCES;EZR->INDUCES;FGF2->INDUCES;FYN->INDUCES;MMP1->INDUCES;MSN->INDUCES;NF2->INDUCES;SRC->INDUCES;TIAM1->INDUCES;TP53->INDUCES,
SE_25,-0.539,0.0,CD44,P16070-1_N599,P16070,P16070-1,Canonical,N,599.0,35232981.0,N-Glycosylation,Glycosylation,VTVGDSNSNVnRSLSGDQDTF,False,,,188.0,15.0,15.0,SE,CD44_N599.0,,,,,,,,,,MOD_GlcNHglycan;TRG_Pf-PMV_PEXEL_1,,,,,,,,,,,,,,
SE_26,-0.68,0.0,CD44,P16070-1_S291,P16070,P16070-1,Canonical,S,291.0,35219742.0,Phosphoserine,Phosphorylation,ENEDERDRHLsFSGSGIDDDE,False,,,74.0,51.0,51.0,SE,CD44_S291.0,,,,,,,,,,DEG_Nend_UBRbox_2;DOC_PP1_RVXF_1;LIG_PDZ_Class_1;MOD_GlcNHglycan,,P04637_S366;P04637_S183;P04637_S378;P04637_K305;P04637_K305;P04637_K120;P04637_K120;P04637_K101;P04637_S33;P04637_K320;P04637_K320;P04637_K320;P04637_S149;P04637_S149;P04637_S149;P04637_Y327;P04637_K291;P04637_K139;P04637_S362;P04637_K321;P04637_K321;P04637_K321;P04637_K357;P04637_T312;P04637_K319;P04637_K319;P04637_K351;P04637_S20;P04637_S20;P04637_K373;P04637_K373;P04637_K373;P04637_K373;P04637_K372;P04637_K372;P04637_K372;P04637_K372;P04637_K292;P04637_K292;P04637_K370;P04637_K370;P04637_K370;P04637_K370;P04637_K370;P04637_S269;P00533_T648;P00533_N175;P00533_C311;P00533_T1085;P00533_N568;P00533_C470;P00533_C190;P00533_C291;P00533_T1191;P00533_T1078;P00533_C329;P00533_S174;P00533_N528;P04233_C44;P04626_T733;P04626_T1242;P04626_S1235;P04626_S1078;P04626_S1051;P04626_T1240;P04626_S1050;P04626_S1054;P04626_Y1127;P04626_Y923;P04626_S1214;P04626_S1151;P04626_Y1196;P04626_N571;P04626_T1132;P04626_N388;P04626_S189;P04626_S1113;P04626_S1134;P04626_T1117;P04626_Y735;P04626_N68;P04626_Y163;P04626_T701;P04626_T875;P04626_Y877;P04626_Y590;P04626_S653;P04626_S760;P04626_Y1222;P04626_Y1221;P04626_Y1139;P04626_N259;P04626_N427;P04626_T948;P04626_Y1005;P04626_S1107;P04626_Y1023;P04626_S998;P04626_S1049;P04626_N629;P04626_Y1248;P04626_T1124;P04626_Y274;P04626_S1122;P04626_T1166;P04626_T1172;P04626_Y1112;P04626_S728;P04626_S1083;P04626_S1002;P04626_S703;P04626_T1052;P04626_S1007;P04626_N530;P02452_K759;P02452_K286;P02452_K1152;Q13009_Y1323;P11171_S200;P11171_K391;P08123_P558;P08123_P315;P08123_P174;P08123_P408;P08123_P420;P08123_S1104;P08123_P444;P08123_P441;P03956_K450;P03956_S153;P03956_T288;P03956_L102;P03956_S280;P06239_Y25;P06239_Y263;P06239_S274;P06239_C3;P06239_C5;P06239_S42;P06239_S158;P06239_T375;P15311_Y291;P15311_T576;P15311_Y424;P15311_T425;P15311_Y205;P15311_Y478;P15311_Y201;P15311_Y499;P15311_Y128;P15311_S539;P15311_T459;P15311_Y146;P15311_T214;P15311_T533;P15311_Y483;P15311_Y270;P15311_Y137;P15311_Y354;P15311_T332;P15311_Y116;P15311_Y191;P15311_T567;Q15303_N174;Q15303_Y1081;Q15303_Y1262;Q15303_S1289;Q15303_Y1188;Q15303_Y1056;P35240_T581;P35240_Y207;P35240_T576;P35240_Y221;P35240_T556;P35240_Y144;P35240_Y217;P35240_T230;P12931_C501;P12931_K62;P12931_K319;P12931_K319;P26038_T526;P26038_S429;P26038_S56;P26038_Y205;P26038_Y128;P26038_T369;P26038_S144;P26038_T459;P26038_S384;P26038_T539;P26038_K391;P26038_S576;P26038_T558;P26038_Y201;P26038_T425;P26038_Y191;P26038_S527;P26038_T567;P26038_T465;P08575_N240;P08575_Y926;P08575_Y453;P08575_Y689;P08575_S995;P08575_S1297;P08575_S954;P08575_S1283;P06241_Y185;P06241_T457;P06241_K320;P06241_K320;P06241_K322;P06241_S186;P06241_S188;P06241_T217;P06241_T216;P06241_Y91;P06241_Y150;P06241_Y93;P06241_Y339;P06241_Y231,,PKC_group,,,,,,,,,CD74->INDUCES;COL1A1->INDUCES;COL1A2->INDUCES;EGFR->INDUCES;EPB41->INDUCES;ERBB2->INDUCES;ERBB4->INDUCES;EZR->INDUCES;FYN->INDUCES;LCK->INDUCES;MMP1->INDUCES;MSN->INDUCES;NF2->INDUCES;PTPRC->INDUCES;SRC->INDUCES;TIAM1->INDUCES;TP53->INDUCES,PKC_GROUP
SE_26,-0.68,0.0,CD44,P16070-1_S305,P16070,P16070-1,Canonical,S,305.0,35219784.0,Phosphoserine,Phosphorylation,SGIDDDEDFIsSTISTTPRAF,False,,,116.0,9.0,9.0,SE,CD44_S305.0,,,,,,,,,,DEG_Nend_UBRbox_2;MOD_GSK3_1,,P09038_K261;P04637_S366;P04637_H115;P04637_S378;P04637_K305;P04637_K305;P04637_K120;P04637_K120;P04637_K101;P04637_K320;P04637_K320;P04637_K320;P04637_Y327;P04637_K291;P04637_K139;P04637_K321;P04637_K321;P04637_K321;P04637_K357;P04637_T312;P04637_K319;P04637_K319;P04637_K351;P04637_K373;P04637_K373;P04637_K373;P04637_K373;P04637_K372;P04637_K372;P04637_K372;P04637_K372;P04637_K292;P04637_K292;P04637_K370;P04637_K370;P04637_K370;P04637_K370;P04637_K370;P04637_T81;P00533_T648;P00533_N175;P00533_C311;P00533_T1085;P00533_N568;P00533_C470;P00533_N444;P00533_C190;P00533_C291;P00533_S645;P00533_T1191;P00533_T1078;P00533_N128;P00533_C329;P00533_S174;P00533_N528;P04233_C44;P04233_T132;P04233_N130;P10124_S104;P04626_T733;P04626_T1242;P04626_S1235;P04626_S1078;P04626_S1051;P04626_T1240;P04626_S1050;P04626_S1054;P04626_Y1127;P04626_Y923;P04626_S1214;P04626_S1151;P04626_Y1196;P04626_N571;P04626_T1132;P04626_N388;P04626_S189;P04626_S1113;P04626_S1134;P04626_T1117;P04626_Y735;P04626_N68;P04626_Y163;P04626_T701;P04626_T875;P04626_Y877;P04626_Y590;P04626_S653;P04626_S760;P04626_Y1222;P04626_Y1221;P04626_Y1139;P04626_N259;P04626_N427;P04626_T948;P04626_Y1005;P04626_S1107;P04626_Y1023;P04626_S998;P04626_S1049;P04626_N629;P04626_Y1248;P04626_T1124;P04626_Y274;P04626_S1122;P04626_T1166;P04626_T1172;P04626_Y1112;P04626_S728;P04626_S1083;P04626_S1002;P04626_S703;P04626_T1052;P04626_S1007;P04626_N530;P02452_K751;P02452_K751;P02452_K505;P02452_K505;P02452_K759;P02452_K520;P02452_K520;P02452_P313;P02452_K286;P02452_K397;P02452_K397;P02452_K430;P02452_K1152;P02452_K170;P11171_S200;P11171_K391;P08123_P297;P08123_P558;P08123_P315;P08123_P255;P08123_P174;P08123_P192;P08123_P324;P08123_P261;P08123_P408;P08123_P420;P08123_P444;P08123_P441;P08123_P300;P03956_K450;P03956_S153;P03956_T288;P03956_L102;P03956_S280;Q92888_T140;P06239_Y25;P06239_Y263;P06239_S274;P06239_C3;P06239_C5;P06239_S42;P06239_S158;P06239_T375;P15311_Y291;P15311_T576;P15311_Y424;P15311_T425;P15311_Y205;P15311_Y478;P15311_Y201;P15311_Y499;P15311_Y128;P15311_S539;P15311_T459;P15311_Y146;P15311_T214;P15311_T533;P15311_Y483;P15311_Y270;P15311_Y137;P15311_Y354;P15311_T332;P15311_Y116;P15311_Y191;P15311_T567;Q15303_N174;Q15303_Y1081;Q15303_Y1262;Q15303_S1289;Q15303_Y1188;Q15303_Y1056;P35240_T21;P35240_T581;P35240_Y207;P35240_T576;P35240_Y221;P35240_T556;P35240_Y144;P35240_Y217;P35240_T230;P12931_C501;P12931_K62;P12931_D45;P12931_K319;P12931_K319;P26038_T526;P26038_S429;P26038_S56;P26038_Y205;P26038_Y128;P26038_T369;P26038_S144;P26038_T459;P26038_S384;P26038_T539;P26038_K391;P26038_T4;P26038_S576;P26038_T558;P26038_Y201;P26038_T425;P26038_Y191;P26038_S527;P26038_T567;P26038_T465;P08575_N240;P08575_Y926;P08575_Y453;P08575_Y689;P08575_S995;P08575_S1297;P08575_S954;P08575_S1283;P06241_Y185;P06241_T457;P06241_K320;P06241_K320;P06241_K322;P06241_S186;P06241_S188;P06241_T217;P06241_T216;P06241_Y91;P06241_Y150;P06241_Y93;P06241_Y339;P06241_Y231;P14780_S628,,,,,,,,,,,ARHGEF1->INDUCES;CD74->INDUCES;COL1A1->INDUCES;COL1A2->INDUCES;EGFR->INDUCES;EPB41->INDUCES;ERBB2->INDUCES;ERBB4->INDUCES;EZR->INDUCES;FGF2->INDUCES;FYN->INDUCES;LCK->INDUCES;MMP1->INDUCES;MMP9->INDUCES;MSN->INDUCES;NF2->INDUCES;PTPRC->INDUCES;SRC->INDUCES;SRGN->INDUCES;TP53->INDUCES,
SE_28,-0.284,0.0,APLP2,Q06481-1_S311,Q06481,Q06481-1,Canonical,S,311.0,129993515.0,Phosphoserine,Phosphorylation,EITHDVKAVCsQEAMTGPCRA,False,,1.0,8.0,159.0,8.0,SE,APLP2_S311.0,,,,,,,,,,LIG_WD40_WDR5_VDV_2,,,,,,,,,,,,,,
SE_28,-0.284,0.0,APLP2,Q06481-1_T316,Q06481,Q06481-1,Canonical,T,316.0,129993530.0,Phosphothreonine,Phosphorylation,VKAVCSQEAMtGPCRAVMPRW,False,,1.0,23.0,144.0,23.0,SE,APLP2_T316.0,,,,,,,,,,,,,,,,,,,,,,,,
SE_28,-0.284,0.0,APLP2,Q06481-1_Y327,Q06481,Q06481-1,Canonical,Y,327.0,129993563.0,Phosphotyrosine,Phosphorylation,GPCRAVMPRWyFDLSKGKCVR,False,1.0,,56.0,111.0,56.0,SE,APLP2_Y327.0,,,,,,,,,,DEG_Nend_UBRbox_1,,,,,,,,,,,,,,
SE_30,0.051,0.0,TYMS,P04818-1_Y153,P04818,P04818-1,Canonical,Y,153.0,669074.0,Phosphotyrosine,Phosphorylation,GAEYRDMESDySGQGVDQLQR,False,3.0,18.0,2.0,99.0,2.0,SE,TYMS_Y153.0,,,,,,,,,,DEG_Nend_Nbox_1;MOD_CK1_1;MOD_GlcNHglycan;TRG_ENDOCYTIC_2,,P23921_Y738,,,,,,,,,,,RRM1->INDUCES,
SE_30,0.051,0.0,TYMS,P04818-1_S154,P04818,P04818-1,Canonical,S,154.0,669077.0,Phosphoserine,Phosphorylation,AEYRDMESDYsGQGVDQLQRV,False,,1.0,5.0,96.0,5.0,SE,TYMS_S154.0,,,,,,,,,,DEG_CRBN_cyclicCter_1;DEG_Nend_UBRbox_1;LIG_SH2_STAT3,,P23921_S119;P23921_K754;P23921_K180;P23921_K496;P23921_K496,,,,,,,,,,,RRM1->INDUCES,
SE_30,0.051,0.0,TYMS,P04818-1_T167,P04818,P04818-1,Canonical,T,167.0,669116.0,Phosphothreonine,Phosphorylation,GVDQLQRVIDtIKTNPDDRRI,False,,1.0,44.0,57.0,44.0,SE,TYMS_T167.0,,,,,,,,,,DEG_Nend_UBRbox_3,,P23921_S780;P23921_K693;P23921_S119;P23921_S113;P23921_K754;P23921_Y556;P23921_K70;P23921_K180;P23921_S631;P23921_K128;P23921_K689;P23921_K24;P23921_S792;P23921_K496;P23921_K496;P23921_K471;P23921_K376;P23921_K376;P23921_K158;P23921_K590;P23921_K590,,,,,,,,,,,RRM1->INDUCES,
SE_30,0.051,0.0,TYMS,P04818-1_K169,P04818,P04818-1,Canonical,K,169.0,669122.0,Ubiquitination,Ubiquitination,DQLQRVIDTIkTNPDDRRIIM,False,6.0,17.0,50.0,51.0,50.0,SE,TYMS_K169.0,,,,,,,,,,DEG_Nend_UBRbox_3;LIG_FHA_2,,P23921_T422;P23921_T751;P23921_Y553;P23921_Y556;P23921_T555;P23921_T120;P23921_Y486;P23921_K590;P23921_K590,,,,,,,,,,,RRM1->INDUCES,
SE_30,0.051,0.0,TYMS,P04818-1_T170,P04818,P04818-1,Canonical,T,170.0,669125.0,Phosphothreonine,Phosphorylation,QLQRVIDTIKtNPDDRRIIMC,False,1.0,,53.0,48.0,48.0,SE,TYMS_T170.0,,,,phosphorylation,,,,,,DEG_Nend_UBRbox_1;LIG_NRP_CendR_1,,,,,,,,,,,,,,
SE_32,0.151,0.0,CTNND1,O60716-1_M1,O60716,O60716-1,Canonical,M,1.0,57558951.0,N-acetylmethionine,Acetylation,          mDDSEVESTAS,False,,,94.0,194.0,94.0,SE,CTNND1_M1.0,,,,,,,,,,MOD_CK2_1,,,,,,,,,,,,,,
SE_32,0.151,0.0,CTNND1,O60716-1_S4,O60716,O60716-1,Canonical,S,4.0,57558960.0,Phosphoserine,Phosphorylation,       MDDsEVESTASILA,False,7.0,,103.0,185.0,103.0,SE,CTNND1_S4.0,,,,,,,,,,LIG_PDZ_Class_1,,Q86T24_S188;P06241_S393;P06241_T525;P06241_Y28;P06241_S70;P06241_T181;P06241_K182;P06241_Y185;P06241_S186;P06241_S21;P06241_S26;P06241_S41;P06241_S25;P06241_Y30;P06241_S69;P06241_Y523;P16591_S113;P16591_S70;P16591_K166;P16591_Y734;P16591_K610;P16591_K347;P16591_Y229;P16591_S411;P16591_Y492;P16591_K326;P16591_S716;P16591_S434;P16591_T410;P16591_Y402;P16591_S65;P16591_Y200;P16591_Y154;P16591_Y114;P16591_Y199;P16591_S408;P35221_C767;P35221_T878;P35221_T645;P35221_T654;P35221_S323;P35221_T634;P35221_T557;P35221_S304;P35221_S652;P35221_K871;P35221_S455;P35221_T2;P35221_Y280;P35221_S655;P35221_K81;P35221_S754;P35221_K901;P35221_C772;P35221_S668;P35221_Y222;P35221_T372;P35221_Y237;P35221_S641;P29350_Y61;P29350_C102;Q12913_T1284;Q12913_S1011;Q12913_T1314;Q12913_Y1320;Q12913_S1009;Q12913_K1031;Q12913_K1031;P12931_S35;P12931_T524;P12931_S70;P12931_S75;P12931_S39;P12931_K184;P12931_S12;P12931_T183;P12931_S17;P12931_K62;P12931_S69;P12931_T250;P12931_T246;P12931_Y232;Q14247_K35;Q14247_T219;Q14247_S192;Q14247_Y199;P00533_T648;P00533_K716;P00533_K970;P00533_Y801;P00533_T1046;P00533_K867;P00533_K867;P00533_T1085;P00533_N603;P00533_N568;P00533_N361;P00533_N196;P00533_K754;P00533_N623;P00533_T940;P00533_T725;P00533_N352;P00533_S768;P00533_Y117;P00533_Y764;P00533_T1191;P00533_K1182;P00533_T1078;P00533_T693;P00533_N128;P00533_K823;P00533_T1041;P00533_S174;P00533_K1179;P00533_K1179;P00533_T993;P00533_S1070;P00533_T1074;P00533_K714;P00533_K713;P00533_T678;P00533_K960;P00533_T1145;P00533_Y891;P00533_T1141;P00533_N56;P00533_N413;P19022_Y852;P19022_N402;P19022_Y496;P19022_Y820;Q9UMD9_S70;Q9UMD9_N1421;Q6IQ23_T472;Q6IQ23_Y524;Q6IQ23_S643;Q6IQ23_K751;Q6IQ23_T1023;P14923_Y61;P14923_M1;P14923_Y22;P14923_Y729;P14923_S596;P14923_K161;P14923_Y74;P14923_Y53;P14923_Y701;P14923_Y724;P14923_T196;P28827_S540;P28827_N131;P28827_R373;P28827_S854;P28827_S853;P28827_Y273;P28827_S525;Q96RT1_K468;Q96RT1_T619;Q96RT1_K276;Q96RT1_Y1107;Q96RT1_Y1132;P33151_Y784;P33151_N535;P07947_S77;P07947_S76;P07947_S30;P07947_T225;P07947_T226;P07947_K191;P07947_S83;P07947_T463;P35222_S29;P35222_S196;P35222_S191;P35222_S73;P35222_M553;P35222_S718;P35222_T574;P35222_T551;P35222_S473;P35222_C213;P35222_K170;P35222_S605;P35222_S23;P35222_T556;P35222_Y716;P35222_Y709;P35222_S721;P35222_T547,,,,,,,,,,,CDH2->INDUCES;CDH5->INDUCES;COL17A1->INDUCES;CTNNA1->INDUCES;CTNNB1->INDUCES;CTTN->INDUCES;EGFR->INDUCES;ERBIN->INDUCES;FER->INDUCES;FYN->INDUCES;JUP->INDUCES;PLEKHA7->INDUCES;PTPN6->INDUCES;PTPRJ->INDUCES;PTPRM->INDUCES;SRC->INDUCES;YES1->INDUCES;ZBTB33->INDUCES,
SE_32,0.151,0.0,CTNND1,O60716-1_S8,O60716,O60716-1,Canonical,S,8.0,57558972.0,Phosphoserine,Phosphorylation,   MDDSEVEsTASILASVKE,False,,,115.0,173.0,115.0,SE,CTNND1_S8.0,,,,,,,,,,DEG_Nend_UBRbox_2;LIG_FHA_1;LIG_PDZ_Class_2;LIG_WD40_WDR5_VDV_2;MOD_CK2_1;MOD_Plk_4,,,,,,,,,,,,,,
SE_32,0.151,0.0,CTNND1,O60716-1_K25,O60716,O60716-1,Canonical,K,25.0,57559023.0,Ubiquitination,Ubiquitination,SVKEQEAQFEkLTRALEEERR,False,5.0,,166.0,122.0,122.0,SE,CTNND1_K25.0,,,,,,,,,,DEG_Nend_UBRbox_2;LIG_FHA_1;LIG_LIR_Gen_1;LIG_LIR_Nem_3,,Q86T24_S237;Q86T24_S558;Q86T24_Y599;Q86T24_K103;Q86T24_K153;Q86T24_T186;Q86T24_S188;P06241_T527;P06241_T525;P06241_T73;P06241_T181;P06241_T180;P06241_K182;P06241_K322;P06241_Y30;P06241_Y523;P16591_S113;P16591_K166;P16591_Y734;P16591_K610;P16591_K347;P16591_Y229;P16591_S411;P16591_Y492;P16591_K326;P16591_S716;P16591_S434;P16591_T410;P16591_Y402;P16591_S65;P16591_Y200;P16591_Y154;P16591_Y114;P16591_Y199;P16591_S408;P35221_C767;P35221_T878;P35221_K181;P35221_K181;P35221_Y148;P35221_K871;P35221_Y280;P35221_K81;P35221_K901;P35221_C772;P35221_Y222;P35221_S641;P29350_C102;Q12913_N937;Q12913_S1011;Q12913_Y1225;Q12913_T1314;P12931_S35;P12931_T526;P12931_T524;P12931_T72;P12931_S51;P12931_S70;P12931_S75;P12931_S39;P12931_K184;P12931_S12;P12931_T183;P12931_T182;P12931_S17;P12931_T101;P12931_K62;P12931_S69;P12931_T250;P12931_Y522;P12931_T246;P12931_Y232;Q14247_K35;Q14247_Y199;P00533_T648;P00533_K716;P00533_S229;P00533_K970;P00533_N578;P00533_N175;P00533_S1153;P00533_T1046;P00533_K867;P00533_K867;P00533_T1085;P00533_Y1016;P00533_N603;P00533_S1028;P00533_S1026;P00533_N568;P00533_N476;P00533_Y1138;P00533_N361;P00533_N196;P00533_S1036;P00533_S1037;P00533_S1030;P00533_K754;P00533_K913;P00533_S1039;P00533_Y1092;P00533_N623;P00533_S1130;P00533_Y1125;P00533_T940;P00533_T725;P00533_Y585;P00533_N352;P00533_K846;P00533_S1042;P00533_S1045;P00533_Y113;P00533_Y117;P00533_K929;P00533_Y764;P00533_S645;P00533_T1191;P00533_K1182;P00533_Y1172;P00533_K1188;P00533_K737;P00533_Y998;P00533_K346;P00533_Y1069;P00533_T1078;P00533_T693;P00533_S511;P00533_S1104;P00533_N128;P00533_S1064;P00533_K823;P00533_T1041;P00533_K708;P00533_S174;P00533_M987;P00533_R1199;P00533_K1179;P00533_K1179;P00533_T993;P00533_S1070;P00533_T1074;P00533_K714;P00533_S151;P00533_K713;P00533_T678;P00533_K960;P00533_Y891;P00533_T1141;P00533_S995;P00533_S991;P00533_N56;P00533_Y1110;P00533_S1081;P00533_N413;P00533_S720;P19022_Y496;P19022_S61;Q9UMD9_S544;Q9UMD9_Y396;Q9UMD9_T153;Q9UMD9_S56;Q9UMD9_T303;Q9UMD9_S96;Q9UMD9_N1421;Q6IQ23_K751;Q6IQ23_T1023;P14923_Y61;P14923_T14;P14923_T14;P14923_K224;P14923_M1;P14923_Y22;P14923_Y729;P14923_T19;P14923_T58;P14923_T59;P14923_S596;P14923_K161;P14923_T54;P14923_T430;P14923_S68;P14923_Y74;P14923_T728;P14923_Y53;P14923_T564;P14923_Y701;P14923_T21;P14923_Y724;P14923_T196;P14923_T60;P14923_Y480;P28827_S540;P28827_T397;P28827_Y929;P28827_N131;P28827_T408;P28827_R373;P28827_T264;P28827_S533;P28827_T637;P28827_S854;P28827_S853;P28827_T847;P28827_Y273;P28827_Y1448;P28827_S524;P28827_S525;Q96RT1_K468;Q96RT1_S250;Q96RT1_S1325;Q96RT1_T619;Q96RT1_K276;Q96RT1_Y1107;Q96RT1_S1158;Q96RT1_Y1132;P33151_Y784;P33151_N535;P07947_Y529;P07947_K191;P35222_Y64;P35222_K19;P35222_K19;P35222_S196;P35222_K508;P35222_S73;P35222_K335;P35222_M553;P35222_K671;P35222_Y86;P35222_S718;P35222_T574;P35222_T551;P35222_K625;P35222_K435;P35222_K435;P35222_C213;P35222_K170;P35222_S605;P35222_S23;P35222_K233;P35222_T556;P35222_Y716;P35222_Y709;P35222_C381;P35222_K354;P35222_S721,,,,,,,,,,,CDH2->INDUCES;CDH5->INDUCES;COL17A1->INDUCES;CTNNA1->INDUCES;CTNNB1->INDUCES;CTTN->INDUCES;EGFR->INDUCES;ERBIN->INDUCES;FER->INDUCES;FYN->INDUCES;JUP->INDUCES;PLEKHA7->INDUCES;PTPN6->INDUCES;PTPRJ->INDUCES;PTPRM->INDUCES;SRC->INDUCES;YES1->INDUCES;ZBTB33->INDUCES,
SE_32,0.151,0.0,CTNND1,O60716-1_T27,O60716,O60716-1,Canonical,T,27.0,57559029.0,Phosphothreonine,Phosphorylation,KEQEAQFEKLtRALEEERRHV,False,1.0,,172.0,116.0,116.0,SE,CTNND1_T27.0,,,,,,,,,,DEG_Cend_DCAF12_1;DEG_Nend_UBRbox_2;LIG_LIR_Gen_1;LIG_LIR_Nem_3;TRG_Pf-PMV_PEXEL_1,,Q86T24_Y442;Q86T24_Y484;P06241_Y28;P06241_S70;P06241_K182;P06241_S41;P06241_Y30;P06241_Y523;P16591_S113;P16591_K166;P16591_Y734;P16591_S498;P16591_K347;P16591_Y229;P16591_S411;P16591_Y492;P16591_K326;P16591_S716;P16591_S434;P16591_T410;P16591_Y402;P16591_S65;P16591_Y200;P16591_Y154;P16591_S408;P35221_T878;P35221_T645;P35221_Y245;P35221_T654;P35221_T634;P35221_T557;P35221_Y148;P35221_K871;P35221_T2;P35221_Y280;P35221_Y177;P35221_K81;P35221_S754;P35221_K901;P35221_C772;P35221_S668;P35221_Y222;P35221_T372;P35221_Y237;P35221_S641;P29350_C102;Q12913_T1091;Q12913_S1011;Q12913_Y1103;Q12913_Y1225;Q12913_T1314;Q12913_Y1320;Q12913_S1009;Q12913_K1031;Q12913_K1031;P12931_T524;P12931_S70;P12931_K184;P12931_T183;P12931_T250;P12931_Y522;Q14247_K35;Q14247_T219;Q14247_S192;Q14247_Y199;P00533_T648;P00533_K716;P00533_S229;P00533_K970;P00533_Y801;P00533_N175;P00533_T1046;P00533_K867;P00533_K867;P00533_Y1016;P00533_N603;P00533_S1028;P00533_S1026;P00533_N568;P00533_N476;P00533_Y1138;P00533_N361;P00533_N196;P00533_S1037;P00533_K754;P00533_K913;P00533_S1039;P00533_Y1092;P00533_N623;P00533_T940;P00533_T725;P00533_N352;P00533_K846;P00533_S1042;P00533_Y113;P00533_Y117;P00533_Y764;P00533_S645;P00533_T1191;P00533_K1182;P00533_Y1172;P00533_N139;P00533_Y1069;P00533_T1078;P00533_T693;P00533_S1104;P00533_N128;P00533_K823;P00533_T1041;P00533_S174;P00533_K1179;P00533_K1179;P00533_T993;P00533_S1070;P00533_T1074;P00533_K714;P00533_S752;P00533_K713;P00533_T678;P00533_K960;P00533_Y891;P00533_T1141;P00533_S995;P00533_N56;P00533_N413;P19022_Y852;P19022_Y820;Q9UMD9_T156;Q9UMD9_T182;Q6IQ23_Y1035;Q6IQ23_T519;Q6IQ23_T992;Q6IQ23_S986;Q6IQ23_Y345;Q6IQ23_T454;Q6IQ23_T1037;Q6IQ23_S1022;Q6IQ23_K751;Q6IQ23_T1023;P14923_M1;P14923_Y22;P14923_Y729;P14923_K161;P14923_Y53;P14923_Y701;P14923_Y724;P14923_T196;P28827_S540;P28827_N131;P28827_R373;P28827_S533;P28827_S854;P28827_S853;P28827_Y273;P28827_S525;Q96RT1_K468;Q96RT1_T619;Q96RT1_K276;Q96RT1_Y1107;Q96RT1_Y1132;P07947_S197;P07947_T257;P07947_S77;P07947_S76;P07947_S30;P07947_T531;P07947_S44;P07947_S45;P07947_Y32;P07947_S28;P07947_Y16;P07947_Y529;P07947_K191;P07947_S83;P07947_T190;P35222_S196;P35222_S73;P35222_M553;P35222_S718;P35222_T551;P35222_C213;P35222_K170;P35222_S605;P35222_S23;P35222_T556;P35222_Y716;P35222_Y709;P35222_S721,,,,,,,,,,,CDH2->INDUCES;COL17A1->INDUCES;CTNNA1->INDUCES;CTNNB1->INDUCES;CTTN->INDUCES;EGFR->INDUCES;ERBIN->INDUCES;FER->INDUCES;FYN->INDUCES;JUP->INDUCES;PLEKHA7->INDUCES;PTPN6->INDUCES;PTPRJ->INDUCES;PTPRM->INDUCES;SRC->INDUCES;YES1->INDUCES;ZBTB33->INDUCES,
SE_32,0.151,0.0,CTNND1,O60716-1_S38,O60716,O60716-1,Canonical,S,38.0,57559062.0,Phosphoserine,Phosphorylation,RALEEERRHVsAQLERVRVSP,False,2.0,,205.0,83.0,83.0,SE,CTNND1_S38.0,,,,,,,,,,CLV_NRD_NRD_1;CLV_PCSK_KEX2_1;DEG_Nend_UBRbox_2;LIG_PDZ_Class_3,,Q86T24_S237;Q86T24_S558;Q86T24_S567;Q86T24_K623;Q86T24_Y599;Q86T24_K103;Q86T24_S188;P06241_S393;P06241_T525;P06241_Y28;P06241_S70;P06241_T181;P06241_Y185;P06241_S186;P06241_S21;P06241_S26;P06241_S41;P06241_S25;P06241_Y30;P06241_S188;P06241_S69;P06241_Y132;P06241_Y91;P06241_Y523;P16591_S113;P16591_K166;P16591_Y734;P16591_K610;P16591_K347;P16591_Y229;P16591_S411;P16591_Y492;P16591_K326;P16591_S716;P16591_S434;P16591_T410;P16591_Y402;P16591_S65;P16591_Y200;P16591_Y154;P16591_Y199;P16591_S408;P35221_C767;P35221_T878;P35221_T645;P35221_T654;P35221_T634;P35221_T557;P35221_K871;P35221_S455;P35221_T2;P35221_Y177;P35221_S754;P35221_K901;P35221_C772;P35221_S668;P35221_S641;P29350_C102;Q12913_S1011;Q12913_T1314;P12931_S35;P12931_T524;P12931_S51;P12931_S70;P12931_S75;P12931_S39;P12931_G2;P12931_K184;P12931_S12;P12931_T183;P12931_S17;P12931_S128;P12931_K62;P12931_S69;P12931_Y93;P12931_T250;P12931_T246;P12931_S525;P12931_Y232;Q14247_K35;Q14247_T219;Q14247_S192;Q14247_Y199;P00533_T648;P00533_K716;P00533_Y801;P00533_N175;P00533_T1046;P00533_K867;P00533_K867;P00533_T1085;P00533_N603;P00533_N568;P00533_N196;P00533_K754;P00533_N623;P00533_T940;P00533_T725;P00533_S768;P00533_Y117;P00533_Y764;P00533_T1191;P00533_K1182;P00533_K1188;P00533_T1078;P00533_T693;P00533_N128;P00533_K823;P00533_T1041;P00533_S174;P00533_K1179;P00533_K1179;P00533_T993;P00533_T1074;P00533_K714;P00533_K713;P00533_T678;P00533_K960;P00533_T1145;P00533_Y891;P00533_T1141;P00533_N413;P19022_Y852;P19022_N402;P19022_Y820;P19022_S61;Q9UMD9_S56;Q9UMD9_Y80;Q9UMD9_N1421;Q9UMD9_S85;Q6IQ23_Y656;Q6IQ23_T472;Q6IQ23_Y524;Q6IQ23_Y665;Q6IQ23_K751;Q6IQ23_T1023;P14923_Y61;P14923_Y22;P14923_Y729;P14923_S596;P14923_K161;P14923_Y74;P14923_Y53;P14923_Y701;P14923_Y724;P28827_Y273;Q96RT1_T619;Q96RT1_K276;Q96RT1_Y1107;Q96RT1_Y1132;P33151_S776;P33151_Y784;P33151_N535;P33151_N442;P07947_S77;P07947_S76;P07947_T225;P07947_T226;P07947_S45;P07947_K191;P07947_S83;P07947_T463;P35222_S196;P35222_S73;P35222_M553;P35222_S718;P35222_T574;P35222_T551;P35222_C213;P35222_K170;P35222_S605;P35222_S23;P35222_T556;P35222_Y716;P35222_Y709;P35222_S721,,,,,,,,,,,CDH2->INDUCES;CDH5->INDUCES;COL17A1->INDUCES;CTNNA1->INDUCES;CTNNB1->INDUCES;CTTN->INDUCES;EGFR->INDUCES;ERBIN->INDUCES;FER->INDUCES;FYN->INDUCES;JUP->INDUCES;PLEKHA7->INDUCES;PTPN6->INDUCES;PTPRJ->INDUCES;PTPRM->INDUCES;SRC->INDUCES;YES1->INDUCES;ZBTB33->INDUCES,
SE_32,0.151,0.0,CTNND1,O60716-1_S47,O60716,O60716-1,Canonical,S,47.0,57559089.0,Phosphoserine,Phosphorylation,VSAQLERVRVsPQDANPLMAN,False,17.0,,232.0,56.0,56.0,SE,CTNND1_S47.0,,,,,,,,,,DEG_Nend_UBRbox_3;LIG_WD40_WDR5_VDV_2;TRG_Cilium_RVxP_2;TRG_ER_diArg_1,,Q86T24_S237;Q86T24_S558;Q86T24_S567;Q86T24_K623;Q86T24_Y599;Q86T24_K103;Q86T24_K153;Q86T24_K582;Q86T24_T186;Q86T24_S188;P06241_S393;P06241_Y28;P06241_S70;P06241_T181;P06241_Y185;P06241_S21;P06241_S26;P06241_S41;P06241_S25;P06241_Y30;P06241_S69;P06241_Y523;P16591_S113;P16591_K166;P16591_Y734;P16591_K610;P16591_K347;P16591_Y229;P16591_S411;P16591_Y492;P16591_K326;P16591_S716;P16591_S434;P16591_T410;P16591_Y402;P16591_S65;P16591_Y200;P16591_Y154;P16591_Y199;P16591_S408;P35221_C767;P35221_T878;P35221_T645;P35221_T654;P35221_T634;P35221_T557;P35221_K871;P35221_T2;P35221_S754;P35221_K901;P35221_C772;P35221_S668;P35221_T372;P35221_S641;P29350_C102;Q12913_S1011;Q12913_Y1225;Q12913_T1314;Q12913_S1009;Q12913_K1031;Q12913_K1031;P12931_S35;P12931_S225;P12931_S51;P12931_S70;P12931_S75;P12931_S39;P12931_K184;P12931_S12;P12931_T183;P12931_S17;P12931_S128;P12931_K62;P12931_S69;P12931_S525;P12931_Y232;Q14247_K35;Q14247_T219;Q14247_S192;Q14247_Y199;P00533_K716;P00533_N175;P00533_K867;P00533_K867;P00533_N603;P00533_N568;P00533_N361;P00533_N196;P00533_K754;P00533_N623;P00533_S645;P00533_K1182;P00533_K1188;P00533_K346;P00533_N128;P00533_K823;P00533_S174;P00533_K1179;P00533_K1179;P00533_K714;P00533_K713;P00533_K960;P00533_T1141;P00533_N56;P00533_N413;P19022_Y496;P19022_S61;Q9UMD9_S544;Q9UMD9_T153;Q9UMD9_S56;Q9UMD9_T303;Q9UMD9_S1299;Q9UMD9_Y80;Q9UMD9_S96;Q9UMD9_S62;Q9UMD9_S85;Q9UMD9_Y1395;Q6IQ23_K751;Q6IQ23_T1023;P14923_Y61;P14923_M1;P14923_Y22;P14923_Y729;P14923_S596;P14923_K161;P14923_Y74;P14923_Y53;P14923_Y701;P14923_Y724;P28827_R373;Q96RT1_K468;Q96RT1_T619;P33151_S776;P33151_N535;P07947_S77;P07947_S76;P07947_S30;P07947_S45;P07947_S28;P07947_K191;P07947_S83;P35222_S196;P35222_S73;P35222_M553;P35222_T551;P35222_K170;P35222_S605;P35222_S23;P35222_T41;P35222_T556;P35222_Y716;P35222_Y709;P35222_T547,,,,,,,,,,,CDH2->INDUCES;CDH5->INDUCES;COL17A1->INDUCES;CTNNA1->INDUCES;CTNNB1->INDUCES;CTTN->INDUCES;EGFR->INDUCES;ERBIN->INDUCES;FER->INDUCES;FYN->INDUCES;JUP->INDUCES;PLEKHA7->INDUCES;PTPN6->INDUCES;PTPRJ->INDUCES;PTPRM->INDUCES;SRC->INDUCES;YES1->INDUCES;ZBTB33->INDUCES,
SE_32,0.151,0.0,CTNND1,O60716-1_T59,O60716,O60716-1,Canonical,T,59.0,57559125.0,Phosphothreonine,Phosphorylation,QDANPLMANGtLTRRHQNGRF,False,9.0,2.0,268.0,20.0,20.0,SE,CTNND1_T59.0,,,,,,,,,,CLV_NRD_NRD_1;CLV_PCSK_KEX2_1;DEG_CRBN_cyclicCter_1;DEG_Nend_UBRbox_3,,Q86T24_S237;Q86T24_K623;Q86T24_K103;Q86T24_K153;Q86T24_K582;Q86T24_T186;Q86T24_S188;P06241_Y30;P06241_Y523;P16591_S113;P16591_K166;P16591_Y734;P16591_K610;P16591_K347;P16591_Y229;P16591_S411;P16591_Y492;P16591_K326;P16591_S716;P16591_S434;P16591_T410;P16591_Y402;P16591_S65;P16591_Y200;P16591_Y154;P16591_Y199;P16591_S408;P16591_Y497;P35221_T878;P35221_T645;P35221_T654;P35221_T634;P35221_T557;P35221_K871;P35221_S455;P35221_T2;P35221_S754;P35221_C772;P35221_S668;P35221_S641;P29350_Y61;P29350_C102;Q12913_S1011;Q12913_Y1225;Q12913_T1314;Q12913_S1009;Q12913_K1031;Q12913_K1031;P12931_T524;P12931_K184;P12931_T183;P12931_K62;P12931_T250;P12931_T246;Q14247_K35;Q14247_T219;Q14247_S192;Q14247_Y199;P00533_T648;P00533_K716;P00533_Y801;P00533_N175;P00533_T1046;P00533_K867;P00533_K867;P00533_T1085;P00533_N568;P00533_N196;P00533_K754;P00533_N623;P00533_T940;P00533_T725;P00533_S768;P00533_Y117;P00533_Y827;P00533_Y764;P00533_T1191;P00533_K1182;P00533_K1188;P00533_K346;P00533_T1078;P00533_T693;P00533_N128;P00533_K823;P00533_T1041;P00533_S174;P00533_K1179;P00533_K1179;P00533_T993;P00533_Y944;P00533_T1074;P00533_K714;P00533_K713;P00533_T678;P00533_K960;P00533_T1145;P00533_Y891;P00533_T1141;P00533_N56;P00533_N413;P19022_S61;Q9UMD9_T153;Q9UMD9_S56;Q9UMD9_T303;Q9UMD9_S96;Q9UMD9_S85;Q6IQ23_Y345;Q6IQ23_K751;Q6IQ23_T1023;P14923_M1;P14923_Y22;P14923_Y729;P14923_K161;P14923_Y74;P14923_Y53;P14923_Y701;Q96RT1_K468;Q96RT1_T619;P33151_Y784;P33151_N535;P07947_K191;P35222_S29;P35222_S196;P35222_S73;P35222_M553;P35222_S718;P35222_T551;P35222_C213;P35222_K170;P35222_S605;P35222_S23;P35222_T556;P35222_Y716;P35222_Y709;P35222_S721,,,,,,,,,,,CDH2->INDUCES;CDH5->INDUCES;COL17A1->INDUCES;CTNNA1->INDUCES;CTNNB1->INDUCES;CTTN->INDUCES;EGFR->INDUCES;ERBIN->INDUCES;FER->INDUCES;FYN->INDUCES;JUP->INDUCES;PLEKHA7->INDUCES;PTPN6->INDUCES;PTPRJ->INDUCES;SRC->INDUCES;YES1->INDUCES;ZBTB33->INDUCES,
SE_32,0.151,0.0,CTNND1,O60716-1_T61,O60716,O60716-1,Canonical,T,61.0,57559131.0,Phosphothreonine,Phosphorylation,ANPLMANGTLtRRHQNGRFVG,False,1.0,,274.0,14.0,14.0,SE,CTNND1_T61.0,,,,,,,,,,CLV_NRD_NRD_1;CLV_PCSK_KEX2_1;DEG_Nend_Nbox_1;MOD_N-GLC_1,,,,,,,,,,,,,,
SE_33,0.304,0.0,CTNND1,O60716-1_M1,O60716,O60716-1,Canonical,M,1.0,57558951.0,N-acetylmethionine,Acetylation,          mDDSEVESTAS,False,,,94.0,194.0,94.0,SE,CTNND1_M1.0,,,,,,,,,,MOD_CK2_1,,,,,,,,,,,,,,
SE_33,0.304,0.0,CTNND1,O60716-1_S4,O60716,O60716-1,Canonical,S,4.0,57558960.0,Phosphoserine,Phosphorylation,       MDDsEVESTASILA,False,7.0,,103.0,185.0,103.0,SE,CTNND1_S4.0,,,,,,,,,,LIG_PDZ_Class_1,,Q86T24_S188;P06241_S393;P06241_T525;P06241_Y28;P06241_S70;P06241_T181;P06241_K182;P06241_Y185;P06241_S186;P06241_S21;P06241_S26;P06241_S41;P06241_S25;P06241_Y30;P06241_S69;P06241_Y523;P16591_S113;P16591_S70;P16591_K166;P16591_Y734;P16591_K610;P16591_K347;P16591_Y229;P16591_S411;P16591_Y492;P16591_K326;P16591_S716;P16591_S434;P16591_T410;P16591_Y402;P16591_S65;P16591_Y200;P16591_Y154;P16591_Y114;P16591_Y199;P16591_S408;P35221_C767;P35221_T878;P35221_T645;P35221_T654;P35221_S323;P35221_T634;P35221_T557;P35221_S304;P35221_S652;P35221_K871;P35221_S455;P35221_T2;P35221_Y280;P35221_S655;P35221_K81;P35221_S754;P35221_K901;P35221_C772;P35221_S668;P35221_Y222;P35221_T372;P35221_Y237;P35221_S641;P29350_Y61;P29350_C102;Q12913_T1284;Q12913_S1011;Q12913_T1314;Q12913_Y1320;Q12913_S1009;Q12913_K1031;Q12913_K1031;P12931_S35;P12931_T524;P12931_S70;P12931_S75;P12931_S39;P12931_K184;P12931_S12;P12931_T183;P12931_S17;P12931_K62;P12931_S69;P12931_T250;P12931_T246;P12931_Y232;Q14247_K35;Q14247_T219;Q14247_S192;Q14247_Y199;P00533_T648;P00533_K716;P00533_K970;P00533_Y801;P00533_T1046;P00533_K867;P00533_K867;P00533_T1085;P00533_N603;P00533_N568;P00533_N361;P00533_N196;P00533_K754;P00533_N623;P00533_T940;P00533_T725;P00533_N352;P00533_S768;P00533_Y117;P00533_Y764;P00533_T1191;P00533_K1182;P00533_T1078;P00533_T693;P00533_N128;P00533_K823;P00533_T1041;P00533_S174;P00533_K1179;P00533_K1179;P00533_T993;P00533_S1070;P00533_T1074;P00533_K714;P00533_K713;P00533_T678;P00533_K960;P00533_T1145;P00533_Y891;P00533_T1141;P00533_N56;P00533_N413;P19022_Y852;P19022_N402;P19022_Y496;P19022_Y820;Q9UMD9_S70;Q9UMD9_N1421;Q6IQ23_T472;Q6IQ23_Y524;Q6IQ23_S643;Q6IQ23_K751;Q6IQ23_T1023;P14923_Y61;P14923_M1;P14923_Y22;P14923_Y729;P14923_S596;P14923_K161;P14923_Y74;P14923_Y53;P14923_Y701;P14923_Y724;P14923_T196;P28827_S540;P28827_N131;P28827_R373;P28827_S854;P28827_S853;P28827_Y273;P28827_S525;Q96RT1_K468;Q96RT1_T619;Q96RT1_K276;Q96RT1_Y1107;Q96RT1_Y1132;P33151_Y784;P33151_N535;P07947_S77;P07947_S76;P07947_S30;P07947_T225;P07947_T226;P07947_K191;P07947_S83;P07947_T463;P35222_S29;P35222_S196;P35222_S191;P35222_S73;P35222_M553;P35222_S718;P35222_T574;P35222_T551;P35222_S473;P35222_C213;P35222_K170;P35222_S605;P35222_S23;P35222_T556;P35222_Y716;P35222_Y709;P35222_S721;P35222_T547,,,,,,,,,,,CDH2->INDUCES;CDH5->INDUCES;COL17A1->INDUCES;CTNNA1->INDUCES;CTNNB1->INDUCES;CTTN->INDUCES;EGFR->INDUCES;ERBIN->INDUCES;FER->INDUCES;FYN->INDUCES;JUP->INDUCES;PLEKHA7->INDUCES;PTPN6->INDUCES;PTPRJ->INDUCES;PTPRM->INDUCES;SRC->INDUCES;YES1->INDUCES;ZBTB33->INDUCES,
SE_33,0.304,0.0,CTNND1,O60716-1_S8,O60716,O60716-1,Canonical,S,8.0,57558972.0,Phosphoserine,Phosphorylation,   MDDSEVEsTASILASVKE,False,,,115.0,173.0,115.0,SE,CTNND1_S8.0,,,,,,,,,,DEG_Nend_UBRbox_2;LIG_FHA_1;LIG_PDZ_Class_2;LIG_WD40_WDR5_VDV_2;MOD_CK2_1;MOD_Plk_4,,,,,,,,,,,,,,
SE_33,0.304,0.0,CTNND1,O60716-1_K25,O60716,O60716-1,Canonical,K,25.0,57559023.0,Ubiquitination,Ubiquitination,SVKEQEAQFEkLTRALEEERR,False,5.0,,166.0,122.0,122.0,SE,CTNND1_K25.0,,,,,,,,,,DEG_Nend_UBRbox_2;LIG_FHA_1;LIG_LIR_Gen_1;LIG_LIR_Nem_3,,Q86T24_S237;Q86T24_S558;Q86T24_Y599;Q86T24_K103;Q86T24_K153;Q86T24_T186;Q86T24_S188;P06241_T527;P06241_T525;P06241_T73;P06241_T181;P06241_T180;P06241_K182;P06241_K322;P06241_Y30;P06241_Y523;P16591_S113;P16591_K166;P16591_Y734;P16591_K610;P16591_K347;P16591_Y229;P16591_S411;P16591_Y492;P16591_K326;P16591_S716;P16591_S434;P16591_T410;P16591_Y402;P16591_S65;P16591_Y200;P16591_Y154;P16591_Y114;P16591_Y199;P16591_S408;P35221_C767;P35221_T878;P35221_K181;P35221_K181;P35221_Y148;P35221_K871;P35221_Y280;P35221_K81;P35221_K901;P35221_C772;P35221_Y222;P35221_S641;P29350_C102;Q12913_N937;Q12913_S1011;Q12913_Y1225;Q12913_T1314;P12931_S35;P12931_T526;P12931_T524;P12931_T72;P12931_S51;P12931_S70;P12931_S75;P12931_S39;P12931_K184;P12931_S12;P12931_T183;P12931_T182;P12931_S17;P12931_T101;P12931_K62;P12931_S69;P12931_T250;P12931_Y522;P12931_T246;P12931_Y232;Q14247_K35;Q14247_Y199;P00533_T648;P00533_K716;P00533_S229;P00533_K970;P00533_N578;P00533_N175;P00533_S1153;P00533_T1046;P00533_K867;P00533_K867;P00533_T1085;P00533_Y1016;P00533_N603;P00533_S1028;P00533_S1026;P00533_N568;P00533_N476;P00533_Y1138;P00533_N361;P00533_N196;P00533_S1036;P00533_S1037;P00533_S1030;P00533_K754;P00533_K913;P00533_S1039;P00533_Y1092;P00533_N623;P00533_S1130;P00533_Y1125;P00533_T940;P00533_T725;P00533_Y585;P00533_N352;P00533_K846;P00533_S1042;P00533_S1045;P00533_Y113;P00533_Y117;P00533_K929;P00533_Y764;P00533_S645;P00533_T1191;P00533_K1182;P00533_Y1172;P00533_K1188;P00533_K737;P00533_Y998;P00533_K346;P00533_Y1069;P00533_T1078;P00533_T693;P00533_S511;P00533_S1104;P00533_N128;P00533_S1064;P00533_K823;P00533_T1041;P00533_K708;P00533_S174;P00533_M987;P00533_R1199;P00533_K1179;P00533_K1179;P00533_T993;P00533_S1070;P00533_T1074;P00533_K714;P00533_S151;P00533_K713;P00533_T678;P00533_K960;P00533_Y891;P00533_T1141;P00533_S995;P00533_S991;P00533_N56;P00533_Y1110;P00533_S1081;P00533_N413;P00533_S720;P19022_Y496;P19022_S61;Q9UMD9_S544;Q9UMD9_Y396;Q9UMD9_T153;Q9UMD9_S56;Q9UMD9_T303;Q9UMD9_S96;Q9UMD9_N1421;Q6IQ23_K751;Q6IQ23_T1023;P14923_Y61;P14923_T14;P14923_T14;P14923_K224;P14923_M1;P14923_Y22;P14923_Y729;P14923_T19;P14923_T58;P14923_T59;P14923_S596;P14923_K161;P14923_T54;P14923_T430;P14923_S68;P14923_Y74;P14923_T728;P14923_Y53;P14923_T564;P14923_Y701;P14923_T21;P14923_Y724;P14923_T196;P14923_T60;P14923_Y480;P28827_S540;P28827_T397;P28827_Y929;P28827_N131;P28827_T408;P28827_R373;P28827_T264;P28827_S533;P28827_T637;P28827_S854;P28827_S853;P28827_T847;P28827_Y273;P28827_Y1448;P28827_S524;P28827_S525;Q96RT1_K468;Q96RT1_S250;Q96RT1_S1325;Q96RT1_T619;Q96RT1_K276;Q96RT1_Y1107;Q96RT1_S1158;Q96RT1_Y1132;P33151_Y784;P33151_N535;P07947_Y529;P07947_K191;P35222_Y64;P35222_K19;P35222_K19;P35222_S196;P35222_K508;P35222_S73;P35222_K335;P35222_M553;P35222_K671;P35222_Y86;P35222_S718;P35222_T574;P35222_T551;P35222_K625;P35222_K435;P35222_K435;P35222_C213;P35222_K170;P35222_S605;P35222_S23;P35222_K233;P35222_T556;P35222_Y716;P35222_Y709;P35222_C381;P35222_K354;P35222_S721,,,,,,,,,,,CDH2->INDUCES;CDH5->INDUCES;COL17A1->INDUCES;CTNNA1->INDUCES;CTNNB1->INDUCES;CTTN->INDUCES;EGFR->INDUCES;ERBIN->INDUCES;FER->INDUCES;FYN->INDUCES;JUP->INDUCES;PLEKHA7->INDUCES;PTPN6->INDUCES;PTPRJ->INDUCES;PTPRM->INDUCES;SRC->INDUCES;YES1->INDUCES;ZBTB33->INDUCES,
SE_33,0.304,0.0,CTNND1,O60716-1_T27,O60716,O60716-1,Canonical,T,27.0,57559029.0,Phosphothreonine,Phosphorylation,KEQEAQFEKLtRALEEERRHV,False,1.0,,172.0,116.0,116.0,SE,CTNND1_T27.0,,,,,,,,,,DEG_Cend_DCAF12_1;DEG_Nend_UBRbox_2;LIG_LIR_Gen_1;LIG_LIR_Nem_3;TRG_Pf-PMV_PEXEL_1,,Q86T24_Y442;Q86T24_Y484;P06241_Y28;P06241_S70;P06241_K182;P06241_S41;P06241_Y30;P06241_Y523;P16591_S113;P16591_K166;P16591_Y734;P16591_S498;P16591_K347;P16591_Y229;P16591_S411;P16591_Y492;P16591_K326;P16591_S716;P16591_S434;P16591_T410;P16591_Y402;P16591_S65;P16591_Y200;P16591_Y154;P16591_S408;P35221_T878;P35221_T645;P35221_Y245;P35221_T654;P35221_T634;P35221_T557;P35221_Y148;P35221_K871;P35221_T2;P35221_Y280;P35221_Y177;P35221_K81;P35221_S754;P35221_K901;P35221_C772;P35221_S668;P35221_Y222;P35221_T372;P35221_Y237;P35221_S641;P29350_C102;Q12913_T1091;Q12913_S1011;Q12913_Y1103;Q12913_Y1225;Q12913_T1314;Q12913_Y1320;Q12913_S1009;Q12913_K1031;Q12913_K1031;P12931_T524;P12931_S70;P12931_K184;P12931_T183;P12931_T250;P12931_Y522;Q14247_K35;Q14247_T219;Q14247_S192;Q14247_Y199;P00533_T648;P00533_K716;P00533_S229;P00533_K970;P00533_Y801;P00533_N175;P00533_T1046;P00533_K867;P00533_K867;P00533_Y1016;P00533_N603;P00533_S1028;P00533_S1026;P00533_N568;P00533_N476;P00533_Y1138;P00533_N361;P00533_N196;P00533_S1037;P00533_K754;P00533_K913;P00533_S1039;P00533_Y1092;P00533_N623;P00533_T940;P00533_T725;P00533_N352;P00533_K846;P00533_S1042;P00533_Y113;P00533_Y117;P00533_Y764;P00533_S645;P00533_T1191;P00533_K1182;P00533_Y1172;P00533_N139;P00533_Y1069;P00533_T1078;P00533_T693;P00533_S1104;P00533_N128;P00533_K823;P00533_T1041;P00533_S174;P00533_K1179;P00533_K1179;P00533_T993;P00533_S1070;P00533_T1074;P00533_K714;P00533_S752;P00533_K713;P00533_T678;P00533_K960;P00533_Y891;P00533_T1141;P00533_S995;P00533_N56;P00533_N413;P19022_Y852;P19022_Y820;Q9UMD9_T156;Q9UMD9_T182;Q6IQ23_Y1035;Q6IQ23_T519;Q6IQ23_T992;Q6IQ23_S986;Q6IQ23_Y345;Q6IQ23_T454;Q6IQ23_T1037;Q6IQ23_S1022;Q6IQ23_K751;Q6IQ23_T1023;P14923_M1;P14923_Y22;P14923_Y729;P14923_K161;P14923_Y53;P14923_Y701;P14923_Y724;P14923_T196;P28827_S540;P28827_N131;P28827_R373;P28827_S533;P28827_S854;P28827_S853;P28827_Y273;P28827_S525;Q96RT1_K468;Q96RT1_T619;Q96RT1_K276;Q96RT1_Y1107;Q96RT1_Y1132;P07947_S197;P07947_T257;P07947_S77;P07947_S76;P07947_S30;P07947_T531;P07947_S44;P07947_S45;P07947_Y32;P07947_S28;P07947_Y16;P07947_Y529;P07947_K191;P07947_S83;P07947_T190;P35222_S196;P35222_S73;P35222_M553;P35222_S718;P35222_T551;P35222_C213;P35222_K170;P35222_S605;P35222_S23;P35222_T556;P35222_Y716;P35222_Y709;P35222_S721,,,,,,,,,,,CDH2->INDUCES;COL17A1->INDUCES;CTNNA1->INDUCES;CTNNB1->INDUCES;CTTN->INDUCES;EGFR->INDUCES;ERBIN->INDUCES;FER->INDUCES;FYN->INDUCES;JUP->INDUCES;PLEKHA7->INDUCES;PTPN6->INDUCES;PTPRJ->INDUCES;PTPRM->INDUCES;SRC->INDUCES;YES1->INDUCES;ZBTB33->INDUCES,
SE_33,0.304,0.0,CTNND1,O60716-1_S38,O60716,O60716-1,Canonical,S,38.0,57559062.0,Phosphoserine,Phosphorylation,RALEEERRHVsAQLERVRVSP,False,2.0,,205.0,83.0,83.0,SE,CTNND1_S38.0,,,,,,,,,,CLV_NRD_NRD_1;CLV_PCSK_KEX2_1;DEG_Nend_UBRbox_2;LIG_PDZ_Class_3,,Q86T24_S237;Q86T24_S558;Q86T24_S567;Q86T24_K623;Q86T24_Y599;Q86T24_K103;Q86T24_S188;P06241_S393;P06241_T525;P06241_Y28;P06241_S70;P06241_T181;P06241_Y185;P06241_S186;P06241_S21;P06241_S26;P06241_S41;P06241_S25;P06241_Y30;P06241_S188;P06241_S69;P06241_Y132;P06241_Y91;P06241_Y523;P16591_S113;P16591_K166;P16591_Y734;P16591_K610;P16591_K347;P16591_Y229;P16591_S411;P16591_Y492;P16591_K326;P16591_S716;P16591_S434;P16591_T410;P16591_Y402;P16591_S65;P16591_Y200;P16591_Y154;P16591_Y199;P16591_S408;P35221_C767;P35221_T878;P35221_T645;P35221_T654;P35221_T634;P35221_T557;P35221_K871;P35221_S455;P35221_T2;P35221_Y177;P35221_S754;P35221_K901;P35221_C772;P35221_S668;P35221_S641;P29350_C102;Q12913_S1011;Q12913_T1314;P12931_S35;P12931_T524;P12931_S51;P12931_S70;P12931_S75;P12931_S39;P12931_G2;P12931_K184;P12931_S12;P12931_T183;P12931_S17;P12931_S128;P12931_K62;P12931_S69;P12931_Y93;P12931_T250;P12931_T246;P12931_S525;P12931_Y232;Q14247_K35;Q14247_T219;Q14247_S192;Q14247_Y199;P00533_T648;P00533_K716;P00533_Y801;P00533_N175;P00533_T1046;P00533_K867;P00533_K867;P00533_T1085;P00533_N603;P00533_N568;P00533_N196;P00533_K754;P00533_N623;P00533_T940;P00533_T725;P00533_S768;P00533_Y117;P00533_Y764;P00533_T1191;P00533_K1182;P00533_K1188;P00533_T1078;P00533_T693;P00533_N128;P00533_K823;P00533_T1041;P00533_S174;P00533_K1179;P00533_K1179;P00533_T993;P00533_T1074;P00533_K714;P00533_K713;P00533_T678;P00533_K960;P00533_T1145;P00533_Y891;P00533_T1141;P00533_N413;P19022_Y852;P19022_N402;P19022_Y820;P19022_S61;Q9UMD9_S56;Q9UMD9_Y80;Q9UMD9_N1421;Q9UMD9_S85;Q6IQ23_Y656;Q6IQ23_T472;Q6IQ23_Y524;Q6IQ23_Y665;Q6IQ23_K751;Q6IQ23_T1023;P14923_Y61;P14923_Y22;P14923_Y729;P14923_S596;P14923_K161;P14923_Y74;P14923_Y53;P14923_Y701;P14923_Y724;P28827_Y273;Q96RT1_T619;Q96RT1_K276;Q96RT1_Y1107;Q96RT1_Y1132;P33151_S776;P33151_Y784;P33151_N535;P33151_N442;P07947_S77;P07947_S76;P07947_T225;P07947_T226;P07947_S45;P07947_K191;P07947_S83;P07947_T463;P35222_S196;P35222_S73;P35222_M553;P35222_S718;P35222_T574;P35222_T551;P35222_C213;P35222_K170;P35222_S605;P35222_S23;P35222_T556;P35222_Y716;P35222_Y709;P35222_S721,,,,,,,,,,,CDH2->INDUCES;CDH5->INDUCES;COL17A1->INDUCES;CTNNA1->INDUCES;CTNNB1->INDUCES;CTTN->INDUCES;EGFR->INDUCES;ERBIN->INDUCES;FER->INDUCES;FYN->INDUCES;JUP->INDUCES;PLEKHA7->INDUCES;PTPN6->INDUCES;PTPRJ->INDUCES;PTPRM->INDUCES;SRC->INDUCES;YES1->INDUCES;ZBTB33->INDUCES,
SE_33,0.304,0.0,CTNND1,O60716-1_S47,O60716,O60716-1,Canonical,S,47.0,57559089.0,Phosphoserine,Phosphorylation,VSAQLERVRVsPQDANPLMAN,False,17.0,,232.0,56.0,56.0,SE,CTNND1_S47.0,,,,,,,,,,DEG_Nend_UBRbox_3;LIG_WD40_WDR5_VDV_2;TRG_Cilium_RVxP_2;TRG_ER_diArg_1,,Q86T24_S237;Q86T24_S558;Q86T24_S567;Q86T24_K623;Q86T24_Y599;Q86T24_K103;Q86T24_K153;Q86T24_K582;Q86T24_T186;Q86T24_S188;P06241_S393;P06241_Y28;P06241_S70;P06241_T181;P06241_Y185;P06241_S21;P06241_S26;P06241_S41;P06241_S25;P06241_Y30;P06241_S69;P06241_Y523;P16591_S113;P16591_K166;P16591_Y734;P16591_K610;P16591_K347;P16591_Y229;P16591_S411;P16591_Y492;P16591_K326;P16591_S716;P16591_S434;P16591_T410;P16591_Y402;P16591_S65;P16591_Y200;P16591_Y154;P16591_Y199;P16591_S408;P35221_C767;P35221_T878;P35221_T645;P35221_T654;P35221_T634;P35221_T557;P35221_K871;P35221_T2;P35221_S754;P35221_K901;P35221_C772;P35221_S668;P35221_T372;P35221_S641;P29350_C102;Q12913_S1011;Q12913_Y1225;Q12913_T1314;Q12913_S1009;Q12913_K1031;Q12913_K1031;P12931_S35;P12931_S225;P12931_S51;P12931_S70;P12931_S75;P12931_S39;P12931_K184;P12931_S12;P12931_T183;P12931_S17;P12931_S128;P12931_K62;P12931_S69;P12931_S525;P12931_Y232;Q14247_K35;Q14247_T219;Q14247_S192;Q14247_Y199;P00533_K716;P00533_N175;P00533_K867;P00533_K867;P00533_N603;P00533_N568;P00533_N361;P00533_N196;P00533_K754;P00533_N623;P00533_S645;P00533_K1182;P00533_K1188;P00533_K346;P00533_N128;P00533_K823;P00533_S174;P00533_K1179;P00533_K1179;P00533_K714;P00533_K713;P00533_K960;P00533_T1141;P00533_N56;P00533_N413;P19022_Y496;P19022_S61;Q9UMD9_S544;Q9UMD9_T153;Q9UMD9_S56;Q9UMD9_T303;Q9UMD9_S1299;Q9UMD9_Y80;Q9UMD9_S96;Q9UMD9_S62;Q9UMD9_S85;Q9UMD9_Y1395;Q6IQ23_K751;Q6IQ23_T1023;P14923_Y61;P14923_M1;P14923_Y22;P14923_Y729;P14923_S596;P14923_K161;P14923_Y74;P14923_Y53;P14923_Y701;P14923_Y724;P28827_R373;Q96RT1_K468;Q96RT1_T619;P33151_S776;P33151_N535;P07947_S77;P07947_S76;P07947_S30;P07947_S45;P07947_S28;P07947_K191;P07947_S83;P35222_S196;P35222_S73;P35222_M553;P35222_T551;P35222_K170;P35222_S605;P35222_S23;P35222_T41;P35222_T556;P35222_Y716;P35222_Y709;P35222_T547,,,,,,,,,,,CDH2->INDUCES;CDH5->INDUCES;COL17A1->INDUCES;CTNNA1->INDUCES;CTNNB1->INDUCES;CTTN->INDUCES;EGFR->INDUCES;ERBIN->INDUCES;FER->INDUCES;FYN->INDUCES;JUP->INDUCES;PLEKHA7->INDUCES;PTPN6->INDUCES;PTPRJ->INDUCES;PTPRM->INDUCES;SRC->INDUCES;YES1->INDUCES;ZBTB33->INDUCES,
SE_33,0.304,0.0,CTNND1,O60716-1_T59,O60716,O60716-1,Canonical,T,59.0,57559125.0,Phosphothreonine,Phosphorylation,QDANPLMANGtLTRRHQNGRF,False,9.0,2.0,268.0,20.0,20.0,SE,CTNND1_T59.0,,,,,,,,,,CLV_NRD_NRD_1;CLV_PCSK_KEX2_1;DEG_CRBN_cyclicCter_1;DEG_Nend_UBRbox_3,,Q86T24_S237;Q86T24_K623;Q86T24_K103;Q86T24_K153;Q86T24_K582;Q86T24_T186;Q86T24_S188;P06241_Y30;P06241_Y523;P16591_S113;P16591_K166;P16591_Y734;P16591_K610;P16591_K347;P16591_Y229;P16591_S411;P16591_Y492;P16591_K326;P16591_S716;P16591_S434;P16591_T410;P16591_Y402;P16591_S65;P16591_Y200;P16591_Y154;P16591_Y199;P16591_S408;P16591_Y497;P35221_T878;P35221_T645;P35221_T654;P35221_T634;P35221_T557;P35221_K871;P35221_S455;P35221_T2;P35221_S754;P35221_C772;P35221_S668;P35221_S641;P29350_Y61;P29350_C102;Q12913_S1011;Q12913_Y1225;Q12913_T1314;Q12913_S1009;Q12913_K1031;Q12913_K1031;P12931_T524;P12931_K184;P12931_T183;P12931_K62;P12931_T250;P12931_T246;Q14247_K35;Q14247_T219;Q14247_S192;Q14247_Y199;P00533_T648;P00533_K716;P00533_Y801;P00533_N175;P00533_T1046;P00533_K867;P00533_K867;P00533_T1085;P00533_N568;P00533_N196;P00533_K754;P00533_N623;P00533_T940;P00533_T725;P00533_S768;P00533_Y117;P00533_Y827;P00533_Y764;P00533_T1191;P00533_K1182;P00533_K1188;P00533_K346;P00533_T1078;P00533_T693;P00533_N128;P00533_K823;P00533_T1041;P00533_S174;P00533_K1179;P00533_K1179;P00533_T993;P00533_Y944;P00533_T1074;P00533_K714;P00533_K713;P00533_T678;P00533_K960;P00533_T1145;P00533_Y891;P00533_T1141;P00533_N56;P00533_N413;P19022_S61;Q9UMD9_T153;Q9UMD9_S56;Q9UMD9_T303;Q9UMD9_S96;Q9UMD9_S85;Q6IQ23_Y345;Q6IQ23_K751;Q6IQ23_T1023;P14923_M1;P14923_Y22;P14923_Y729;P14923_K161;P14923_Y74;P14923_Y53;P14923_Y701;Q96RT1_K468;Q96RT1_T619;P33151_Y784;P33151_N535;P07947_K191;P35222_S29;P35222_S196;P35222_S73;P35222_M553;P35222_S718;P35222_T551;P35222_C213;P35222_K170;P35222_S605;P35222_S23;P35222_T556;P35222_Y716;P35222_Y709;P35222_S721,,,,,,,,,,,CDH2->INDUCES;CDH5->INDUCES;COL17A1->INDUCES;CTNNA1->INDUCES;CTNNB1->INDUCES;CTTN->INDUCES;EGFR->INDUCES;ERBIN->INDUCES;FER->INDUCES;FYN->INDUCES;JUP->INDUCES;PLEKHA7->INDUCES;PTPN6->INDUCES;PTPRJ->INDUCES;SRC->INDUCES;YES1->INDUCES;ZBTB33->INDUCES,
SE_33,0.304,0.0,CTNND1,O60716-1_T61,O60716,O60716-1,Canonical,T,61.0,57559131.0,Phosphothreonine,Phosphorylation,ANPLMANGTLtRRHQNGRFVG,False,1.0,,274.0,14.0,14.0,SE,CTNND1_T61.0,,,,,,,,,,CLV_NRD_NRD_1;CLV_PCSK_KEX2_1;DEG_Nend_Nbox_1;MOD_N-GLC_1,,,,,,,,,,,,,,
SE_34,-0.111,0.0,CTNND1,O60716-1_S943,O60716,O60716-1,Canonical,S,943.0,57583405.0,Phosphoserine,Phosphorylation,TPLMQDEGQEsLEEELDVLVL,False,2.0,,18.0,68.0,18.0,SE,CTNND1_S943.0,,,,,,,,,,DEG_Nend_UBRbox_3,,,,,,,,,,,,,,
SE_34,-0.111,0.0,CTNND1,O60716-1_Y962,O60716,O60716-1,Canonical,Y,962.0,57583462.0,Phosphotyrosine,Phosphorylation,VLDDEGGQVSyPSMQKI    ,False,1.0,18.0,75.0,11.0,11.0,SE,CTNND1_Y962.0,,,,,,,,,,DEG_Nend_UBRbox_2;LIG_SH3_3;MOD_CK1_1,,Q86T24_Y442;Q86T24_K153;Q86T24_T186;Q86T24_Y484;P06241_S70;P06241_T181;P06241_S41;P06241_Y30;P06241_S69;P06241_Y523;P16591_K166;P16591_Y734;P16591_Y229;P16591_S411;P16591_Y402;P16591_Y200;P16591_Y154;P16591_Y199;P16591_S408;P35221_T878;P35221_C772;P35221_S668;P35221_S641;P29350_C102;P00533_N175;P00533_K346;P19022_K667;P19022_S61;Q6IQ23_K751;Q6IQ23_T1023;P14923_Y61;P14923_Y22;P14923_Y729;P14923_K161;P14923_Y74;P14923_Y53;P14923_Y701;P14923_Y724;P33151_Y784;P35222_S73;P35222_K170;P35222_S23;P35222_T556,,,,,,,,,,,CDH2->INDUCES;CDH5->INDUCES;CTNNA1->INDUCES;CTNNB1->INDUCES;EGFR->INDUCES;FER->INDUCES;FYN->INDUCES;JUP->INDUCES;PLEKHA7->INDUCES;PTPN6->INDUCES;ZBTB33->INDUCES,
SE_34,-0.111,0.0,CTNND1,O60716-1_S964,O60716,O60716-1,Canonical,S,964.0,57583468.0,Phosphoserine,Phosphorylation,DDEGGQVSYPsMQKI      ,False,1.0,,81.0,5.0,5.0,SE,CTNND1_S964.0,,,,,,,,,,LIG_LYPXL_yS_3;LIG_SH3_3;MOD_NMyristoyl;TRG_ENDOCYTIC_2,,,,,,,,,,,,,,
SE_35,0.127,0.0,CTNND1,O60716-1_S8,O60716,O60716-1,Canonical,S,8.0,57558972.0,Phosphoserine,Phosphorylation,   MDDSEVEsTASILASVKE,False,,,6.0,173.0,6.0,SE,CTNND1_S8.0,,,,,,,,,,DEG_Nend_UBRbox_2;LIG_FHA_1;LIG_PDZ_Class_2;LIG_WD40_WDR5_VDV_2;MOD_CK2_1;MOD_Plk_4,,,,,,,,,,,,,,
SE_35,0.127,0.0,CTNND1,O60716-1_K25,O60716,O60716-1,Canonical,K,25.0,57559023.0,Ubiquitination,Ubiquitination,SVKEQEAQFEkLTRALEEERR,False,5.0,,57.0,122.0,57.0,SE,CTNND1_K25.0,,,,,,,,,,DEG_Nend_UBRbox_2;LIG_FHA_1;LIG_LIR_Gen_1;LIG_LIR_Nem_3,,Q86T24_S237;Q86T24_S558;Q86T24_Y599;Q86T24_K103;Q86T24_K153;Q86T24_T186;Q86T24_S188;P06241_T527;P06241_T525;P06241_T73;P06241_T181;P06241_T180;P06241_K182;P06241_K322;P06241_Y30;P06241_Y523;P16591_S113;P16591_K166;P16591_Y734;P16591_K610;P16591_K347;P16591_Y229;P16591_S411;P16591_Y492;P16591_K326;P16591_S716;P16591_S434;P16591_T410;P16591_Y402;P16591_S65;P16591_Y200;P16591_Y154;P16591_Y114;P16591_Y199;P16591_S408;P35221_C767;P35221_T878;P35221_K181;P35221_K181;P35221_Y148;P35221_K871;P35221_Y280;P35221_K81;P35221_K901;P35221_C772;P35221_Y222;P35221_S641;P29350_C102;Q12913_N937;Q12913_S1011;Q12913_Y1225;Q12913_T1314;P12931_S35;P12931_T526;P12931_T524;P12931_T72;P12931_S51;P12931_S70;P12931_S75;P12931_S39;P12931_K184;P12931_S12;P12931_T183;P12931_T182;P12931_S17;P12931_T101;P12931_K62;P12931_S69;P12931_T250;P12931_Y522;P12931_T246;P12931_Y232;Q14247_K35;Q14247_Y199;P00533_T648;P00533_K716;P00533_S229;P00533_K970;P00533_N578;P00533_N175;P00533_S1153;P00533_T1046;P00533_K867;P00533_K867;P00533_T1085;P00533_Y1016;P00533_N603;P00533_S1028;P00533_S1026;P00533_N568;P00533_N476;P00533_Y1138;P00533_N361;P00533_N196;P00533_S1036;P00533_S1037;P00533_S1030;P00533_K754;P00533_K913;P00533_S1039;P00533_Y1092;P00533_N623;P00533_S1130;P00533_Y1125;P00533_T940;P00533_T725;P00533_Y585;P00533_N352;P00533_K846;P00533_S1042;P00533_S1045;P00533_Y113;P00533_Y117;P00533_K929;P00533_Y764;P00533_S645;P00533_T1191;P00533_K1182;P00533_Y1172;P00533_K1188;P00533_K737;P00533_Y998;P00533_K346;P00533_Y1069;P00533_T1078;P00533_T693;P00533_S511;P00533_S1104;P00533_N128;P00533_S1064;P00533_K823;P00533_T1041;P00533_K708;P00533_S174;P00533_M987;P00533_R1199;P00533_K1179;P00533_K1179;P00533_T993;P00533_S1070;P00533_T1074;P00533_K714;P00533_S151;P00533_K713;P00533_T678;P00533_K960;P00533_Y891;P00533_T1141;P00533_S995;P00533_S991;P00533_N56;P00533_Y1110;P00533_S1081;P00533_N413;P00533_S720;P19022_Y496;P19022_S61;Q9UMD9_S544;Q9UMD9_Y396;Q9UMD9_T153;Q9UMD9_S56;Q9UMD9_T303;Q9UMD9_S96;Q9UMD9_N1421;Q6IQ23_K751;Q6IQ23_T1023;P14923_Y61;P14923_T14;P14923_T14;P14923_K224;P14923_M1;P14923_Y22;P14923_Y729;P14923_T19;P14923_T58;P14923_T59;P14923_S596;P14923_K161;P14923_T54;P14923_T430;P14923_S68;P14923_Y74;P14923_T728;P14923_Y53;P14923_T564;P14923_Y701;P14923_T21;P14923_Y724;P14923_T196;P14923_T60;P14923_Y480;P28827_S540;P28827_T397;P28827_Y929;P28827_N131;P28827_T408;P28827_R373;P28827_T264;P28827_S533;P28827_T637;P28827_S854;P28827_S853;P28827_T847;P28827_Y273;P28827_Y1448;P28827_S524;P28827_S525;Q96RT1_K468;Q96RT1_S250;Q96RT1_S1325;Q96RT1_T619;Q96RT1_K276;Q96RT1_Y1107;Q96RT1_S1158;Q96RT1_Y1132;P33151_Y784;P33151_N535;P07947_Y529;P07947_K191;P35222_Y64;P35222_K19;P35222_K19;P35222_S196;P35222_K508;P35222_S73;P35222_K335;P35222_M553;P35222_K671;P35222_Y86;P35222_S718;P35222_T574;P35222_T551;P35222_K625;P35222_K435;P35222_K435;P35222_C213;P35222_K170;P35222_S605;P35222_S23;P35222_K233;P35222_T556;P35222_Y716;P35222_Y709;P35222_C381;P35222_K354;P35222_S721,,,,,,,,,,,CDH2->INDUCES;CDH5->INDUCES;COL17A1->INDUCES;CTNNA1->INDUCES;CTNNB1->INDUCES;CTTN->INDUCES;EGFR->INDUCES;ERBIN->INDUCES;FER->INDUCES;FYN->INDUCES;JUP->INDUCES;PLEKHA7->INDUCES;PTPN6->INDUCES;PTPRJ->INDUCES;PTPRM->INDUCES;SRC->INDUCES;YES1->INDUCES;ZBTB33->INDUCES,
SE_35,0.127,0.0,CTNND1,O60716-1_T27,O60716,O60716-1,Canonical,T,27.0,57559029.0,Phosphothreonine,Phosphorylation,KEQEAQFEKLtRALEEERRHV,False,1.0,,63.0,116.0,63.0,SE,CTNND1_T27.0,,,,,,,,,,DEG_Cend_DCAF12_1;DEG_Nend_UBRbox_2;LIG_LIR_Gen_1;LIG_LIR_Nem_3;TRG_Pf-PMV_PEXEL_1,,Q86T24_Y442;Q86T24_Y484;P06241_Y28;P06241_S70;P06241_K182;P06241_S41;P06241_Y30;P06241_Y523;P16591_S113;P16591_K166;P16591_Y734;P16591_S498;P16591_K347;P16591_Y229;P16591_S411;P16591_Y492;P16591_K326;P16591_S716;P16591_S434;P16591_T410;P16591_Y402;P16591_S65;P16591_Y200;P16591_Y154;P16591_S408;P35221_T878;P35221_T645;P35221_Y245;P35221_T654;P35221_T634;P35221_T557;P35221_Y148;P35221_K871;P35221_T2;P35221_Y280;P35221_Y177;P35221_K81;P35221_S754;P35221_K901;P35221_C772;P35221_S668;P35221_Y222;P35221_T372;P35221_Y237;P35221_S641;P29350_C102;Q12913_T1091;Q12913_S1011;Q12913_Y1103;Q12913_Y1225;Q12913_T1314;Q12913_Y1320;Q12913_S1009;Q12913_K1031;Q12913_K1031;P12931_T524;P12931_S70;P12931_K184;P12931_T183;P12931_T250;P12931_Y522;Q14247_K35;Q14247_T219;Q14247_S192;Q14247_Y199;P00533_T648;P00533_K716;P00533_S229;P00533_K970;P00533_Y801;P00533_N175;P00533_T1046;P00533_K867;P00533_K867;P00533_Y1016;P00533_N603;P00533_S1028;P00533_S1026;P00533_N568;P00533_N476;P00533_Y1138;P00533_N361;P00533_N196;P00533_S1037;P00533_K754;P00533_K913;P00533_S1039;P00533_Y1092;P00533_N623;P00533_T940;P00533_T725;P00533_N352;P00533_K846;P00533_S1042;P00533_Y113;P00533_Y117;P00533_Y764;P00533_S645;P00533_T1191;P00533_K1182;P00533_Y1172;P00533_N139;P00533_Y1069;P00533_T1078;P00533_T693;P00533_S1104;P00533_N128;P00533_K823;P00533_T1041;P00533_S174;P00533_K1179;P00533_K1179;P00533_T993;P00533_S1070;P00533_T1074;P00533_K714;P00533_S752;P00533_K713;P00533_T678;P00533_K960;P00533_Y891;P00533_T1141;P00533_S995;P00533_N56;P00533_N413;P19022_Y852;P19022_Y820;Q9UMD9_T156;Q9UMD9_T182;Q6IQ23_Y1035;Q6IQ23_T519;Q6IQ23_T992;Q6IQ23_S986;Q6IQ23_Y345;Q6IQ23_T454;Q6IQ23_T1037;Q6IQ23_S1022;Q6IQ23_K751;Q6IQ23_T1023;P14923_M1;P14923_Y22;P14923_Y729;P14923_K161;P14923_Y53;P14923_Y701;P14923_Y724;P14923_T196;P28827_S540;P28827_N131;P28827_R373;P28827_S533;P28827_S854;P28827_S853;P28827_Y273;P28827_S525;Q96RT1_K468;Q96RT1_T619;Q96RT1_K276;Q96RT1_Y1107;Q96RT1_Y1132;P07947_S197;P07947_T257;P07947_S77;P07947_S76;P07947_S30;P07947_T531;P07947_S44;P07947_S45;P07947_Y32;P07947_S28;P07947_Y16;P07947_Y529;P07947_K191;P07947_S83;P07947_T190;P35222_S196;P35222_S73;P35222_M553;P35222_S718;P35222_T551;P35222_C213;P35222_K170;P35222_S605;P35222_S23;P35222_T556;P35222_Y716;P35222_Y709;P35222_S721,,,,,,,,,,,CDH2->INDUCES;COL17A1->INDUCES;CTNNA1->INDUCES;CTNNB1->INDUCES;CTTN->INDUCES;EGFR->INDUCES;ERBIN->INDUCES;FER->INDUCES;FYN->INDUCES;JUP->INDUCES;PLEKHA7->INDUCES;PTPN6->INDUCES;PTPRJ->INDUCES;PTPRM->INDUCES;SRC->INDUCES;YES1->INDUCES;ZBTB33->INDUCES,
SE_35,0.127,0.0,CTNND1,O60716-1_S38,O60716,O60716-1,Canonical,S,38.0,57559062.0,Phosphoserine,Phosphorylation,RALEEERRHVsAQLERVRVSP,False,2.0,,96.0,83.0,83.0,SE,CTNND1_S38.0,,,,,,,,,,CLV_NRD_NRD_1;CLV_PCSK_KEX2_1;DEG_Nend_UBRbox_2;LIG_PDZ_Class_3,,Q86T24_S237;Q86T24_S558;Q86T24_S567;Q86T24_K623;Q86T24_Y599;Q86T24_K103;Q86T24_S188;P06241_S393;P06241_T525;P06241_Y28;P06241_S70;P06241_T181;P06241_Y185;P06241_S186;P06241_S21;P06241_S26;P06241_S41;P06241_S25;P06241_Y30;P06241_S188;P06241_S69;P06241_Y132;P06241_Y91;P06241_Y523;P16591_S113;P16591_K166;P16591_Y734;P16591_K610;P16591_K347;P16591_Y229;P16591_S411;P16591_Y492;P16591_K326;P16591_S716;P16591_S434;P16591_T410;P16591_Y402;P16591_S65;P16591_Y200;P16591_Y154;P16591_Y199;P16591_S408;P35221_C767;P35221_T878;P35221_T645;P35221_T654;P35221_T634;P35221_T557;P35221_K871;P35221_S455;P35221_T2;P35221_Y177;P35221_S754;P35221_K901;P35221_C772;P35221_S668;P35221_S641;P29350_C102;Q12913_S1011;Q12913_T1314;P12931_S35;P12931_T524;P12931_S51;P12931_S70;P12931_S75;P12931_S39;P12931_G2;P12931_K184;P12931_S12;P12931_T183;P12931_S17;P12931_S128;P12931_K62;P12931_S69;P12931_Y93;P12931_T250;P12931_T246;P12931_S525;P12931_Y232;Q14247_K35;Q14247_T219;Q14247_S192;Q14247_Y199;P00533_T648;P00533_K716;P00533_Y801;P00533_N175;P00533_T1046;P00533_K867;P00533_K867;P00533_T1085;P00533_N603;P00533_N568;P00533_N196;P00533_K754;P00533_N623;P00533_T940;P00533_T725;P00533_S768;P00533_Y117;P00533_Y764;P00533_T1191;P00533_K1182;P00533_K1188;P00533_T1078;P00533_T693;P00533_N128;P00533_K823;P00533_T1041;P00533_S174;P00533_K1179;P00533_K1179;P00533_T993;P00533_T1074;P00533_K714;P00533_K713;P00533_T678;P00533_K960;P00533_T1145;P00533_Y891;P00533_T1141;P00533_N413;P19022_Y852;P19022_N402;P19022_Y820;P19022_S61;Q9UMD9_S56;Q9UMD9_Y80;Q9UMD9_N1421;Q9UMD9_S85;Q6IQ23_Y656;Q6IQ23_T472;Q6IQ23_Y524;Q6IQ23_Y665;Q6IQ23_K751;Q6IQ23_T1023;P14923_Y61;P14923_Y22;P14923_Y729;P14923_S596;P14923_K161;P14923_Y74;P14923_Y53;P14923_Y701;P14923_Y724;P28827_Y273;Q96RT1_T619;Q96RT1_K276;Q96RT1_Y1107;Q96RT1_Y1132;P33151_S776;P33151_Y784;P33151_N535;P33151_N442;P07947_S77;P07947_S76;P07947_T225;P07947_T226;P07947_S45;P07947_K191;P07947_S83;P07947_T463;P35222_S196;P35222_S73;P35222_M553;P35222_S718;P35222_T574;P35222_T551;P35222_C213;P35222_K170;P35222_S605;P35222_S23;P35222_T556;P35222_Y716;P35222_Y709;P35222_S721,,,,,,,,,,,CDH2->INDUCES;CDH5->INDUCES;COL17A1->INDUCES;CTNNA1->INDUCES;CTNNB1->INDUCES;CTTN->INDUCES;EGFR->INDUCES;ERBIN->INDUCES;FER->INDUCES;FYN->INDUCES;JUP->INDUCES;PLEKHA7->INDUCES;PTPN6->INDUCES;PTPRJ->INDUCES;PTPRM->INDUCES;SRC->INDUCES;YES1->INDUCES;ZBTB33->INDUCES,
SE_35,0.127,0.0,CTNND1,O60716-1_S47,O60716,O60716-1,Canonical,S,47.0,57559089.0,Phosphoserine,Phosphorylation,VSAQLERVRVsPQDANPLMAN,False,17.0,,123.0,56.0,56.0,SE,CTNND1_S47.0,,,,,,,,,,DEG_Nend_UBRbox_3;LIG_WD40_WDR5_VDV_2;TRG_Cilium_RVxP_2;TRG_ER_diArg_1,,Q86T24_S237;Q86T24_S558;Q86T24_S567;Q86T24_K623;Q86T24_Y599;Q86T24_K103;Q86T24_K153;Q86T24_K582;Q86T24_T186;Q86T24_S188;P06241_S393;P06241_Y28;P06241_S70;P06241_T181;P06241_Y185;P06241_S21;P06241_S26;P06241_S41;P06241_S25;P06241_Y30;P06241_S69;P06241_Y523;P16591_S113;P16591_K166;P16591_Y734;P16591_K610;P16591_K347;P16591_Y229;P16591_S411;P16591_Y492;P16591_K326;P16591_S716;P16591_S434;P16591_T410;P16591_Y402;P16591_S65;P16591_Y200;P16591_Y154;P16591_Y199;P16591_S408;P35221_C767;P35221_T878;P35221_T645;P35221_T654;P35221_T634;P35221_T557;P35221_K871;P35221_T2;P35221_S754;P35221_K901;P35221_C772;P35221_S668;P35221_T372;P35221_S641;P29350_C102;Q12913_S1011;Q12913_Y1225;Q12913_T1314;Q12913_S1009;Q12913_K1031;Q12913_K1031;P12931_S35;P12931_S225;P12931_S51;P12931_S70;P12931_S75;P12931_S39;P12931_K184;P12931_S12;P12931_T183;P12931_S17;P12931_S128;P12931_K62;P12931_S69;P12931_S525;P12931_Y232;Q14247_K35;Q14247_T219;Q14247_S192;Q14247_Y199;P00533_K716;P00533_N175;P00533_K867;P00533_K867;P00533_N603;P00533_N568;P00533_N361;P00533_N196;P00533_K754;P00533_N623;P00533_S645;P00533_K1182;P00533_K1188;P00533_K346;P00533_N128;P00533_K823;P00533_S174;P00533_K1179;P00533_K1179;P00533_K714;P00533_K713;P00533_K960;P00533_T1141;P00533_N56;P00533_N413;P19022_Y496;P19022_S61;Q9UMD9_S544;Q9UMD9_T153;Q9UMD9_S56;Q9UMD9_T303;Q9UMD9_S1299;Q9UMD9_Y80;Q9UMD9_S96;Q9UMD9_S62;Q9UMD9_S85;Q9UMD9_Y1395;Q6IQ23_K751;Q6IQ23_T1023;P14923_Y61;P14923_M1;P14923_Y22;P14923_Y729;P14923_S596;P14923_K161;P14923_Y74;P14923_Y53;P14923_Y701;P14923_Y724;P28827_R373;Q96RT1_K468;Q96RT1_T619;P33151_S776;P33151_N535;P07947_S77;P07947_S76;P07947_S30;P07947_S45;P07947_S28;P07947_K191;P07947_S83;P35222_S196;P35222_S73;P35222_M553;P35222_T551;P35222_K170;P35222_S605;P35222_S23;P35222_T41;P35222_T556;P35222_Y716;P35222_Y709;P35222_T547,,,,,,,,,,,CDH2->INDUCES;CDH5->INDUCES;COL17A1->INDUCES;CTNNA1->INDUCES;CTNNB1->INDUCES;CTTN->INDUCES;EGFR->INDUCES;ERBIN->INDUCES;FER->INDUCES;FYN->INDUCES;JUP->INDUCES;PLEKHA7->INDUCES;PTPN6->INDUCES;PTPRJ->INDUCES;PTPRM->INDUCES;SRC->INDUCES;YES1->INDUCES;ZBTB33->INDUCES,
SE_35,0.127,0.0,CTNND1,O60716-1_T59,O60716,O60716-1,Canonical,T,59.0,57559125.0,Phosphothreonine,Phosphorylation,QDANPLMANGtLTRRHQNGRF,False,9.0,2.0,159.0,20.0,20.0,SE,CTNND1_T59.0,,,,,,,,,,CLV_NRD_NRD_1;CLV_PCSK_KEX2_1;DEG_CRBN_cyclicCter_1;DEG_Nend_UBRbox_3,,Q86T24_S237;Q86T24_K623;Q86T24_K103;Q86T24_K153;Q86T24_K582;Q86T24_T186;Q86T24_S188;P06241_Y30;P06241_Y523;P16591_S113;P16591_K166;P16591_Y734;P16591_K610;P16591_K347;P16591_Y229;P16591_S411;P16591_Y492;P16591_K326;P16591_S716;P16591_S434;P16591_T410;P16591_Y402;P16591_S65;P16591_Y200;P16591_Y154;P16591_Y199;P16591_S408;P16591_Y497;P35221_T878;P35221_T645;P35221_T654;P35221_T634;P35221_T557;P35221_K871;P35221_S455;P35221_T2;P35221_S754;P35221_C772;P35221_S668;P35221_S641;P29350_Y61;P29350_C102;Q12913_S1011;Q12913_Y1225;Q12913_T1314;Q12913_S1009;Q12913_K1031;Q12913_K1031;P12931_T524;P12931_K184;P12931_T183;P12931_K62;P12931_T250;P12931_T246;Q14247_K35;Q14247_T219;Q14247_S192;Q14247_Y199;P00533_T648;P00533_K716;P00533_Y801;P00533_N175;P00533_T1046;P00533_K867;P00533_K867;P00533_T1085;P00533_N568;P00533_N196;P00533_K754;P00533_N623;P00533_T940;P00533_T725;P00533_S768;P00533_Y117;P00533_Y827;P00533_Y764;P00533_T1191;P00533_K1182;P00533_K1188;P00533_K346;P00533_T1078;P00533_T693;P00533_N128;P00533_K823;P00533_T1041;P00533_S174;P00533_K1179;P00533_K1179;P00533_T993;P00533_Y944;P00533_T1074;P00533_K714;P00533_K713;P00533_T678;P00533_K960;P00533_T1145;P00533_Y891;P00533_T1141;P00533_N56;P00533_N413;P19022_S61;Q9UMD9_T153;Q9UMD9_S56;Q9UMD9_T303;Q9UMD9_S96;Q9UMD9_S85;Q6IQ23_Y345;Q6IQ23_K751;Q6IQ23_T1023;P14923_M1;P14923_Y22;P14923_Y729;P14923_K161;P14923_Y74;P14923_Y53;P14923_Y701;Q96RT1_K468;Q96RT1_T619;P33151_Y784;P33151_N535;P07947_K191;P35222_S29;P35222_S196;P35222_S73;P35222_M553;P35222_S718;P35222_T551;P35222_C213;P35222_K170;P35222_S605;P35222_S23;P35222_T556;P35222_Y716;P35222_Y709;P35222_S721,,,,,,,,,,,CDH2->INDUCES;CDH5->INDUCES;COL17A1->INDUCES;CTNNA1->INDUCES;CTNNB1->INDUCES;CTTN->INDUCES;EGFR->INDUCES;ERBIN->INDUCES;FER->INDUCES;FYN->INDUCES;JUP->INDUCES;PLEKHA7->INDUCES;PTPN6->INDUCES;PTPRJ->INDUCES;SRC->INDUCES;YES1->INDUCES;ZBTB33->INDUCES,
SE_35,0.127,0.0,CTNND1,O60716-1_T61,O60716,O60716-1,Canonical,T,61.0,57559131.0,Phosphothreonine,Phosphorylation,ANPLMANGTLtRRHQNGRFVG,False,1.0,,165.0,14.0,14.0,SE,CTNND1_T61.0,,,,,,,,,,CLV_NRD_NRD_1;CLV_PCSK_KEX2_1;DEG_Nend_Nbox_1;MOD_N-GLC_1,,,,,,,,,,,,,,
SE_36,0.127,0.0,CTNND1,O60716-1_S8,O60716,O60716-1,Canonical,S,8.0,57558972.0,Phosphoserine,Phosphorylation,   MDDSEVEsTASILASVKE,False,,,8.0,173.0,8.0,SE,CTNND1_S8.0,,,,,,,,,,DEG_Nend_UBRbox_2;LIG_FHA_1;LIG_PDZ_Class_2;LIG_WD40_WDR5_VDV_2;MOD_CK2_1;MOD_Plk_4,,,,,,,,,,,,,,
SE_36,0.127,0.0,CTNND1,O60716-1_K25,O60716,O60716-1,Canonical,K,25.0,57559023.0,Ubiquitination,Ubiquitination,SVKEQEAQFEkLTRALEEERR,False,5.0,,59.0,122.0,59.0,SE,CTNND1_K25.0,,,,,,,,,,DEG_Nend_UBRbox_2;LIG_FHA_1;LIG_LIR_Gen_1;LIG_LIR_Nem_3,,Q86T24_S237;Q86T24_S558;Q86T24_Y599;Q86T24_K103;Q86T24_K153;Q86T24_T186;Q86T24_S188;P06241_T527;P06241_T525;P06241_T73;P06241_T181;P06241_T180;P06241_K182;P06241_K322;P06241_Y30;P06241_Y523;P16591_S113;P16591_K166;P16591_Y734;P16591_K610;P16591_K347;P16591_Y229;P16591_S411;P16591_Y492;P16591_K326;P16591_S716;P16591_S434;P16591_T410;P16591_Y402;P16591_S65;P16591_Y200;P16591_Y154;P16591_Y114;P16591_Y199;P16591_S408;P35221_C767;P35221_T878;P35221_K181;P35221_K181;P35221_Y148;P35221_K871;P35221_Y280;P35221_K81;P35221_K901;P35221_C772;P35221_Y222;P35221_S641;P29350_C102;Q12913_N937;Q12913_S1011;Q12913_Y1225;Q12913_T1314;P12931_S35;P12931_T526;P12931_T524;P12931_T72;P12931_S51;P12931_S70;P12931_S75;P12931_S39;P12931_K184;P12931_S12;P12931_T183;P12931_T182;P12931_S17;P12931_T101;P12931_K62;P12931_S69;P12931_T250;P12931_Y522;P12931_T246;P12931_Y232;Q14247_K35;Q14247_Y199;P00533_T648;P00533_K716;P00533_S229;P00533_K970;P00533_N578;P00533_N175;P00533_S1153;P00533_T1046;P00533_K867;P00533_K867;P00533_T1085;P00533_Y1016;P00533_N603;P00533_S1028;P00533_S1026;P00533_N568;P00533_N476;P00533_Y1138;P00533_N361;P00533_N196;P00533_S1036;P00533_S1037;P00533_S1030;P00533_K754;P00533_K913;P00533_S1039;P00533_Y1092;P00533_N623;P00533_S1130;P00533_Y1125;P00533_T940;P00533_T725;P00533_Y585;P00533_N352;P00533_K846;P00533_S1042;P00533_S1045;P00533_Y113;P00533_Y117;P00533_K929;P00533_Y764;P00533_S645;P00533_T1191;P00533_K1182;P00533_Y1172;P00533_K1188;P00533_K737;P00533_Y998;P00533_K346;P00533_Y1069;P00533_T1078;P00533_T693;P00533_S511;P00533_S1104;P00533_N128;P00533_S1064;P00533_K823;P00533_T1041;P00533_K708;P00533_S174;P00533_M987;P00533_R1199;P00533_K1179;P00533_K1179;P00533_T993;P00533_S1070;P00533_T1074;P00533_K714;P00533_S151;P00533_K713;P00533_T678;P00533_K960;P00533_Y891;P00533_T1141;P00533_S995;P00533_S991;P00533_N56;P00533_Y1110;P00533_S1081;P00533_N413;P00533_S720;P19022_Y496;P19022_S61;Q9UMD9_S544;Q9UMD9_Y396;Q9UMD9_T153;Q9UMD9_S56;Q9UMD9_T303;Q9UMD9_S96;Q9UMD9_N1421;Q6IQ23_K751;Q6IQ23_T1023;P14923_Y61;P14923_T14;P14923_T14;P14923_K224;P14923_M1;P14923_Y22;P14923_Y729;P14923_T19;P14923_T58;P14923_T59;P14923_S596;P14923_K161;P14923_T54;P14923_T430;P14923_S68;P14923_Y74;P14923_T728;P14923_Y53;P14923_T564;P14923_Y701;P14923_T21;P14923_Y724;P14923_T196;P14923_T60;P14923_Y480;P28827_S540;P28827_T397;P28827_Y929;P28827_N131;P28827_T408;P28827_R373;P28827_T264;P28827_S533;P28827_T637;P28827_S854;P28827_S853;P28827_T847;P28827_Y273;P28827_Y1448;P28827_S524;P28827_S525;Q96RT1_K468;Q96RT1_S250;Q96RT1_S1325;Q96RT1_T619;Q96RT1_K276;Q96RT1_Y1107;Q96RT1_S1158;Q96RT1_Y1132;P33151_Y784;P33151_N535;P07947_Y529;P07947_K191;P35222_Y64;P35222_K19;P35222_K19;P35222_S196;P35222_K508;P35222_S73;P35222_K335;P35222_M553;P35222_K671;P35222_Y86;P35222_S718;P35222_T574;P35222_T551;P35222_K625;P35222_K435;P35222_K435;P35222_C213;P35222_K170;P35222_S605;P35222_S23;P35222_K233;P35222_T556;P35222_Y716;P35222_Y709;P35222_C381;P35222_K354;P35222_S721,,,,,,,,,,,CDH2->INDUCES;CDH5->INDUCES;COL17A1->INDUCES;CTNNA1->INDUCES;CTNNB1->INDUCES;CTTN->INDUCES;EGFR->INDUCES;ERBIN->INDUCES;FER->INDUCES;FYN->INDUCES;JUP->INDUCES;PLEKHA7->INDUCES;PTPN6->INDUCES;PTPRJ->INDUCES;PTPRM->INDUCES;SRC->INDUCES;YES1->INDUCES;ZBTB33->INDUCES,
SE_36,0.127,0.0,CTNND1,O60716-1_T27,O60716,O60716-1,Canonical,T,27.0,57559029.0,Phosphothreonine,Phosphorylation,KEQEAQFEKLtRALEEERRHV,False,1.0,,65.0,116.0,65.0,SE,CTNND1_T27.0,,,,,,,,,,DEG_Cend_DCAF12_1;DEG_Nend_UBRbox_2;LIG_LIR_Gen_1;LIG_LIR_Nem_3;TRG_Pf-PMV_PEXEL_1,,Q86T24_Y442;Q86T24_Y484;P06241_Y28;P06241_S70;P06241_K182;P06241_S41;P06241_Y30;P06241_Y523;P16591_S113;P16591_K166;P16591_Y734;P16591_S498;P16591_K347;P16591_Y229;P16591_S411;P16591_Y492;P16591_K326;P16591_S716;P16591_S434;P16591_T410;P16591_Y402;P16591_S65;P16591_Y200;P16591_Y154;P16591_S408;P35221_T878;P35221_T645;P35221_Y245;P35221_T654;P35221_T634;P35221_T557;P35221_Y148;P35221_K871;P35221_T2;P35221_Y280;P35221_Y177;P35221_K81;P35221_S754;P35221_K901;P35221_C772;P35221_S668;P35221_Y222;P35221_T372;P35221_Y237;P35221_S641;P29350_C102;Q12913_T1091;Q12913_S1011;Q12913_Y1103;Q12913_Y1225;Q12913_T1314;Q12913_Y1320;Q12913_S1009;Q12913_K1031;Q12913_K1031;P12931_T524;P12931_S70;P12931_K184;P12931_T183;P12931_T250;P12931_Y522;Q14247_K35;Q14247_T219;Q14247_S192;Q14247_Y199;P00533_T648;P00533_K716;P00533_S229;P00533_K970;P00533_Y801;P00533_N175;P00533_T1046;P00533_K867;P00533_K867;P00533_Y1016;P00533_N603;P00533_S1028;P00533_S1026;P00533_N568;P00533_N476;P00533_Y1138;P00533_N361;P00533_N196;P00533_S1037;P00533_K754;P00533_K913;P00533_S1039;P00533_Y1092;P00533_N623;P00533_T940;P00533_T725;P00533_N352;P00533_K846;P00533_S1042;P00533_Y113;P00533_Y117;P00533_Y764;P00533_S645;P00533_T1191;P00533_K1182;P00533_Y1172;P00533_N139;P00533_Y1069;P00533_T1078;P00533_T693;P00533_S1104;P00533_N128;P00533_K823;P00533_T1041;P00533_S174;P00533_K1179;P00533_K1179;P00533_T993;P00533_S1070;P00533_T1074;P00533_K714;P00533_S752;P00533_K713;P00533_T678;P00533_K960;P00533_Y891;P00533_T1141;P00533_S995;P00533_N56;P00533_N413;P19022_Y852;P19022_Y820;Q9UMD9_T156;Q9UMD9_T182;Q6IQ23_Y1035;Q6IQ23_T519;Q6IQ23_T992;Q6IQ23_S986;Q6IQ23_Y345;Q6IQ23_T454;Q6IQ23_T1037;Q6IQ23_S1022;Q6IQ23_K751;Q6IQ23_T1023;P14923_M1;P14923_Y22;P14923_Y729;P14923_K161;P14923_Y53;P14923_Y701;P14923_Y724;P14923_T196;P28827_S540;P28827_N131;P28827_R373;P28827_S533;P28827_S854;P28827_S853;P28827_Y273;P28827_S525;Q96RT1_K468;Q96RT1_T619;Q96RT1_K276;Q96RT1_Y1107;Q96RT1_Y1132;P07947_S197;P07947_T257;P07947_S77;P07947_S76;P07947_S30;P07947_T531;P07947_S44;P07947_S45;P07947_Y32;P07947_S28;P07947_Y16;P07947_Y529;P07947_K191;P07947_S83;P07947_T190;P35222_S196;P35222_S73;P35222_M553;P35222_S718;P35222_T551;P35222_C213;P35222_K170;P35222_S605;P35222_S23;P35222_T556;P35222_Y716;P35222_Y709;P35222_S721,,,,,,,,,,,CDH2->INDUCES;COL17A1->INDUCES;CTNNA1->INDUCES;CTNNB1->INDUCES;CTTN->INDUCES;EGFR->INDUCES;ERBIN->INDUCES;FER->INDUCES;FYN->INDUCES;JUP->INDUCES;PLEKHA7->INDUCES;PTPN6->INDUCES;PTPRJ->INDUCES;PTPRM->INDUCES;SRC->INDUCES;YES1->INDUCES;ZBTB33->INDUCES,
SE_36,0.127,0.0,CTNND1,O60716-1_S38,O60716,O60716-1,Canonical,S,38.0,57559062.0,Phosphoserine,Phosphorylation,RALEEERRHVsAQLERVRVSP,False,2.0,,98.0,83.0,83.0,SE,CTNND1_S38.0,,,,,,,,,,CLV_NRD_NRD_1;CLV_PCSK_KEX2_1;DEG_Nend_UBRbox_2;LIG_PDZ_Class_3,,Q86T24_S237;Q86T24_S558;Q86T24_S567;Q86T24_K623;Q86T24_Y599;Q86T24_K103;Q86T24_S188;P06241_S393;P06241_T525;P06241_Y28;P06241_S70;P06241_T181;P06241_Y185;P06241_S186;P06241_S21;P06241_S26;P06241_S41;P06241_S25;P06241_Y30;P06241_S188;P06241_S69;P06241_Y132;P06241_Y91;P06241_Y523;P16591_S113;P16591_K166;P16591_Y734;P16591_K610;P16591_K347;P16591_Y229;P16591_S411;P16591_Y492;P16591_K326;P16591_S716;P16591_S434;P16591_T410;P16591_Y402;P16591_S65;P16591_Y200;P16591_Y154;P16591_Y199;P16591_S408;P35221_C767;P35221_T878;P35221_T645;P35221_T654;P35221_T634;P35221_T557;P35221_K871;P35221_S455;P35221_T2;P35221_Y177;P35221_S754;P35221_K901;P35221_C772;P35221_S668;P35221_S641;P29350_C102;Q12913_S1011;Q12913_T1314;P12931_S35;P12931_T524;P12931_S51;P12931_S70;P12931_S75;P12931_S39;P12931_G2;P12931_K184;P12931_S12;P12931_T183;P12931_S17;P12931_S128;P12931_K62;P12931_S69;P12931_Y93;P12931_T250;P12931_T246;P12931_S525;P12931_Y232;Q14247_K35;Q14247_T219;Q14247_S192;Q14247_Y199;P00533_T648;P00533_K716;P00533_Y801;P00533_N175;P00533_T1046;P00533_K867;P00533_K867;P00533_T1085;P00533_N603;P00533_N568;P00533_N196;P00533_K754;P00533_N623;P00533_T940;P00533_T725;P00533_S768;P00533_Y117;P00533_Y764;P00533_T1191;P00533_K1182;P00533_K1188;P00533_T1078;P00533_T693;P00533_N128;P00533_K823;P00533_T1041;P00533_S174;P00533_K1179;P00533_K1179;P00533_T993;P00533_T1074;P00533_K714;P00533_K713;P00533_T678;P00533_K960;P00533_T1145;P00533_Y891;P00533_T1141;P00533_N413;P19022_Y852;P19022_N402;P19022_Y820;P19022_S61;Q9UMD9_S56;Q9UMD9_Y80;Q9UMD9_N1421;Q9UMD9_S85;Q6IQ23_Y656;Q6IQ23_T472;Q6IQ23_Y524;Q6IQ23_Y665;Q6IQ23_K751;Q6IQ23_T1023;P14923_Y61;P14923_Y22;P14923_Y729;P14923_S596;P14923_K161;P14923_Y74;P14923_Y53;P14923_Y701;P14923_Y724;P28827_Y273;Q96RT1_T619;Q96RT1_K276;Q96RT1_Y1107;Q96RT1_Y1132;P33151_S776;P33151_Y784;P33151_N535;P33151_N442;P07947_S77;P07947_S76;P07947_T225;P07947_T226;P07947_S45;P07947_K191;P07947_S83;P07947_T463;P35222_S196;P35222_S73;P35222_M553;P35222_S718;P35222_T574;P35222_T551;P35222_C213;P35222_K170;P35222_S605;P35222_S23;P35222_T556;P35222_Y716;P35222_Y709;P35222_S721,,,,,,,,,,,CDH2->INDUCES;CDH5->INDUCES;COL17A1->INDUCES;CTNNA1->INDUCES;CTNNB1->INDUCES;CTTN->INDUCES;EGFR->INDUCES;ERBIN->INDUCES;FER->INDUCES;FYN->INDUCES;JUP->INDUCES;PLEKHA7->INDUCES;PTPN6->INDUCES;PTPRJ->INDUCES;PTPRM->INDUCES;SRC->INDUCES;YES1->INDUCES;ZBTB33->INDUCES,
SE_36,0.127,0.0,CTNND1,O60716-1_S47,O60716,O60716-1,Canonical,S,47.0,57559089.0,Phosphoserine,Phosphorylation,VSAQLERVRVsPQDANPLMAN,False,17.0,,125.0,56.0,56.0,SE,CTNND1_S47.0,,,,,,,,,,DEG_Nend_UBRbox_3;LIG_WD40_WDR5_VDV_2;TRG_Cilium_RVxP_2;TRG_ER_diArg_1,,Q86T24_S237;Q86T24_S558;Q86T24_S567;Q86T24_K623;Q86T24_Y599;Q86T24_K103;Q86T24_K153;Q86T24_K582;Q86T24_T186;Q86T24_S188;P06241_S393;P06241_Y28;P06241_S70;P06241_T181;P06241_Y185;P06241_S21;P06241_S26;P06241_S41;P06241_S25;P06241_Y30;P06241_S69;P06241_Y523;P16591_S113;P16591_K166;P16591_Y734;P16591_K610;P16591_K347;P16591_Y229;P16591_S411;P16591_Y492;P16591_K326;P16591_S716;P16591_S434;P16591_T410;P16591_Y402;P16591_S65;P16591_Y200;P16591_Y154;P16591_Y199;P16591_S408;P35221_C767;P35221_T878;P35221_T645;P35221_T654;P35221_T634;P35221_T557;P35221_K871;P35221_T2;P35221_S754;P35221_K901;P35221_C772;P35221_S668;P35221_T372;P35221_S641;P29350_C102;Q12913_S1011;Q12913_Y1225;Q12913_T1314;Q12913_S1009;Q12913_K1031;Q12913_K1031;P12931_S35;P12931_S225;P12931_S51;P12931_S70;P12931_S75;P12931_S39;P12931_K184;P12931_S12;P12931_T183;P12931_S17;P12931_S128;P12931_K62;P12931_S69;P12931_S525;P12931_Y232;Q14247_K35;Q14247_T219;Q14247_S192;Q14247_Y199;P00533_K716;P00533_N175;P00533_K867;P00533_K867;P00533_N603;P00533_N568;P00533_N361;P00533_N196;P00533_K754;P00533_N623;P00533_S645;P00533_K1182;P00533_K1188;P00533_K346;P00533_N128;P00533_K823;P00533_S174;P00533_K1179;P00533_K1179;P00533_K714;P00533_K713;P00533_K960;P00533_T1141;P00533_N56;P00533_N413;P19022_Y496;P19022_S61;Q9UMD9_S544;Q9UMD9_T153;Q9UMD9_S56;Q9UMD9_T303;Q9UMD9_S1299;Q9UMD9_Y80;Q9UMD9_S96;Q9UMD9_S62;Q9UMD9_S85;Q9UMD9_Y1395;Q6IQ23_K751;Q6IQ23_T1023;P14923_Y61;P14923_M1;P14923_Y22;P14923_Y729;P14923_S596;P14923_K161;P14923_Y74;P14923_Y53;P14923_Y701;P14923_Y724;P28827_R373;Q96RT1_K468;Q96RT1_T619;P33151_S776;P33151_N535;P07947_S77;P07947_S76;P07947_S30;P07947_S45;P07947_S28;P07947_K191;P07947_S83;P35222_S196;P35222_S73;P35222_M553;P35222_T551;P35222_K170;P35222_S605;P35222_S23;P35222_T41;P35222_T556;P35222_Y716;P35222_Y709;P35222_T547,,,,,,,,,,,CDH2->INDUCES;CDH5->INDUCES;COL17A1->INDUCES;CTNNA1->INDUCES;CTNNB1->INDUCES;CTTN->INDUCES;EGFR->INDUCES;ERBIN->INDUCES;FER->INDUCES;FYN->INDUCES;JUP->INDUCES;PLEKHA7->INDUCES;PTPN6->INDUCES;PTPRJ->INDUCES;PTPRM->INDUCES;SRC->INDUCES;YES1->INDUCES;ZBTB33->INDUCES,
SE_36,0.127,0.0,CTNND1,O60716-1_T59,O60716,O60716-1,Canonical,T,59.0,57559125.0,Phosphothreonine,Phosphorylation,QDANPLMANGtLTRRHQNGRF,False,9.0,2.0,161.0,20.0,20.0,SE,CTNND1_T59.0,,,,,,,,,,CLV_NRD_NRD_1;CLV_PCSK_KEX2_1;DEG_CRBN_cyclicCter_1;DEG_Nend_UBRbox_3,,Q86T24_S237;Q86T24_K623;Q86T24_K103;Q86T24_K153;Q86T24_K582;Q86T24_T186;Q86T24_S188;P06241_Y30;P06241_Y523;P16591_S113;P16591_K166;P16591_Y734;P16591_K610;P16591_K347;P16591_Y229;P16591_S411;P16591_Y492;P16591_K326;P16591_S716;P16591_S434;P16591_T410;P16591_Y402;P16591_S65;P16591_Y200;P16591_Y154;P16591_Y199;P16591_S408;P16591_Y497;P35221_T878;P35221_T645;P35221_T654;P35221_T634;P35221_T557;P35221_K871;P35221_S455;P35221_T2;P35221_S754;P35221_C772;P35221_S668;P35221_S641;P29350_Y61;P29350_C102;Q12913_S1011;Q12913_Y1225;Q12913_T1314;Q12913_S1009;Q12913_K1031;Q12913_K1031;P12931_T524;P12931_K184;P12931_T183;P12931_K62;P12931_T250;P12931_T246;Q14247_K35;Q14247_T219;Q14247_S192;Q14247_Y199;P00533_T648;P00533_K716;P00533_Y801;P00533_N175;P00533_T1046;P00533_K867;P00533_K867;P00533_T1085;P00533_N568;P00533_N196;P00533_K754;P00533_N623;P00533_T940;P00533_T725;P00533_S768;P00533_Y117;P00533_Y827;P00533_Y764;P00533_T1191;P00533_K1182;P00533_K1188;P00533_K346;P00533_T1078;P00533_T693;P00533_N128;P00533_K823;P00533_T1041;P00533_S174;P00533_K1179;P00533_K1179;P00533_T993;P00533_Y944;P00533_T1074;P00533_K714;P00533_K713;P00533_T678;P00533_K960;P00533_T1145;P00533_Y891;P00533_T1141;P00533_N56;P00533_N413;P19022_S61;Q9UMD9_T153;Q9UMD9_S56;Q9UMD9_T303;Q9UMD9_S96;Q9UMD9_S85;Q6IQ23_Y345;Q6IQ23_K751;Q6IQ23_T1023;P14923_M1;P14923_Y22;P14923_Y729;P14923_K161;P14923_Y74;P14923_Y53;P14923_Y701;Q96RT1_K468;Q96RT1_T619;P33151_Y784;P33151_N535;P07947_K191;P35222_S29;P35222_S196;P35222_S73;P35222_M553;P35222_S718;P35222_T551;P35222_C213;P35222_K170;P35222_S605;P35222_S23;P35222_T556;P35222_Y716;P35222_Y709;P35222_S721,,,,,,,,,,,CDH2->INDUCES;CDH5->INDUCES;COL17A1->INDUCES;CTNNA1->INDUCES;CTNNB1->INDUCES;CTTN->INDUCES;EGFR->INDUCES;ERBIN->INDUCES;FER->INDUCES;FYN->INDUCES;JUP->INDUCES;PLEKHA7->INDUCES;PTPN6->INDUCES;PTPRJ->INDUCES;SRC->INDUCES;YES1->INDUCES;ZBTB33->INDUCES,
SE_36,0.127,0.0,CTNND1,O60716-1_T61,O60716,O60716-1,Canonical,T,61.0,57559131.0,Phosphothreonine,Phosphorylation,ANPLMANGTLtRRHQNGRFVG,False,1.0,,167.0,14.0,14.0,SE,CTNND1_T61.0,,,,,,,,,,CLV_NRD_NRD_1;CLV_PCSK_KEX2_1;DEG_Nend_Nbox_1;MOD_N-GLC_1,,,,,,,,,,,,,,
SE_38,-0.208,0.0,INF2,Q27J81-1_S1237,Q27J81,Q27J81-1,Canonical,S,1237.0,105181635.0,Phosphoserine,Phosphorylation,SRSQEEVPPDsDDNKTKKLCV,False,5.0,1.0,14.0,42.0,14.0,SE,INF2_S1237.0,,,,,,,,,,DEG_Nend_UBRbox_3;MOD_SUMO_rev_2,,,,,,,,,,,,,,
SE_38,-0.208,0.0,INF2,Q27J81-1_T1242,Q27J81,Q27J81-1,Canonical,T,1242.0,105181650.0,Phosphothreonine,Phosphorylation,EVPPDSDDNKtKKLCVIQ   ,False,1.0,,29.0,27.0,27.0,SE,INF2_T1242.0,,,,,,,,,,,,,,,,,,,,,,,,
SE_40,0.39,0.0,DOCK7,Q96N67-1_S948,Q96N67,Q96N67-1,Canonical,S,948.0,63010635.0,Phosphoserine,Phosphorylation,AAPWGSNPSPsAESTQAMDRS,False,1.0,,17.0,75.0,17.0,SE,DOCK7_S948.0,,,,,,,,,,DEG_Nend_Nbox_1;DOC_WW_Pin1_4;LIG_PDZ_Class_1;MOD_CK1_1;MOD_ProDKin_1,,,,,,,,,,,,,,
SE_40,0.39,0.0,DOCK7,Q96N67-1_S946,Q96N67,Q96N67-1,Canonical,S,946.0,63010641.0,Phosphoserine,Phosphorylation,PKAAPWGSNPsPSAESTQAMD,False,8.0,,23.0,69.0,23.0,SE,DOCK7_S946.0,,,,,,,,,,DOC_USP7_MATH_1;LIG_BIR_II_1;LIG_WD40_WDR5_VDV_2;MOD_GlcNHglycan;MOD_GSK3_1,,,,,,,,,,,,,,
SE_40,0.39,0.0,DOCK7,Q96N67-2_S929;Q96N67-1_S929,Q96N67,Q96N67-1,Canonical,S,929.0,63010692.0,Phosphoserine,Phosphorylation,IGSKGLDRSNsWVNTGGPKAA,False,19.0,7.0,74.0,18.0,18.0,SE,DOCK7_S929.0,,,,,,,,,,DEG_Cend_KLHDC2_1;DEG_Nend_UBRbox_1,,,,,,,,,,UNC-0646->d;TRICHOSTATIN_A->d;STAUROSPORINE->d;SP600125->d;PAZOPANIB->d;GSK1210151A->d;GSK-J4->d;EX527->d;EPZ004777->d;DMSO->d;DINACICLIB->d;CPI-169->d;1271738-62-5->d,,,,
SE_40,0.39,0.0,DOCK7,Q96N67-1_S927,Q96N67,Q96N67-1,Canonical,S,927.0,63010698.0,Phosphoserine,Phosphorylation,SIIGSKGLDRsNSWVNTGGPK,False,3.0,1.0,80.0,12.0,12.0,SE,DOCK7_S927.0,,,,,,,,,,LIG_14-3-3_CanoR_1;MOD_GSK3_1;MOD_Plk_4,,,,,,,,,,,,,,
SE_42,0.395,0.0,SCRIB,Q14160-1_S708,Q14160,Q14160-1,Canonical,S,708.0,144889778.0,Phosphoserine,Phosphorylation,VVSAPSVKGVsFDQANNLLIE,True,6.0,,56.0,6.0,6.0,SE,SCRIB_S708.0,,,,,,,,,,DEG_CRBN_cyclicCter_1;DOC_PP1_RVXF_1;LIG_BIR_II_1,,,,,,,,,,,,,,
SE_46,0.19,1.2834934061200001e-12,MPRIP,Q6WCQ1-1_S1016,Q6WCQ1,Q6WCQ1-1,Canonical,S,1016.0,17083921.0,Phosphoserine,Phosphorylation,TRQLRNIRSKsVIEQVSWDT ,False,15.0,3.0,0.0,62.0,0.0,SE,MPRIP_S1016.0,,,,,,,,,,DEG_Nend_Nbox_1,,O14974_S783;O14974_T710;O14974_S541;O14974_S422;O14974_Y920;O14974_S542;O14974_S554;O14974_S552;O14974_S794;O14974_S790;O14974_S839;O14974_Y901;O14974_K456;O14974_Y911;O14974_Y913;O14974_S477;O14974_S470;O14974_S578;O14974_S472;O14974_S473;O14974_S478;O14974_S479;O14974_S896;O14974_S894;O14974_T305;O14974_Y446;O14974_Y766;O14974_S409;O14974_Y890;O14974_S313;O14974_S509;O14974_T529;O14974_S888;O14974_S802;O14974_K460;O14974_T702;O14974_S692;O14974_Y549;O14974_S588;O14974_S871;O14974_T443;O14974_Y669;O14974_S445;O14974_T859;O14974_K442;O14974_T853;O14974_S198;O14974_S862;O14974_K1008;O14974_S795;O14974_S299;O14974_Y496;O14974_S432;O14974_Y810;O14974_T671;O14974_S856;O14974_S852;O14974_S527;O14974_S525;O14974_T500;O14974_T508;O14974_T779;P61586_Y66;P61586_T37;P61586_Y34;P61586_Y34;P61586_Y34;Q9BZL4_S544;Q9BZL4_T425;Q9BZL4_K424;Q9BZL4_Y533;Q9BZL4_T566;Q9BZL4_S556;Q9BZL4_S450;Q9BZL4_K573;Q9BZL4_T474,,,,,,,,,,,PPP1R12A->INDUCES;PPP1R12C->INDUCES;RHOA->INDUCES,
SE_48,-0.314,2.1544353602800003e-12,NBEAL2,Q6ZNJ1-1_K371,Q6ZNJ1,Q6ZNJ1-1,Canonical,K,371.0,47034043.0,Ubiquitination,Ubiquitination,TRLLTEPDVQkVLDQDTDAIA,False,1.0,,78.0,2.0,2.0,SE,NBEAL2_K371.0,,,,,,,,,,DEG_Nend_Nbox_1;LIG_WD40_WDR5_VDV_2,,,,,,,,,,,,,,
SE_51,0.236,3.50924375029e-11,PRC1,O43663-1_T593,O43663,O43663-1,Canonical,T,593.0,91512323.0,Phosphothreonine,Phosphorylation,AKDPSLSDSStVGLQRELSKA,False,,1.0,14.0,27.0,14.0,SE,PRC1_T593.0,,,,,,,,,,CLV_C14_Caspase3-7;MOD_CK1_1;MOD_Plk_1,,,,,,,,,,,,,,
SE_51,0.236,3.50924375029e-11,PRC1,O43663-1_S592,O43663,O43663-1,Canonical,S,592.0,91512326.0,Phosphoserine,Phosphorylation,FAKDPSLSDSsTVGLQRELSK,False,1.0,6.0,17.0,24.0,17.0,SE,PRC1_S592.0,,,,,,,,,,CLV_C14_Caspase3-7;DEG_Cend_FEM1B_2;DEG_Nend_UBRbox_2;LIG_FHA_1;LIG_WD40_WDR5_VDV_2;MOD_GSK3_1,,,,,,,,,,,,,,
SE_51,0.236,3.50924375029e-11,PRC1,O43663-1_S591,O43663,O43663-1,Canonical,S,591.0,91512329.0,Phosphoserine,Phosphorylation,EFAKDPSLSDsSTVGLQRELS,False,,4.0,20.0,21.0,20.0,SE,PRC1_S591.0,,,,,,,,,,DEG_Cend_TRIM7_1;DEG_CRBN_cyclicCter_1;DEG_Nend_UBRbox_1;LIG_FHA_1;LIG_WD40_WDR5_VDV_2;MOD_CK1_1;MOD_GSK3_1;MOD_Plk_1,,,,,,,,,,,,,,
SE_51,0.236,3.50924375029e-11,PRC1,O43663-1_S589,O43663,O43663-1,Canonical,S,589.0,91512335.0,Phosphoserine,Phosphorylation,YSEFAKDPSLsDSSTVGLQRE,False,2.0,3.0,26.0,15.0,15.0,SE,PRC1_S589.0,,,,,,,,,,CLV_C14_Caspase3-7;DEG_Nend_Nbox_1;LIG_WD40_WDR5_VDV_2;MOD_GSK3_1;MOD_Plk_1,,,,,,,,,,,,,,
SE_51,0.236,3.50924375029e-11,PRC1,O43663-1_S587,O43663,O43663-1,Canonical,S,587.0,91512341.0,Phosphoserine,Phosphorylation,STYSEFAKDPsLSDSSTVGLQ,False,2.0,6.0,32.0,9.0,9.0,SE,PRC1_S587.0,,,,,,,,,,LIG_BIR_II_1;MOD_GSK3_1,,,,,,,,,,,,,,
SE_52,-0.181,4.68081569312e-11,C9orf89,Q96LW7-2_S104,Q96LW7,Q96LW7-2,Alternative,S,104.0,95874166.0,Phosphoserine,Phosphorylation,RLPSRHALQNsDCTELDSGSQ,True,1.0,,5.0,54.0,5.0,SE,C9orf89_S104.0,,,,,,,,,,CLV_PCSK_SKI1_1;LIG_BIR_II_1,,,,,,,,,,,,,,
SE_52,-0.181,4.68081569312e-11,C9orf89,Q96LW7-2_T107,Q96LW7,Q96LW7-2,Alternative,T,107.0,95874175.0,Phosphothreonine,Phosphorylation,SRHALQNSDCtELDSGSQSGE,True,,2.0,14.0,45.0,14.0,SE,C9orf89_T107.0,,,,,,,,,,LIG_BIR_II_1;MOD_GlcNHglycan,,,,,,,,,,,,,,
SE_52,-0.181,4.68081569312e-11,C9orf89,Q96LW7-2_S111,Q96LW7,Q96LW7-2,Alternative,S,111.0,95874187.0,Phosphoserine,Phosphorylation,LQNSDCTELDsGSQSGELSNR,True,1.0,1.0,26.0,33.0,26.0,SE,C9orf89_S111.0,,,,,,,,,,LIG_BIR_II_1;LIG_FHA_2;MOD_CK1_1;MOD_GlcNHglycan;MOD_PIKK_1,,,,,,,,,,,,,,
SE_52,-0.181,4.68081569312e-11,C9orf89,Q96LW7-2_S113,Q96LW7,Q96LW7-2,Alternative,S,113.0,95874193.0,Phosphoserine,Phosphorylation,NSDCTELDSGsQSGELSNRGP,True,4.0,4.0,32.0,27.0,27.0,SE,C9orf89_S113.0,,,,,,,,,,CLV_C14_Caspase3-7;DEG_Nend_UBRbox_4;DEG_SCF_TRCP1_1;MOD_GlcNHglycan;MOD_GSK3_1,,,,,,,,,,,,,,
SE_52,-0.181,4.68081569312e-11,C9orf89,Q96LW7-2_S115,Q96LW7,Q96LW7-2,Alternative,S,115.0,95874199.0,Phosphoserine,Phosphorylation,DCTELDSGSQsGELSNRGPMS,True,1.0,,38.0,21.0,21.0,SE,C9orf89_S115.0,,,,,,,,,,DEG_Nend_UBRbox_2;MOD_GlcNHglycan;MOD_PIKK_1,,,,,,,,,,,,,,
SE_53,-0.059,5.9765632772e-11,PTPRF,P10586-1_T825,P10586,P10586-1,Canonical,T,825.0,44069296.0,Phosphothreonine,Phosphorylation,TTTGAVPGRPtMMISTTAMNT,False,,1.0,14.0,564.0,14.0,SE,PTPRF_T825.0,,,,,,,,,,LIG_SH3_3;MOD_NMyristoyl,,,,,,,,,,,,,,
SE_53,-0.059,5.9765632772e-11,PTPRF,P10586-1_N959,P10586,P10586-1,Canonical,N,959.0,44069698.0,N-Glycosylation,Glycosylation,ISYTVVFRDInSQQELQNITT,False,,,416.0,162.0,162.0,SE,PTPRF_N959.0,,,,,,,,,,DEG_Cend_TRIM7_1;DEG_CRBN_cyclicCter_1;LIG_LIR_Nem_3;MOD_CK2_1;MOD_PIKK_1,,,,,,,,,,,,,,
SE_53,-0.059,5.9765632772e-11,PTPRF,P10586-1_N966,P10586,P10586-1,Canonical,N,966.0,44069719.0,N-Glycosylation,Glycosylation,RDINSQQELQnITTDTRFTLT,False,,,437.0,141.0,141.0,SE,PTPRF_N966.0,,,,,,,,,,DEG_Nend_UBRbox_3,,,,,,,,,,,,,,
SE_53,-0.059,5.9765632772e-11,PTPRF,P10586-1_S996,P10586,P10586-1,Canonical,S,996.0,44069809.0,Phosphoserine,Phosphorylation,IKVRAWTSKGsGPLSPSIQSR,False,1.0,,527.0,51.0,51.0,SE,PTPRF_S996.0,,,,,,,,,,DEG_Nend_UBRbox_1;DOC_USP7_MATH_1;DOC_WW_Pin1_4;LIG_14-3-3_CanoR_1;LIG_SH3_3,,,,,,,,,,,,,,
SE_53,-0.059,5.9765632772e-11,PTPRF,P10586-1_S1000,P10586,P10586-1,Canonical,S,1000.0,44069821.0,Phosphoserine,Phosphorylation,AWTSKGSGPLsPSIQSRTMPV,False,1.0,,539.0,39.0,39.0,SE,PTPRF_S1000.0,,,,,,,,,,LIG_BIR_II_1;LIG_SH3_3;LIG_WD40_WDR5_VDV_2;MOD_CK1_1;MOD_GlcNHglycan,,,,,,,,,,,,,,
SE_54,0.172,9.30911933397e-11,PAM,P19021-1_K396,P19021,P19021-1,Canonical,K,396.0,102309843.0,Ubiquitination,Ubiquitination,DQGDFYSLLSkLLGEREDVVH,False,1.0,,23.0,297.0,23.0,SE,PAM_K396.0,,,,,,,,,,DEG_Nend_UBRbox_2;LIG_LIR_Gen_1;LIG_LIR_Nem_3;LIG_NRBOX;LIG_SH2_CRK;MOD_CK1_1;MOD_Plk_4;TRG_ENDOCYTIC_2,,,,,,,,,,,,,,
SE_54,0.172,9.30911933397e-11,PAM,P19021-1_K409,P19021,P19021-1,Canonical,K,409.0,102309882.0,Ubiquitination,Ubiquitination,GEREDVVHVHkYNPTEKAESE,False,2.0,,62.0,258.0,62.0,SE,PAM_K409.0,,,,,,,,,,DEG_Nend_UBRbox_2,,,,,,,,,,,,,,
SE_54,0.172,9.30911933397e-11,PAM,P19021-1_T413,P19021,P19021-1,Canonical,T,413.0,102309894.0,N-Glycosylation,Glycosylation,DVVHVHKYNPtEKAESESDLV,False,1.0,,74.0,246.0,74.0,SE,PAM_T413.0,,,,,,,,,,LIG_TRAF6_MATH_1,,,,,,,,,,,,,,
SE_54,0.172,9.30911933397e-11,PAM,P19021-1_K415,P19021,P19021-1,Canonical,K,415.0,102309900.0,Ubiquitination,Ubiquitination,VHVHKYNPTEkAESESDLVAE,False,2.0,,80.0,240.0,80.0,SE,PAM_K415.0,,,,,,,,,,LIG_TRAF6_MATH_1,,,,,,,,,,,,,,
SE_54,0.172,9.30911933397e-11,PAM,P19021-1_K432,P19021,P19021-1,Canonical,K,432.0,102309951.0,Ubiquitination,Ubiquitination,LVAEIANVVQkKDLGRSDARE,False,1.0,,131.0,189.0,131.0,SE,PAM_K432.0,,,,,,,,,,DEG_Nend_UBRbox_2,,,,,,,,,,,,,,
SE_54,0.172,9.30911933397e-11,PAM,P19021-1_S466,P19021,P19021-1,Canonical,S,466.0,102310053.0,N-Glycosylation,Glycosylation,DRIHKFHRLVsTLRPPESRVF,False,1.0,,233.0,87.0,87.0,SE,PAM_S466.0,,,,,,,,,,LIG_14-3-3_CanoR_1;MOD_NEK2_2,,,,,,,,,,,,,,
SE_54,0.172,9.30911933397e-11,PAM,P19021-1_T467,P19021,P19021-1,Canonical,T,467.0,102310056.0,N-Glycosylation,Glycosylation,RIHKFHRLVStLRPPESRVFS,False,1.0,,236.0,84.0,84.0,SE,PAM_T467.0,,,,,,,,,,DEG_Nend_UBRbox_1;LIG_14-3-3_CanoR_1,,,,,,,,,,,,,,
SE_54,0.172,9.30911933397e-11,PAM,P19021-1_S473,P19021,P19021-1,Canonical,S,473.0,102310074.0,N-Glycosylation,Glycosylation,RLVSTLRPPEsRVFSLQQPPP,False,1.0,,254.0,66.0,66.0,SE,PAM_S473.0,,,,,,,,,,DEG_Cend_TRIM7_1;DEG_CRBN_cyclicCter_1;LIG_14-3-3_CanoR_1;LIG_BIR_II_1,,,,,,,,,,,,,,
SE_56,0.265,2.62330852947e-10,PFAS,O15067-1_K803,O15067,O15067-1,Canonical,K,803.0,8168732.0,Ubiquitination,Ubiquitination,AALGVAVDGGkDSLSMAARVG,False,,1.0,126.0,54.0,54.0,SE,PFAS_K803.0,,,,,,,,,,LIG_PDZ_Class_1,,,,,,,,,,,,,,
SE_58,0.525,1.73943268451e-09,CEACAM1,P13688-1_S474,P13688,P13688-1,Canonical,S,474.0,43015737.0,Phosphoserine,Phosphorylation,RDLTEHKPSVsNHTQDHSNDP,False,,,9.0,43.0,9.0,SE,CEACAM1_S474.0,,,,,,,,,,LIG_WD40_WDR5_VDV_2;MOD_N-GLC_1;MOD_PIKK_1,,,,,,,,,,,,,,
SE_58,0.525,1.73943268451e-09,CEACAM1,P13688-1_S472,P13688,P13688-1,Canonical,S,472.0,43015743.0,Phosphoserine,Phosphorylation,DQRDLTEHKPsVSNHTQDHSN,False,1.0,,15.0,37.0,15.0,SE,CEACAM1_S472.0,,,,,PRKACA,,,,,DEG_CRBN_cyclicCter_1;DEG_Nend_UBRbox_2;DOC_USP7_MATH_1;MOD_SUMO_rev_2,,,,,,,,,,,,,PRKACA->REGULATES,
SE_58,0.525,1.73943268451e-09,CEACAM1,P13688-1_S461,P13688,P13688-1,Canonical,S,461.0,43015776.0,Phosphoserine,Phosphorylation,FLHFGKTGRAsDQRDLTEHKP,False,1.0,,48.0,4.0,4.0,SE,CEACAM1_S461.0,"apoptosis, altered",,,"activity, inhibited",PRKACA,,,,,DEG_Nend_Nbox_1,,P06213_T731;Q9NNX6_K177;Q9NNX6_S118;Q9NNX6_K131;Q9NNX6_K200;Q9NNX6_S141;Q9NNX6_S187;Q9NNX6_K223;Q9NNX6_Y216;Q9NNX6_Y101;Q9NNX6_K108;Q9NNX6_K154;P12931_S51;P12931_S190;P12931_K319;P12931_K319,,,,,,,,,,,CD209->INDUCES;INSR->INDUCES;PRKACA->REGULATES;SRC->INDUCES,
SE_59,0.334,2.09852776267e-09,SCRIB,Q14160-1_S708,Q14160,Q14160-1,Canonical,S,708.0,144889778.0,Phosphoserine,Phosphorylation,VVSAPSVKGVsFDQANNLLIE,True,6.0,,56.0,6.0,6.0,SE,SCRIB_S708.0,,,,,,,,,,DEG_CRBN_cyclicCter_1;DOC_PP1_RVXF_1;LIG_BIR_II_1,,,,,,,,,,,,,,
SE_62,0.078,7.77727226888e-09,MPRIP,Q6WCQ1-1_T881,Q6WCQ1,Q6WCQ1-1,Canonical,T,881.0,17078658.0,Phosphothreonine,Phosphorylation,AEITRLRTLLtGDGGGEATGS,False,,,51.0,68.0,51.0,SE,MPRIP_T881.0,,,,,,,,,,CLV_PCSK_SKI1_1;DOC_CYCLIN_RxL_1;LIG_14-3-3_CanoR_1;LIG_NRBOX,,O14974_S783;O14974_T710;O14974_S541;O14974_S422;O14974_T406;O14974_T647;O14974_Y920;O14974_S542;O14974_T761;O14974_T571;O14974_T575;O14974_S554;O14974_S552;O14974_S794;O14974_S790;O14974_Y936;O14974_S1029;O14974_S839;O14974_K456;O14974_Y754;O14974_T652;O14974_S304;O14974_Y758;O14974_Y913;O14974_S477;O14974_S470;O14974_S578;O14974_S472;O14974_S473;O14974_S478;O14974_S479;O14974_S896;O14974_S894;O14974_T305;O14974_S811;O14974_Y446;O14974_Y762;O14974_T548;O14974_Y766;O14974_S409;O14974_S313;O14974_S509;O14974_S886;O14974_T529;O14974_S888;O14974_S507;O14974_S802;O14974_N226;O14974_K460;O14974_T631;O14974_T702;O14974_T748;O14974_S692;O14974_T593;O14974_Y549;O14974_S588;O14974_S871;O14974_S547;O14974_S877;O14974_T443;O14974_Y669;O14974_S445;O14974_S680;O14974_T859;O14974_K442;O14974_T853;O14974_S198;O14974_S903;O14974_S862;O14974_K1008;O14974_T453;O14974_S795;O14974_S299;O14974_Y496;O14974_S432;O14974_Y810;O14974_T671;O14974_S856;O14974_S852;O14974_S601;O14974_S607;O14974_S527;O14974_S525;O14974_T500;O14974_T464;O14974_T508;O14974_T779;P61586_Y66;P61586_Y156;P61586_C190;P61586_C190;P61586_N41;P61586_C159;P61586_K104;P61586_K140;P61586_K135;P61586_T37;P61586_K133;P61586_Y34;P61586_Y34;P61586_Y34;Q9BZL4_S544;Q9BZL4_S781;Q9BZL4_K754;Q9BZL4_K424;Q9BZL4_Y533;Q9BZL4_S651;Q9BZL4_S452;Q9BZL4_S556;Q9BZL4_S450;Q9BZL4_S344;Q9BZL4_K573;Q9BZL4_Y687;Q9BZL4_K314;Q9BZL4_S453,,,,,,,,,,,PPP1R12A->INDUCES;PPP1R12C->INDUCES;RHOA->INDUCES,
SE_62,0.078,7.77727226888e-09,MPRIP,Q6WCQ1-1_T889,Q6WCQ1,Q6WCQ1-1,Canonical,T,889.0,17078682.0,Phosphothreonine,Phosphorylation,LLTGDGGGEAtGSPLAQGKDA,False,,,75.0,44.0,44.0,SE,MPRIP_T889.0,,,,,,,,,,DEG_CRBN_cyclicCter_1;DOC_WW_Pin1_4;MOD_ProDKin_1,,P61586_Y66;P61586_Y156;P61586_C190;P61586_C190;P61586_C159;P61586_K135;P61586_K133,,,,,,,,,,,RHOA->INDUCES,
SE_62,0.078,7.77727226888e-09,MPRIP,Q6WCQ1-1_S891,Q6WCQ1,Q6WCQ1-1,Canonical,S,891.0,17078688.0,Phosphoserine,Phosphorylation,TGDGGGEATGsPLAQGKDAYE,False,14.0,,81.0,38.0,38.0,SE,MPRIP_S891.0,,,,,,,,,,MOD_NMyristoyl,,O14974_S783;O14974_T717;O14974_T710;O14974_S541;O14974_S422;O14974_T406;O14974_S542;O14974_T575;O14974_S554;O14974_S552;O14974_S794;O14974_S790;O14974_Y936;O14974_S839;O14974_K456;O14974_Y754;O14974_T652;O14974_S304;O14974_Y758;O14974_S477;O14974_S470;O14974_S578;O14974_S472;O14974_S473;O14974_S478;O14974_S479;O14974_S896;O14974_S894;O14974_T305;O14974_Y446;O14974_T548;O14974_S409;O14974_S313;O14974_S509;O14974_T529;O14974_S802;O14974_K460;O14974_T702;O14974_S692;O14974_Y549;O14974_S588;O14974_S871;O14974_T443;O14974_Y669;O14974_S445;O14974_S680;O14974_T859;O14974_K442;O14974_T853;O14974_S198;O14974_S862;O14974_T453;O14974_S795;O14974_S299;O14974_Y496;O14974_S432;O14974_Y810;O14974_T671;O14974_S856;O14974_S527;O14974_S525;O14974_T500;O14974_T508;O14974_T779;P61586_Y66;P61586_C159;P61586_Y34;P61586_Y34;P61586_Y34;Q9BZL4_K424;Q9BZL4_Y533;Q9BZL4_T566;Q9BZL4_S556;Q9BZL4_S450;Q9BZL4_K573,,,,,,,,,,,PPP1R12A->INDUCES;PPP1R12C->INDUCES;RHOA->INDUCES,
SE_67,-0.243,3.54104104715e-08,CD47,Q08722-1_K304,Q08722,Q08722-1,Canonical,K,304.0,107769449.0,Ubiquitination,Ubiquitination,SNQKTIQPPRkAVEEPLNAFK,False,2.0,1.0,24.0,0.0,0.0,SE,CD47_K304.0,,,,,,,,,,DEG_Nend_UBRbox_1;LIG_PDZ_Class_3;LIG_SH3_3;LIG_WW_3,,P78324_S464;P78324_S192;P06756_Y404;P06756_K360;P05107_T759;P05107_S425;P07996_W441;P07996_S564;P07996_S569;P07996_Y1139;P07996_Y817;P07996_Y1058;Q12983_S54;Q12983_S70;Q12983_S66;P05556_N669;P05556_N212;P05556_N417,,,,,,,,,,,BNIP3->INDUCES;ITGAV->INDUCES;ITGB1->INDUCES;ITGB2->INDUCES;SIRPA->INDUCES;THBS1->INDUCES,
SE_68,0.132,4.01541632907e-08,CD46,P15529-1_Y378,P15529,P15529-1,Canonical,Y,378.0,207963602.0,Phosphotyrosine,Phosphorylation,YLQRRKKKGTyLTDETHREVK,False,1.0,6.0,4.0,88.0,4.0,SE,CD46_Y378.0,,,,,,,,,,CLV_NRD_NRD_1;CLV_PCSK_KEX2_1;DEG_Nend_UBRbox_1;MOD_PKA_1;TRG_NLS_MonoCore_2;TRG_NLS_MonoExtN_4,,,,,,,,,,,,,,
SE_68,0.132,4.01541632907e-08,CD46,P15529-1_K388,P15529,P15529-1,Canonical,K,388.0,207963632.0,Ubiquitination,Ubiquitination,YLTDETHREVkFTSL      ,False,2.0,,34.0,58.0,34.0,SE,CD46_K388.0,,,,,,,,,,DEG_Nend_UBRbox_2;DOC_PP1_RVXF_1;LIG_FHA_2;LIG_LIR_Nem_3,,,,,,,,,,,,,,
SE_68,0.132,4.01541632907e-08,CD46,P15529-1_S391,P15529,P15529-1,Canonical,S,391.0,207963641.0,Phosphoserine,Phosphorylation,DETHREVKFTsL         ,False,1.0,,43.0,49.0,43.0,SE,CD46_S391.0,,,,,,,,,,CLV_PCSK_SKI1_1;LIG_LIR_Nem_3,,,,,,,,,,,,,,
SE_71,-0.116,1.02445451087e-07,MTSS1L,Q765P7-1_S372,Q765P7,Q765P7-1,Canonical,S,372.0,70699383.0,Phosphoserine,Phosphorylation,SETCQSVSECsSPTSDWSKVG,True,,,14.0,60.0,14.0,SE,MTSS1L_S372.0,,,,,,,,,,DEG_Nend_UBRbox_4;DOC_WW_Pin1_4;MOD_GSK3_1;MOD_ProDKin_1,,,,,,,,,,,,,,
SE_75,-0.36,2.52373690538e-07,CD44,P16070-1_S430,P16070,P16070-1,Canonical,S,430.0,35227664.0,N-Glycosylation,Glycosylation,SHSTTGTAAAsAHTSHPMQGR,False,1.0,,5.0,126.0,5.0,SE,CD44_S430.0,,,,,,,,,,DOC_USP7_MATH_1,,,,,,,,,,,,,,
SE_75,-0.36,2.52373690538e-07,CD44,P16070-1_T433,P16070,P16070-1,Canonical,T,433.0,35227673.0,N-Glycosylation,Glycosylation,TTGTAAASAHtSHPMQGRTTP,False,1.0,,14.0,117.0,14.0,SE,CD44_T433.0,,,,,,,,,,DOC_USP7_MATH_1;LIG_WD40_WDR5_VDV_2;MOD_GlcNHglycan;MOD_GSK3_1,,,,,,,,,,,,,,
SE_75,-0.36,2.52373690538e-07,CD44,P16070-1_S434,P16070,P16070-1,Canonical,S,434.0,35227676.0,N-Glycosylation,Glycosylation,TGTAAASAHTsHPMQGRTTPS,False,1.0,,17.0,114.0,17.0,SE,CD44_S434.0,,,,,,,,,,DOC_USP7_MATH_1;LIG_BIR_II_1;LIG_BIR_III_3;MOD_CK1_1;MOD_GlcNHglycan,,,,,,,,,,,,,,
SE_75,-0.36,2.52373690538e-07,CD44,P16070-1_S448,P16070,P16070-1,Canonical,S,448.0,35227718.0,Phosphoserine,Phosphorylation,QGRTTPSPEDsSWTDFFNPIS,False,,,59.0,72.0,59.0,SE,CD44_S448.0,,,,,,,,,,DOC_WW_Pin1_4;LIG_deltaCOP1_diTrp_1;LIG_LIR_Gen_1;LIG_LIR_Nem_3;LIG_PDZ_Class_3;LIG_Pex14_1;MOD_Plk_1;MOD_Plk_2-3;MOD_ProDKin_1,,P09038_K261;P01730_C419;P01730_N325;P04637_R333;P04637_S366;P04637_S378;P04637_K305;P04637_K305;P04637_K120;P04637_K120;P04637_K101;P04637_K320;P04637_K320;P04637_K320;P04637_K291;P04637_K139;P04637_K321;P04637_K321;P04637_K321;P04637_K357;P04637_T312;P04637_K319;P04637_K319;P04637_K351;P04637_K373;P04637_K373;P04637_K373;P04637_K373;P04637_K372;P04637_K372;P04637_K372;P04637_K372;P04637_K292;P04637_K292;P04637_K370;P04637_K370;P04637_K370;P04637_K370;P04637_K370;P00533_T648;P00533_Y801;P00533_N175;P00533_C311;P00533_T1085;P00533_C470;P00533_C190;P00533_C291;P00533_T1078;P00533_C329;P04233_K170;P10124_S104;P04626_T733;P04626_T1242;P04626_S1235;P04626_T1198;P04626_S1078;P04626_S1051;P04626_T1240;P04626_S1050;P04626_S1054;P04626_Y1127;P04626_Y923;P04626_S1214;P04626_S1151;P04626_Y1196;P04626_N571;P04626_T1132;P04626_S189;P04626_S1113;P04626_S1134;P04626_T1117;P04626_Y735;P04626_N68;P04626_Y163;P04626_T701;P04626_T875;P04626_Y877;P04626_Y590;P04626_S653;P04626_Y1222;P04626_Y1221;P04626_N427;P04626_T948;P04626_S1107;P04626_Y1023;P04626_S998;P04626_S1049;P04626_N629;P04626_Y1248;P04626_T1124;P04626_Y274;P04626_S1122;P04626_T1166;P04626_T1172;P04626_Y1112;P04626_S728;P04626_S1083;P04626_S1002;P04626_S703;P04626_T1052;P04626_S1007;P04626_N530;P02452_K759;Q13009_Y1323;P11171_S200;P11171_K391;P08123_P558;P08123_S710;P08123_P174;P08123_P408;P08123_P420;P08123_S1104;P03956_K450;P03956_T288;P03956_L102;P03956_S280;P06239_Y25;P06239_Y263;P06239_S158;P15311_S249;P15311_Y291;P15311_T576;P15311_Y424;P15311_T425;P15311_Y205;P15311_Y478;P15311_Y201;P15311_Y128;P15311_S539;P15311_Y146;P15311_T214;P15311_T533;P15311_Y483;P15311_Y270;P15311_Y137;P15311_Y354;P15311_T332;P15311_Y116;P15311_Y191;P15311_T567;Q15303_Y1262;Q15303_M993;Q15303_Y1188;P35240_T581;P35240_Y207;P35240_T576;P35240_Y221;P35240_T556;P35240_Y144;P35240_Y217;P35240_T230;P12931_C501;P12931_K62;P12931_D45;P12931_K319;P12931_K319;P26038_T526;P26038_S429;P26038_Y205;P26038_Y128;P26038_T369;P26038_S144;P26038_S384;P26038_T539;P26038_K391;P26038_T4;P26038_T558;P26038_Y201;P26038_T425;P26038_Y191;P26038_S527;P26038_T567;P08575_K1200;P08575_K1200;P08575_S1002;P08575_Y926;P08575_Y453;P08575_Y689;P08575_S999;P08575_S995;P08575_S1297;P08575_S1003;P08575_S954;P08575_S1283;P08575_Y544;P06241_Y185;P06241_T457;P06241_K320;P06241_K320;P06241_S186;P06241_S188;P06241_T217;P06241_T216;P06241_Y91;P06241_Y150;P06241_Y93;P06241_Y339;P06241_Y231,,,,,,,,,,,CD4->INDUCES;CD74->INDUCES;COL1A1->INDUCES;COL1A2->INDUCES;EGFR->INDUCES;EPB41->INDUCES;ERBB2->INDUCES;ERBB4->INDUCES;EZR->INDUCES;FGF2->INDUCES;FYN->INDUCES;LCK->INDUCES;MMP1->INDUCES;MSN->INDUCES;NF2->INDUCES;PTPRC->INDUCES;SRC->INDUCES;SRGN->INDUCES;TIAM1->INDUCES;TP53->INDUCES,
SE_75,-0.36,2.52373690538e-07,CD44,P16070-1_S458,P16070,P16070-1,Canonical,S,458.0,35227748.0,N-Glycosylation,Glycosylation,SSWTDFFNPIsHPMGRGHQAG,False,1.0,,89.0,42.0,42.0,SE,CD44_S458.0,,,,,,,,,,DOC_PP4_FxxP_1;LIG_LIR_Apic_2;LIG_LIR_Nem_3,,,,,,,,,,,,,,
SE_77,0.166,3.58347537305e-07,CSDA,P16989-1_R258,P16989,P16989-1,Canonical,R,258.0,10862515.0,Methylation,Methylation,RRSRVLPHPNrIQAGEIGEMK,False,1.0,,8.0,198.0,8.0,SE,CSDA_R258.0,,,,,,,,,,DEG_Nend_UBRbox_1;TRG_Cilium_RVxP_2,,,,,,,,,,,,,,
SE_77,0.166,3.58347537305e-07,CSDA,P16989-1_R251,P16989,P16989-1,Canonical,R,251.0,10862536.0,Omega-N-methylarginine;Methylation,Methylation,HVGQTFDRRSrVLPHPNRIQA,False,2.0,1.0,29.0,177.0,29.0,SE,CSDA_R251.0,,,,,,,,,,CLV_NRD_NRD_1;CLV_PCSK_KEX2_1;DEG_CRBN_cyclicCter_1;DEG_Nend_UBRbox_3;LIG_14-3-3_CanoR_1;MOD_PKA_2,,,,,,,,,,,,,,
SE_77,0.166,3.58347537305e-07,CSDA,P16989-1_S250,P16989,P16989-1,Canonical,S,250.0,10862539.0,Phosphoserine,Phosphorylation,YHVGQTFDRRsRVLPHPNRIQ,False,1.0,,32.0,174.0,32.0,SE,CSDA_S250.0,,,,,,,,,,CLV_NRD_NRD_1;CLV_PCSK_KEX2_1;TRG_Cilium_RVxP_2;TRG_ER_diArg_1,,,,,,,,,,,,,,
SE_77,0.166,3.58347537305e-07,CSDA,P16989-1_T245,P16989,P16989-1,Canonical,T,245.0,10862554.0,Phosphothreonine,Phosphorylation,RRFPPYHVGQtFDRRSRVLPH,False,,1.0,47.0,159.0,47.0,SE,CSDA_T245.0,,,,,,,,,,CLV_NRD_NRD_1;CLV_PCSK_KEX2_1;DEG_Cend_FEM1AC_1;LIG_14-3-3_CterR_2;LIG_NRP_CendR_1;TRG_ER_diArg_1,,,,,,,,,,,,,,
SE_77,0.166,3.58347537305e-07,CSDA,P16989-1_Y240,P16989,P16989-1,Canonical,Y,240.0,10862569.0,Phosphotyrosine,Phosphorylation,PQYRQRRFPPyHVGQTFDRRS,False,,2.0,62.0,144.0,62.0,SE,CSDA_Y240.0,,,,,,,,,,CLV_NRD_NRD_1;CLV_PCSK_FUR_1;CLV_PCSK_KEX2_1;DEG_Nend_UBRbox_1;TRG_ER_diArg_1,,,,,,,,,,,,,,
SE_77,0.166,3.58347537305e-07,CSDA,P16989-1_R236,P16989,P16989-1,Canonical,R,236.0,10862581.0,Methylation,Methylation,PQYRPQYRQRrFPPYHVGQTF,False,2.0,4.0,74.0,132.0,74.0,SE,CSDA_R236.0,,,,,,,,,,LIG_Arc_Nlobe_1;LIG_PDZ_Class_2;TRG_ER_diArg_1,,,,,,,,,,,,,,
SE_77,0.166,3.58347537305e-07,CSDA,P16989-1_R235,P16989,P16989-1,Canonical,R,235.0,10862584.0,Methylation,Methylation,RPQYRPQYRQrRFPPYHVGQT,False,1.0,,77.0,129.0,77.0,SE,CSDA_R235.0,,,,,,,,,,DEG_Nend_Nbox_1;LIG_Arc_Nlobe_1;LIG_SH2_STAT3,,,,,,,,,,,,,,
SE_77,0.166,3.58347537305e-07,CSDA,P16989-1_R233,P16989,P16989-1,Canonical,R,233.0,10862590.0,Methylation,Methylation,LRRPQYRPQYrQRRFPPYHVG,False,1.0,1.0,83.0,123.0,83.0,SE,CSDA_R233.0,,,,,,,,,,CLV_NRD_NRD_1;CLV_PCSK_KEX2_1;LIG_Arc_Nlobe_1;LIG_SH2_STAT3;TRG_ER_diArg_1,,,,,,,,,,,,,,
SE_77,0.166,3.58347537305e-07,CSDA,P16989-1_Y232,P16989,P16989-1,Canonical,Y,232.0,10862593.0,Phosphotyrosine,Phosphorylation,QLRRPQYRPQyRQRRFPPYHV,False,,23.0,86.0,120.0,86.0,SE,CSDA_Y232.0,,,,,,,,,,CLV_NRD_NRD_1;CLV_PCSK_FUR_1;CLV_PCSK_KEX2_1;LIG_Arc_Nlobe_1;LIG_SH2_STAT3;TRG_ER_diArg_1,,,,,,,,,,,,,,
SE_77,0.166,3.58347537305e-07,CSDA,P16989-1_R229,P16989,P16989-1,Canonical,R,229.0,10862602.0,Methylation,Methylation,ARNQLRRPQYrPQYRQRRFPP,False,3.0,5.0,95.0,111.0,95.0,SE,CSDA_R229.0,,,,,,,,,,CLV_NRD_NRD_1;CLV_PCSK_KEX2_1;DEG_Cend_FEM1AC_1;DEG_Nend_UBRbox_3;LIG_Arc_Nlobe_1;LIG_NRP_CendR_1;LIG_SH2_STAT3;TRG_ER_diArg_1,,,,,,,,,,,,,,
SE_77,0.166,3.58347537305e-07,CSDA,P16989-1_Y228,P16989,P16989-1,Canonical,Y,228.0,10862605.0,Phosphotyrosine,Phosphorylation,GARNQLRRPQyRPQYRQRRFP,False,,3.0,98.0,108.0,98.0,SE,CSDA_Y228.0,,,,,,,,,,CLV_NRD_NRD_1;CLV_PCSK_KEX2_1;DEG_CRBN_cyclicCter_1;DEG_Nend_UBRbox_3;LIG_Arc_Nlobe_1;TRG_ER_diArg_1,,,,,,,,,,,,,,
SE_77,0.166,3.58347537305e-07,CSDA,P16989-1_R225,P16989,P16989-1,Canonical,R,225.0,10862614.0,Methylation,Methylation,QFSGARNQLRrPQYRPQYRQR,False,3.0,3.0,107.0,99.0,99.0,SE,CSDA_R225.0,,,,,,,,,,DEG_CRBN_cyclicCter_1;LIG_Arc_Nlobe_1;LIG_SH2_STAT3,,,,,,,,,,,,,,
SE_77,0.166,3.58347537305e-07,CSDA,P16989-1_R220,P16989,P16989-1,Canonical,R,220.0,10862629.0,Dimethylation;Methylation,Methylation,PATDRQFSGArNQLRRPQYRP,False,1.0,4.0,122.0,84.0,84.0,SE,CSDA_R220.0,,,,,,,,,,CLV_NRD_NRD_1;CLV_PCSK_KEX2_1;DEG_Nend_UBRbox_2;MOD_GlcNHglycan;TRG_ER_diArg_1,,,,,,,,,,,,,,
SE_77,0.166,3.58347537305e-07,CSDA,P16989-1_T212,P16989,P16989-1,Canonical,T,212.0,10862653.0,Phosphothreonine,Phosphorylation,GSSEGFDPPAtDRQFSGARNQ,False,,1.0,146.0,60.0,60.0,SE,CSDA_T212.0,,,,,,,,,,DEG_Nend_UBRbox_2;DOC_PP4_FxxP_1;LIG_14-3-3_CterR_2;LIG_LIR_Apic_2,,,,,,,,,,,,,,
SE_77,0.166,3.58347537305e-07,CSDA,P16989-1_S204,P16989,P16989-1,Canonical,S,204.0,10862677.0,Phosphoserine,Phosphorylation,GEEEEEGSGSsEGFDPPATDR,False,20.0,,170.0,36.0,36.0,SE,CSDA_S204.0,,,,,,,,,,DEG_Nend_UBRbox_2;DOC_PP4_FxxP_1;LIG_LIR_Apic_2;MOD_GlcNHglycan,,,,,ZAK->u;RPS6KB2->u;RPS6KB1->u;RPS6KA5.MSK1->u;RPS6KA3->u;CDC7-DBF4->u;CAMK2G->u;CAMK2D->u;ACVR1.ALK2->u,,,,,,,,,
SE_77,0.166,3.58347537305e-07,CSDA,P16989-1_S203,P16989,P16989-1,Canonical,S,203.0,10862680.0,Phosphoserine,Phosphorylation,AGEEEEEGSGsSEGFDPPATD,False,19.0,1.0,173.0,33.0,33.0,SE,CSDA_S203.0,,,,,,,,,,DEG_Nend_UBRbox_2;LIG_BRCT_BRCA1_1;MOD_CK1_1;MOD_GlcNHglycan,,,,,LATS2->u;CAMK2G->u;CAMK2D->u;CAMK2B->u;CAMK2A->u;BMPR1A->u,,,,,,,,,
SE_77,0.166,3.58347537305e-07,CSDA,P16989-1_S201,P16989,P16989-1,Canonical,S,201.0,10862686.0,Phosphoserine,Phosphorylation,NYAGEEEEEGsGSSEGFDPPA,False,17.0,1.0,179.0,27.0,27.0,SE,CSDA_S201.0,,,,,,,,,,LIG_BRCT_BRCA1_1;LIG_PDZ_Class_3,,,,,TLK1->u;PLK3->u;MAPK11->u;CAMK2D->u,,,,,,,,,
SE_77,0.166,3.58347537305e-07,CSDA,P16989-1_Y192,P16989,P16989-1,Canonical,Y,192.0,10862713.0,Phosphotyrosine,Phosphorylation,YGRRRGPPRNyAGEEEEEGSG,False,2.0,1.0,206.0,0.0,0.0,SE,CSDA_Y192.0,,,,,,,,,,CLV_NRD_NRD_1;CLV_PCSK_KEX2_1;DEG_Cend_DCAF12_1;DEG_Nend_UBRbox_1;LIG_WW_3,,,,,,,,,,,,,,
SE_79,-0.248,4.0095340102e-07,ENAH,Q8N8S7-1_S531,Q8N8S7,Q8N8S7-1,Canonical,S,531.0,225692703.0,Phosphoserine,Phosphorylation,QIVFDNRSYDsLHRPKSTPLS,False,8.0,,10.0,52.0,10.0,SE,ENAH_S531.0,,,,,,,,,,DEG_Nend_Nbox_1;LIG_14-3-3_CterR_2;LIG_LIR_Gen_1;LIG_LIR_Nem_3;LIG_SH2_CRK;MOD_N-GLC_1;MOD_Plk_1;MOD_Plk_2-3;TRG_ENDOCYTIC_2,,,,,,,,,,,,,,
SE_79,-0.248,4.0095340102e-07,ENAH,Q8N8S7-1_Y529,Q8N8S7,Q8N8S7-1,Canonical,Y,529.0,225692709.0,Phosphotyrosine,Phosphorylation,KNQIVFDNRSyDSLHRPKSTP,False,,2.0,16.0,46.0,16.0,SE,ENAH_Y529.0,,,,,,,,,,DEG_Nend_Nbox_1;MOD_CK1_1;MOD_N-GLC_1,,,,,,,,,,,,,,
SE_79,-0.248,4.0095340102e-07,ENAH,Q8N8S7-1_S528,Q8N8S7,Q8N8S7-1,Canonical,S,528.0,225692712.0,Phosphoserine,Phosphorylation,RKNQIVFDNRsYDSLHRPKST,False,2.0,1.0,19.0,43.0,19.0,SE,ENAH_S528.0,,,,,,,,,,DEG_Cend_FEM1B_2;DEG_Nend_UBRbox_3;LIG_PTB_Apo_2;LIG_PTB_Phospho_1;LIG_SH2_CRK;TRG_ENDOCYTIC_2,,,,,,,,,,,,,,
SE_79,-0.248,4.0095340102e-07,ENAH,Q8N8S7-1_R527,Q8N8S7,Q8N8S7-1,Canonical,R,527.0,225692715.0,Methylation,Methylation,PRKNQIVFDNrSYDSLHRPKS,False,1.0,,22.0,40.0,22.0,SE,ENAH_R527.0,,,,,,,,,,DEG_Nend_UBRbox_3;LIG_LIR_Nem_3;LIG_PTB_Apo_2;LIG_PTB_Phospho_1;LIG_SH2_CRK;MOD_N-GLC_1;MOD_Plk_1;MOD_Plk_2-3;TRG_ENDOCYTIC_2,,,,,,,,,,,,,,
SE_79,-0.248,4.0095340102e-07,ENAH,Q8N8S7-1_S516,Q8N8S7,Q8N8S7-1,Canonical,S,516.0,225692748.0,Phosphoserine,Phosphorylation,SKSPVISRRDsPRKNQIVFDN,False,3.0,2.0,55.0,7.0,7.0,SE,ENAH_S516.0,,,,,,,,,,CLV_NRD_NRD_1;CLV_PCSK_KEX2_1,,Q70E73_T784;Q70E73_T784;Q6XZF7_T511;Q15942_Y20;Q15942_A2;Q15942_K24;Q15942_K25;Q15942_K25;O00213_S459;O00213_K48,,,,,,,,,,,APBB1->INDUCES;DNMBP->INDUCES;RAPH1->INDUCES;ZYX->INDUCES,
SE_80,-0.188,4.17884655686e-07,YAP1,P46937-1_S340,P46937,P46937-1,Canonical,S,340.0,102080281.0,Phosphoserine,Phosphorylation,MRNINPSTANsPKCQELALRS,False,9.0,,33.0,14.0,14.0,SE,YAP1_S340.0,,,,,,,,,,DEG_Nend_Nbox_1,,,,,,,,,,,,,,
SE_80,-0.188,4.17884655686e-07,YAP1,P46937-1_K342,P46937,P46937-1,Canonical,K,342.0,102080287.0,Ubiquitination,Ubiquitination,NINPSTANSPkCQELALRSQL,False,2.0,,39.0,8.0,8.0,SE,YAP1_K342.0,"carcinogenesis, altered",,,protein degradation,,,,,,DOC_WW_Pin1_4;LIG_PDZ_Class_2;MOD_ProDKin_1,,,,,,,,,,,,,,
SE_85,0.154,2.67242141899e-06,PLOD2,O00469-2_T510,O00469,O00469-2,Alternative,T,510.0,145795684.0,Phosphothreonine,Phosphorylation,MTLQREKDSPtPETFQMLSPP,False,,1.0,35.0,27.0,27.0,SE,PLOD2_T510.0,,,,,,,,,,DEG_Nend_UBRbox_3;DOC_WW_Pin1_4;MOD_ProDKin_1,,,,,,,,,,,,,,
SE_85,0.154,2.67242141899e-06,PLOD2,O00469-2_S508,O00469,O00469-2,Alternative,S,508.0,145795690.0,Phosphoserine,Phosphorylation,REMTLQREKDsPTPETFQMLS,False,,1.0,41.0,21.0,21.0,SE,PLOD2_S508.0,,,,,,,,,,DOC_WW_Pin1_4;LIG_PDZ_Class_3;LIG_TRAF3_MATH_PxP_3;MOD_ProDKin_1,,,,,,,,,,,,,,
SE_85,0.154,2.67242141899e-06,PLOD2,O00469-2_K506,O00469,O00469-2,Alternative,K,506.0,145795696.0,Ubiquitination,Ubiquitination,NAREMTLQREkDSPTPETFQM,False,1.0,,47.0,15.0,15.0,SE,PLOD2_K506.0,,,,,,,,,,DEG_Nend_UBRbox_2;DOC_WW_Pin1_4;MOD_ProDKin_1,,,,,,,,,,,,,,
SE_88,0.219,5.24254024868e-06,PRC1,O43663-1_T593,O43663,O43663-1,Canonical,T,593.0,91512323.0,Phosphothreonine,Phosphorylation,AKDPSLSDSStVGLQRELSKA,False,,1.0,14.0,27.0,14.0,SE,PRC1_T593.0,,,,,,,,,,CLV_C14_Caspase3-7;MOD_CK1_1;MOD_Plk_1,,,,,,,,,,,,,,
SE_88,0.219,5.24254024868e-06,PRC1,O43663-1_S592,O43663,O43663-1,Canonical,S,592.0,91512326.0,Phosphoserine,Phosphorylation,FAKDPSLSDSsTVGLQRELSK,False,1.0,6.0,17.0,24.0,17.0,SE,PRC1_S592.0,,,,,,,,,,CLV_C14_Caspase3-7;DEG_Cend_FEM1B_2;DEG_Nend_UBRbox_2;LIG_FHA_1;LIG_WD40_WDR5_VDV_2;MOD_GSK3_1,,,,,,,,,,,,,,
SE_88,0.219,5.24254024868e-06,PRC1,O43663-1_S591,O43663,O43663-1,Canonical,S,591.0,91512329.0,Phosphoserine,Phosphorylation,EFAKDPSLSDsSTVGLQRELS,False,,4.0,20.0,21.0,20.0,SE,PRC1_S591.0,,,,,,,,,,DEG_Cend_TRIM7_1;DEG_CRBN_cyclicCter_1;DEG_Nend_UBRbox_1;LIG_FHA_1;LIG_WD40_WDR5_VDV_2;MOD_CK1_1;MOD_GSK3_1;MOD_Plk_1,,,,,,,,,,,,,,
SE_88,0.219,5.24254024868e-06,PRC1,O43663-1_S589,O43663,O43663-1,Canonical,S,589.0,91512335.0,Phosphoserine,Phosphorylation,YSEFAKDPSLsDSSTVGLQRE,False,2.0,3.0,26.0,15.0,15.0,SE,PRC1_S589.0,,,,,,,,,,CLV_C14_Caspase3-7;DEG_Nend_Nbox_1;LIG_WD40_WDR5_VDV_2;MOD_GSK3_1;MOD_Plk_1,,,,,,,,,,,,,,
SE_88,0.219,5.24254024868e-06,PRC1,O43663-1_S587,O43663,O43663-1,Canonical,S,587.0,91512341.0,Phosphoserine,Phosphorylation,STYSEFAKDPsLSDSSTVGLQ,False,2.0,6.0,32.0,9.0,9.0,SE,PRC1_S587.0,,,,,,,,,,LIG_BIR_II_1;MOD_GSK3_1,,,,,,,,,,,,,,
SE_90,-0.173,8.68094097376e-06,MBNL1,Q9NR56-1_T270,Q9NR56,Q9NR56-1,Canonical,T,270.0,152164493.0,Phosphothreonine,Phosphorylation,AQAAATAAAMtQSAVKSLKRP,False,,1.0,0.0,53.0,0.0,SE,MBNL1_T270.0,,,,,,,,,,LIG_BIR_II_1;MOD_GlcNHglycan;MOD_GSK3_1,,,,,,,,,,,,,,
SE_90,-0.173,8.68094097376e-06,MBNL1,Q9NR56-1_S272,Q9NR56,Q9NR56-1,Canonical,S,272.0,152164499.0,Phosphoserine,Phosphorylation,AAATAAAMTQsAVKSLKRPLE,False,1.0,1.0,6.0,47.0,6.0,SE,MBNL1_S272.0,,,,,,,,,,DOC_USP7_MATH_1;MOD_PIKK_1,,,,,,,,,,,,,,
SE_90,-0.173,8.68094097376e-06,MBNL1,Q9NR56-1_K278,Q9NR56,Q9NR56-1,Canonical,K,278.0,152164517.0,Ubiquitination,Ubiquitination,AMTQSAVKSLkRPLEATFDLG,False,1.0,,24.0,29.0,24.0,SE,MBNL1_K278.0,,,,,,,,,,DEG_Nend_UBRbox_3;DOC_CYCLIN_yCln2_LP_2;DOC_USP7_MATH_1;LIG_WD40_WDR5_VDV_2;MOD_GlcNHglycan,,,,,,,,,,,,,,
SE_91,0.156,8.7916354149e-06,TJP1,Q07157-1_S994,Q07157,Q07157-1,Canonical,S,994.0,30012004.0,Phosphoserine,Phosphorylation,IMLRDQEPSLsSHVDPTKVYR,False,1.0,,23.0,216.0,23.0,SE,TJP1_S994.0,,,,,,,,,,DEG_Nend_UBRbox_1;LIG_WD40_WDR5_VDV_2;MOD_CK1_1,,,,,,,,,,,,,,
SE_91,0.156,8.7916354149e-06,TJP1,Q07157-1_S992,Q07157,Q07157-1,Canonical,S,992.0,30012010.0,Phosphoserine,Phosphorylation,AHIMLRDQEPsLSSHVDPTKV,False,1.0,,29.0,210.0,29.0,SE,TJP1_S992.0,,,,,,,,,,DEG_Nend_Nbox_1,,,,,,,,,,,,,,
SE_91,0.156,8.7916354149e-06,TJP1,Q07157-1_T979,Q07157,Q07157-1,Canonical,T,979.0,30012049.0,Phosphothreonine,Phosphorylation,PQADSLRTPStEAAHIMLRDQ,False,1.0,9.0,68.0,171.0,68.0,SE,TJP1_T979.0,,,,,,,,,,DEG_Nend_UBRbox_2;DEG_SCF_FBW7_2;DOC_CKS1_1;DOC_WW_Pin1_4;MOD_CK1_1;MOD_ProDKin_1,,,,,,,,,,,,,,
SE_91,0.156,8.7916354149e-06,TJP1,Q07157-1_S978,Q07157,Q07157-1,Canonical,S,978.0,30012052.0,Phosphoserine,Phosphorylation,SPQADSLRTPsTEAAHIMLRD,False,1.0,5.0,71.0,168.0,71.0,SE,TJP1_S978.0,,,,,,,,,,DEG_SCF_FBW7_2;DOC_CKS1_1;DOC_WW_Pin1_4;LIG_14-3-3_CanoR_1;LIG_BIR_II_1;MOD_CK1_1;MOD_ProDKin_1;TRG_PTS1,,,,,,,,,,,,,,
SE_91,0.156,8.7916354149e-06,TJP1,Q07157-1_T976,Q07157,Q07157-1,Canonical,T,976.0,30012058.0,Phosphothreonine,Phosphorylation,SYSPQADSLRtPSTEAAHIML,False,1.0,1.0,77.0,162.0,77.0,SE,TJP1_T976.0,,,,,,,,,,LIG_PDZ_Class_3,,,,,,,,,,,,,,
SE_91,0.156,8.7916354149e-06,TJP1,Q07157-1_S973,Q07157,Q07157-1,Canonical,S,973.0,30012067.0,Phosphoserine,Phosphorylation,PSTSYSPQADsLRTPSTEAAH,False,2.0,1.0,86.0,153.0,86.0,SE,TJP1_S973.0,,,,,,,,,,DOC_CKS1_1;DOC_WW_Pin1_4;LIG_14-3-3_CterR_2;LIG_BIR_II_1;LIG_SH2_STAT3;MOD_ProDKin_1,,,,,,,,,,,,,,
SE_91,0.156,8.7916354149e-06,TJP1,Q07157-1_S968,Q07157,Q07157-1,Canonical,S,968.0,30012082.0,Phosphoserine,Phosphorylation,EPTPAPSTSYsPQADSLRTPS,False,12.0,,101.0,138.0,101.0,SE,TJP1_S968.0,,,,,,,,,,DEG_SPOP_SBC_1;DOC_USP7_MATH_1;LIG_PDZ_Class_3;LIG_SH2_STAT3,,,,,,,,,,,,,,
SE_91,0.156,8.7916354149e-06,TJP1,Q07157-1_Y967,Q07157,Q07157-1,Canonical,Y,967.0,30012085.0,Phosphotyrosine,Phosphorylation,EEPTPAPSTSySPQADSLRTP,False,1.0,2.0,104.0,135.0,104.0,SE,TJP1_Y967.0,,,,,,,,,,DEG_SPOP_SBC_1;DOC_USP7_MATH_1;DOC_WW_Pin1_4;MOD_GSK3_1;MOD_ProDKin_1,,,,,,,,,,,,,,
SE_91,0.156,8.7916354149e-06,TJP1,Q07157-1_S966,Q07157,Q07157-1,Canonical,S,966.0,30012088.0,Phosphoserine,Phosphorylation,LEEPTPAPSTsYSPQADSLRT,False,1.0,,107.0,132.0,107.0,SE,TJP1_S966.0,,,,,,,,,,DEG_SCF_FBW7_1;DOC_USP7_MATH_1;DOC_WW_Pin1_4;LIG_SH2_STAT3;MOD_GSK3_1;MOD_ProDKin_1,,,,,,,,,,,,,,
SE_91,0.156,8.7916354149e-06,TJP1,Q07157-1_T965,Q07157,Q07157-1,Canonical,T,965.0,30012091.0,Phosphothreonine,Phosphorylation,RLEEPTPAPStSYSPQADSLR,False,1.0,,110.0,129.0,110.0,SE,TJP1_T965.0,,,,,,,,,,DEG_Nend_UBRbox_2;DEG_SCF_FBW7_1;DOC_USP7_MATH_1;DOC_WW_Pin1_4;LIG_SH2_STAT3;MOD_GSK3_1;MOD_ProDKin_1,,,,,,,,,,,,,,
SE_91,0.156,8.7916354149e-06,TJP1,Q07157-1_S964,Q07157,Q07157-1,Canonical,S,964.0,30012094.0,Phosphoserine,Phosphorylation,VRLEEPTPAPsTSYSPQADSL,False,1.0,1.0,113.0,126.0,113.0,SE,TJP1_S964.0,,,,,,,,,,DEG_CRBN_cyclicCter_1;DEG_Nend_UBRbox_2;DOC_USP7_MATH_1;DOC_WW_Pin1_4;LIG_SH2_STAT3;MOD_ProDKin_1,,,,,,,,,,,,,,
SE_91,0.156,8.7916354149e-06,TJP1,Q07157-1_T936,Q07157,Q07157-1,Canonical,T,936.0,30012178.0,Phosphothreonine,Phosphorylation,SSPVPYLSPEtNPASSTSAVN,False,1.0,,197.0,42.0,42.0,SE,TJP1_T936.0,,,,,,,,,,DEG_SPOP_SBC_1;DOC_USP7_MATH_1;DOC_WW_Pin1_4;LIG_MYND_1;LIG_SH2_STAT5;MOD_ProDKin_1,,,,,,,,,,,,,,
SE_91,0.156,8.7916354149e-06,TJP1,Q07157-1_S933,Q07157,Q07157-1,Canonical,S,933.0,30012187.0,Phosphoserine,Phosphorylation,AEASSPVPYLsPETNPASSTS,False,2.0,3.0,206.0,33.0,33.0,SE,TJP1_S933.0,,,,,,,,,,LIG_BIR_II_1;LIG_MYND_1;LIG_SH2_STAT5,,,,,,,,,,,,,,
SE_91,0.156,8.7916354149e-06,TJP1,Q07157-1_Y931,Q07157,Q07157-1,Canonical,Y,931.0,30012193.0,Phosphotyrosine,Phosphorylation,QKAEASSPVPyLSPETNPASS,False,,9.0,212.0,27.0,27.0,SE,TJP1_Y931.0,,,,,,,,,,DEG_CRBN_cyclicCter_1;DEG_Nend_UBRbox_2;DOC_WW_Pin1_4;LIG_MYND_1;MOD_ProDKin_1,,,,,,,,,,,,,,
SE_91,0.156,8.7916354149e-06,TJP1,Q07157-1_S927,Q07157,Q07157-1,Canonical,S,927.0,30012205.0,Phosphoserine,Phosphorylation,PASQQKAEASsPVPYLSPETN,False,5.0,2.0,224.0,15.0,15.0,SE,TJP1_S927.0,,,,,,,,,,DEG_Nend_UBRbox_3;DOC_USP7_MATH_1,,,,,,,,,,,,,,
SE_91,0.156,8.7916354149e-06,TJP1,Q07157-1_S926,Q07157,Q07157-1,Canonical,S,926.0,30012208.0,Phosphoserine,Phosphorylation,KPASQQKAEAsSPVPYLSPET,False,2.0,1.0,227.0,12.0,12.0,SE,TJP1_S926.0,,,,,,,,,,DOC_WW_Pin1_4;LIG_BIR_II_1;LIG_WD40_WDR5_VDV_2;MOD_ProDKin_1,,,,,,,,,,,,,,
SE_93,0.213,1.25888507528e-05,ABI1,Q8IZP0-1_S361,Q8IZP0,Q8IZP0-1,Canonical,S,361.0,27044668.0,Phosphoserine,Phosphorylation,GGPLYSQNSIsIAPPPPPMPQ,False,1.0,,84.0,2.0,2.0,SE,ABI1_S361.0,,,,,,,,,,DEG_Nend_Nbox_1;LIG_SH3_3;MOD_CK1_1,,P16333_Y339;Q12929_T317;P42768_Y291;P42768_T286;P42768_S277;P01106_T365;P01106_S359;Q07889_Y348;Q07889_Y681;Q07889_Y353;Q07889_Y215;Q96F07_K189;Q96F07_K775;Q96F07_K320;Q96F07_K749;Q96F07_K1234;Q96F07_K110;Q9Y6W5_K216;Q8TE67_Y10;Q8TE68_T305;Q9Y2A7_T914;Q9Y2A7_K42;Q9Y2A7_S631;Q9Y2A7_K401;Q9Y2A7_K901;Q9H6S3_T303;Q9H6S3_T184;Q9H6S3_T572;Q9H6S3_T625;Q07890_S393;Q07890_S1032;Q07890_S1132;Q07890_S1258;Q07890_S1168;Q07890_S800;Q07890_S1047;Q07890_S1202;Q07890_S1315;Q07890_S1128;Q07890_S1267;Q07890_S1085;Q07890_S1081;Q07890_Y213;P08631_S462;P08631_Y515;P08631_S57;P08631_K228;P08631_Y127;P08631_K28;P08631_K124;P08631_Y51;P08631_Y330;P12931_S75;P12931_Y187;P12931_Y95;P12931_Y93;P12931_Y152;P12931_K319;P12931_K319;P12931_Y232;P12931_Y233;P00519_S639;P00519_S737;P00519_K434;P00519_Y134;P00519_Y191;Q9UQB8_Y164;Q92558_S68,,,,,,,,,,,ABL1->INDUCES;BAIAP2->INDUCES;CYFIP2->INDUCES;EPS8->INDUCES;EPS8L1->INDUCES;EPS8L2->INDUCES;EPS8L3->INDUCES;HCK->INDUCES;MYC->INDUCES;NCK1->INDUCES;NCKAP1->INDUCES;SOS1->INDUCES;SOS2->INDUCES;SRC->INDUCES;WAS->INDUCES;WASF1->INDUCES;WASF2->INDUCES,
SE_99,-0.219,4.18472157275e-05,TSC2,P49815-1_K954,P49815,P49815-1,Canonical,K,954.0,2127621.0,Ubiquitination,Ubiquitination,PKSLRIARPPkQGLNNSPPVK,False,1.0,,22.0,106.0,22.0,SE,TSC2_K954.0,,,,,,,,,,DEG_Nend_Nbox_1,,,,,,,,,,,,,,
SE_99,-0.219,4.18472157275e-05,TSC2,P49815-1_S960,P49815,P49815-1,Canonical,S,960.0,2127639.0,Phosphoserine,Phosphorylation,ARPPKQGLNNsPPVKEFKESS,False,5.0,,40.0,88.0,40.0,SE,TSC2_S960.0,,,,,,,,,,,,,,,,,,,,,,,,
SE_99,-0.219,4.18472157275e-05,TSC2,P49815-1_K964,P49815,P49815-1,Canonical,K,964.0,2127651.0,Ubiquitination,Ubiquitination,KQGLNNSPPVkEFKESSAAEA,False,1.0,,52.0,76.0,52.0,SE,TSC2_K964.0,,,,,,,,,,DEG_Nend_Nbox_1;DOC_WW_Pin1_4;MOD_N-GLC_1;MOD_ProDKin_1;MOD_SUMO_rev_2,,,,,,,,,,,,,,
SE_99,-0.219,4.18472157275e-05,TSC2,P49815-1_K967,P49815,P49815-1,Canonical,K,967.0,2127660.0,Methylation,Methylation,LNNSPPVKEFkESSAAEAFRC,False,1.0,,61.0,67.0,61.0,SE,TSC2_K967.0,,,,,,,,,,LIG_BIR_II_1;MOD_CK2_1;MOD_GlcNHglycan,,,,,,,,,,,,,,
SE_99,-0.219,4.18472157275e-05,TSC2,P49815-1_S981,P49815,P49815-1,Canonical,S,981.0,2127702.0,Phosphoserine,Phosphorylation,AAEAFRCRSIsVSEHVVRSRI,False,16.0,7.0,103.0,25.0,25.0,SE,TSC2_S981.0,"carcinogenesis, inhibited; cell growth, inhibited; autophagy, inhibited; signaling pathway regulation",14-3-3 zeta(INDUCES); 14-3-3 epsilon(INDUCES),,"molecular association, regulation; intracellular localization; activity, inhibited",SGK1;AKT1,,P31749,SLiM,MOD_PKB_1,LIG_BIR_II_1;MOD_GSK3_1;MOD_PK_1;TRG_ER_diArg_1,YWHAE->Enhance;YWHAZ->Enhance,,,,,,,,,,,PHORBOL_ESTER->u,AKT1->REGULATES;SGK1->REGULATES;YWHAE->INDUCES;YWHAZ->INDUCES,
SE_100,0.094,5.93777417652e-05,NDUFV3,P56181-2_T70,P56181,P56181-2,Alternative,T,70.0,44323330.0,Phosphothreonine,Phosphorylation,EPKERGKLLAtQTAAELSKNL,False,1.0,,38.0,1056.0,38.0,SE,NDUFV3_T70.0,,,,,,,,,,DEG_Nend_UBRbox_2;LIG_FHA_2;LIG_WD40_WDR5_VDV_2;MOD_CK2_1;TRG_DiLeu_BaEn_1,,O43678_A2,,,,,,,,,,,NDUFA2->INDUCES,
SE_100,0.094,5.93777417652e-05,NDUFV3,P56181-2_T72,P56181,P56181-2,Alternative,T,72.0,44323336.0,Phosphothreonine,Phosphorylation,KERGKLLATQtAAELSKNLSS,False,1.0,,44.0,1050.0,44.0,SE,NDUFV3_T72.0,,,,,,,,,,LIG_WD40_WDR5_VDV_2;MOD_PIKK_1,,,,,,,,,,,,,,
SE_100,0.094,5.93777417652e-05,NDUFV3,P56181-2_S77,P56181,P56181-2,Alternative,S,77.0,44323351.0,Phosphoserine,Phosphorylation,LLATQTAAELsKNLSSPSSYP,False,1.0,,59.0,1035.0,59.0,SE,NDUFV3_S77.0,,,,,,,,,,LIG_FHA_2;LIG_WD40_WDR5_VDV_2;MOD_N-GLC_1,,O43678_A2,,,,,,,,,,,NDUFA2->INDUCES,
SE_100,0.094,5.93777417652e-05,NDUFV3,P56181-2_S82,P56181,P56181-2,Alternative,S,82.0,44323366.0,Phosphoserine,Phosphorylation,TAAELSKNLSsPSSYPPAVNK,False,1.0,,74.0,1020.0,74.0,SE,NDUFV3_S82.0,,,,,,,,,,DEG_Nend_UBRbox_2;MOD_CK1_1;MOD_GSK3_1;MOD_N-GLC_1,,,,,,,,,,,,,,
SE_100,0.094,5.93777417652e-05,NDUFV3,P56181-2_S98,P56181,P56181-2,Alternative,S,98.0,44323414.0,Phosphoserine,Phosphorylation,PAVNKGRKVAsPSPSGSVLFT,False,10.0,,122.0,972.0,122.0,SE,NDUFV3_S98.0,,,,,,,,,,CLV_NRD_NRD_1;DEG_Nend_UBRbox_3;DOC_USP7_MATH_1;DOC_WW_Pin1_4;LIG_SH3_3;MOD_Cter_Amidation;MOD_GlcNHglycan;MOD_GSK3_1;MOD_ProDKin_1,,O43678_K98;O43678_A2,,,,,,,,,,,NDUFA2->INDUCES,
SE_100,0.094,5.93777417652e-05,NDUFV3,P56181-2_S100,P56181,P56181-2,Alternative,S,100.0,44323420.0,Phosphoserine,Phosphorylation,VNKGRKVASPsPSGSVLFTDE,False,2.0,,128.0,966.0,128.0,SE,NDUFV3_S100.0,,,,,,,,,,CLV_NRD_NRD_1;DOC_USP7_MATH_1;DOC_WW_Pin1_4;LIG_PDZ_Class_1;LIG_SH3_3;MOD_GlcNHglycan;MOD_GSK3_1;MOD_ProDKin_1,,,,,,,,,,,,,,
SE_100,0.094,5.93777417652e-05,NDUFV3,P56181-2_S104,P56181,P56181-2,Alternative,S,104.0,44323432.0,Phosphoserine,Phosphorylation,RKVASPSPSGsVLFTDEGVPK,False,1.0,1.0,140.0,954.0,140.0,SE,NDUFV3_S104.0,,,,,,,,,,DOC_USP7_MATH_1;DOC_WW_Pin1_4;LIG_BIR_II_1;LIG_BIR_III_1;LIG_BIR_III_3;MOD_GlcNHglycan;MOD_ProDKin_1,,,,,,,,,,,,,,
SE_100,0.094,5.93777417652e-05,NDUFV3,P56181-2_T108,P56181,P56181-2,Alternative,T,108.0,44323444.0,Phosphothreonine,Phosphorylation,SPSPSGSVLFtDEGVPKFLSR,False,,2.0,152.0,942.0,152.0,SE,NDUFV3_T108.0,,,,,,,,,,DOC_USP7_MATH_1;LIG_BRCT_BRCA1_1;MOD_GlcNHglycan;MOD_Plk_4,,,,,,,,,,,,,,
SE_100,0.094,5.93777417652e-05,NDUFV3,P56181-2_S117,P56181,P56181-2,Alternative,S,117.0,44323471.0,Phosphoserine,Phosphorylation,FTDEGVPKFLsRKTLVEFPQK,False,1.0,2.0,179.0,915.0,179.0,SE,NDUFV3_S117.0,,,,,,,,,,CLV_NRD_NRD_1;DEG_Nend_UBRbox_2;LIG_14-3-3_CanoR_1;LIG_Arc_Nlobe_1;MOD_CK2_1;MOD_PKA_2;MOD_Plk_4;TRG_Pf-PMV_PEXEL_1,,,,,,,,,,,,,,
SE_100,0.094,5.93777417652e-05,NDUFV3,P56181-2_K127,P56181,P56181-2,Alternative,K,127.0,44323501.0,Ubiquitination,Ubiquitination,SRKTLVEFPQkVLSPFRKQGS,False,1.0,,209.0,885.0,209.0,SE,NDUFV3_K127.0,,,,,,,,,,DOC_WW_Pin1_4;LIG_SH3_3;MOD_CDC14_SPxK_1;MOD_CDK_SPxK_1;MOD_ProDKin_1,,O43678_A2;O43678_K64,,,,,,,,,,,NDUFA2->INDUCES,
SE_100,0.094,5.93777417652e-05,NDUFV3,P56181-2_S130,P56181,P56181-2,Alternative,S,130.0,44323510.0,Phosphoserine,Phosphorylation,TLVEFPQKVLsPFRKQGSDSE,False,1.0,,218.0,876.0,218.0,SE,NDUFV3_S130.0,,,,,,,,,,CLV_NRD_NRD_1;DEG_Nend_UBRbox_2;LIG_SH3_3,,,,,,,,,,,,,,
SE_100,0.094,5.93777417652e-05,NDUFV3,P56181-2_S137,P56181,P56181-2,Alternative,S,137.0,44323531.0,Phosphoserine,Phosphorylation,KVLSPFRKQGsDSEARQVGRK,False,,1.0,239.0,855.0,239.0,SE,NDUFV3_S137.0,,,,,,,,,,CLV_NRD_NRD_1;DEG_CRBN_cyclicCter_1;LIG_BIR_II_1;MOD_CDC14_SPxK_1,,,,,,,,,,,,,,
SE_100,0.094,5.93777417652e-05,NDUFV3,P56181-2_S152,P56181,P56181-2,Alternative,S,152.0,44323576.0,Phosphoserine,Phosphorylation,RQVGRKVTSPsSSSSSSSSDS,False,,1.0,284.0,810.0,284.0,SE,NDUFV3_S152.0,,,,,,,,,,CLV_NRD_NRD_1;CLV_PCSK_SKI1_1;DEG_SPOP_SBC_1;DOC_USP7_MATH_1;DOC_WW_Pin1_4;LIG_14-3-3_CanoR_1;LIG_SH3_3;MOD_CK1_1;MOD_GSK3_1;MOD_PKA_1;MOD_ProDKin_1,,,,,,,,,,,,,,
SE_100,0.094,5.93777417652e-05,NDUFV3,P56181-2_S154,P56181,P56181-2,Alternative,S,154.0,44323582.0,Phosphoserine,Phosphorylation,VGRKVTSPSSsSSSSSSDSES,False,,2.0,290.0,804.0,290.0,SE,NDUFV3_S154.0,,,,,,,,,,DEG_Nend_UBRbox_1;DOC_WW_Pin1_4;MOD_CK1_1;MOD_GSK3_1;MOD_ProDKin_1,,O43678_A2,,,,,,,,,,,NDUFA2->INDUCES,
SE_100,0.094,5.93777417652e-05,NDUFV3,P56181-2_S155,P56181,P56181-2,Alternative,S,155.0,44323585.0,Phosphoserine,Phosphorylation,GRKVTSPSSSsSSSSSDSESD,False,,1.0,293.0,801.0,293.0,SE,NDUFV3_S155.0,,,,,,,,,,DOC_USP7_MATH_1;MOD_CK1_1;MOD_GSK3_1,,O43678_A2;O14561_C140,,,,,,,,,,,NDUFA2->INDUCES;NDUFAB1->INDUCES,
SE_100,0.094,5.93777417652e-05,NDUFV3,P56181-2_S156,P56181,P56181-2,Alternative,S,156.0,44323588.0,Phosphoserine,Phosphorylation,RKVTSPSSSSsSSSSDSESDD,False,1.0,1.0,296.0,798.0,296.0,SE,NDUFV3_S156.0,,,,,,,,,,CLV_C14_Caspase3-7;DEG_SPOP_SBC_1;DOC_USP7_MATH_1;MOD_CK1_1;MOD_GSK3_1,,O43678_A2,,,,,,,,,,,NDUFA2->INDUCES,
SE_100,0.094,5.93777417652e-05,NDUFV3,P56181-2_S157,P56181,P56181-2,Alternative,S,157.0,44323591.0,Phosphoserine,Phosphorylation,KVTSPSSSSSsSSSDSESDDE,False,1.0,1.0,299.0,795.0,299.0,SE,NDUFV3_S157.0,,,,,,,,,,CLV_C14_Caspase3-7;DEG_SPOP_SBC_1;DOC_USP7_MATH_1;LIG_BIR_II_1;MOD_CK1_1;MOD_CK2_1;MOD_GSK3_1,,O43678_A2,,,,,,,,,,,NDUFA2->INDUCES,
SE_100,0.094,5.93777417652e-05,NDUFV3,P56181-2_S158,P56181,P56181-2,Alternative,S,158.0,44323594.0,Phosphoserine,Phosphorylation,VTSPSSSSSSsSSDSESDDEA,False,1.0,2.0,302.0,792.0,302.0,SE,NDUFV3_S158.0,,,,,,,,,,DEG_SPOP_SBC_1;DOC_USP7_MATH_1;MOD_CK1_1;MOD_CK2_1;MOD_GSK3_1,,O43678_A2,,,,,,,,,,,NDUFA2->INDUCES,
SE_100,0.094,5.93777417652e-05,NDUFV3,P56181-2_S159,P56181,P56181-2,Alternative,S,159.0,44323597.0,Phosphoserine,Phosphorylation,TSPSSSSSSSsSDSESDDEAD,False,4.0,1.0,305.0,789.0,305.0,SE,NDUFV3_S159.0,,,,,,,,,,CLV_C14_Caspase3-7;LIG_BIR_II_1;MOD_CK1_1;MOD_CK2_1;MOD_GSK3_1,,O43678_A2,,,,,,,,,,,NDUFA2->INDUCES,
SE_100,0.094,5.93777417652e-05,NDUFV3,P56181-2_S160,P56181,P56181-2,Alternative,S,160.0,44323600.0,Phosphoserine,Phosphorylation,SPSSSSSSSSsDSESDDEADV,False,5.0,1.0,308.0,786.0,308.0,SE,NDUFV3_S160.0,,,,,,,,,,CLV_C14_Caspase3-7;LIG_BIR_II_1;MOD_CK1_1;MOD_GSK3_1,,O43678_A2;O14561_K92,,,,,,,,,,,NDUFA2->INDUCES;NDUFAB1->INDUCES,
SE_100,0.094,5.93777417652e-05,NDUFV3,P56181-2_S162,P56181,P56181-2,Alternative,S,162.0,44323606.0,Phosphoserine,Phosphorylation,SSSSSSSSSDsESDDEADVSE,False,7.0,1.0,314.0,780.0,314.0,SE,NDUFV3_S162.0,,,,,,,,,,LIG_BIR_II_1;LIG_PDZ_Class_3;MOD_CK1_1;MOD_CK2_1;MOD_GSK3_1;MOD_Plk_2-3,,O43678_A2;O14561_K92,,,,,,,,,,,NDUFA2->INDUCES;NDUFAB1->INDUCES,
SE_100,0.094,5.93777417652e-05,NDUFV3,P56181-2_S164,P56181,P56181-2,Alternative,S,164.0,44323612.0,Phosphoserine,Phosphorylation,SSSSSSSDSEsDDEADVSEVT,False,16.0,3.0,320.0,774.0,320.0,SE,NDUFV3_S164.0,,,,,,,,,,CLV_C14_Caspase3-7;LIG_BIR_II_1;LIG_WD40_WDR5_VDV_2;MOD_CK1_1;MOD_CK2_1,,O43678_A2;O14561_K92,,,,,,,,,,,NDUFA2->INDUCES;NDUFAB1->INDUCES,
SE_100,0.094,5.93777417652e-05,NDUFV3,P56181-2_R182,P56181,P56181-2,Alternative,R,182.0,44323666.0,Methylation,Methylation,EVTPRVVSKGrGGLRKPEASH,False,1.0,,374.0,720.0,374.0,SE,NDUFV3_R182.0,,,,,,,,,,CLV_NRD_NRD_1,,,,,,,,,,,,,,
SE_100,0.094,5.93777417652e-05,NDUFV3,P56181-2_K208,P56181,P56181-2,Alternative,K,208.0,44323744.0,Ubiquitination,Ubiquitination,APRVTVSAKEkTLLQKPHVDI,False,1.0,,452.0,642.0,452.0,SE,NDUFV3_K208.0,,,,,,,,,,LIG_WD40_WDR5_VDV_2;MOD_CK2_1;MOD_GlcNHglycan;MOD_Plk_1;MOD_Plk_4,,,,,,,,,,,,,,
SE_100,0.094,5.93777417652e-05,NDUFV3,P56181-2_K223,P56181,P56181-2,Alternative,K,223.0,44323789.0,N6-acetyllysine,Acetylation,KPHVDITDPEkPHQPKKKGSP,False,,,497.0,597.0,497.0,SE,NDUFV3_K223.0,,,,,,,,,,LIG_FHA_2;LIG_SH3_2;LIG_SH3_3;MOD_CK2_1,,O43678_A2,,,,,,,,,,,NDUFA2->INDUCES,
SE_100,0.094,5.93777417652e-05,NDUFV3,P56181-2_S232,P56181,P56181-2,Alternative,S,232.0,44323816.0,Phosphoserine,Phosphorylation,EKPHQPKKKGsPAKPSEGREN,False,2.0,,524.0,570.0,524.0,SE,NDUFV3_S232.0,,,,,,,,,,DOC_USP7_MATH_1;LIG_SH3_1;LIG_SH3_3;TRG_NLS_MonoExtN_4,,,,,,,,,,,,,,
SE_100,0.094,5.93777417652e-05,NDUFV3,P56181-2_S237,P56181,P56181-2,Alternative,S,237.0,44323831.0,Phosphoserine,Phosphorylation,PKKKGSPAKPsEGRENARPKT,False,2.0,,539.0,555.0,539.0,SE,NDUFV3_S237.0,,,,,,,,,,DEG_Nend_UBRbox_1;LIG_PDZ_Class_3;LIG_SH3_1;LIG_SH3_3;LIG_TRAF6_MATH_1;MOD_CDC14_SPxK_1,,O43678_A2,,,,,,,,,,,NDUFA2->INDUCES,
SE_100,0.094,5.93777417652e-05,NDUFV3,P56181-2_T247,P56181,P56181-2,Alternative,T,247.0,44323861.0,Phosphothreonine,Phosphorylation,SEGRENARPKtTMPRSQVDEE,False,1.0,,569.0,525.0,525.0,SE,NDUFV3_T247.0,,,,,,,,,,DEG_CRBN_cyclicCter_1;DEG_Nend_UBRbox_1;LIG_14-3-3_CanoR_1;MOD_GSK3_1,,O43678_C24;O43678_A2,,,,,,,,,,,NDUFA2->INDUCES,
SE_100,0.094,5.93777417652e-05,NDUFV3,P56181-2_T248,P56181,P56181-2,Alternative,T,248.0,44323864.0,Phosphothreonine,Phosphorylation,EGRENARPKTtMPRSQVDEEF,False,1.0,,572.0,522.0,522.0,SE,NDUFV3_T248.0,,,,,,,,,,DEG_Nend_UBRbox_2;LIG_PDZ_Class_1,,,,,,,,,,,,,,
SE_100,0.094,5.93777417652e-05,NDUFV3,P56181-2_K260,P56181,P56181-2,Alternative,K,260.0,44323900.0,Methylation,Methylation,PRSQVDEEFLkQSLKEKQLQK,False,1.0,,608.0,486.0,486.0,SE,NDUFV3_K260.0,,,,,,,,,,DEG_Nend_UBRbox_3;MOD_CK2_1;MOD_NEK2_1;MOD_NEK2_2,,,,,,,,,,,,,,
SE_100,0.094,5.93777417652e-05,NDUFV3,P56181-2_K264,P56181,P56181-2,Alternative,K,264.0,44323912.0,Methylation,Methylation,VDEEFLKQSLkEKQLQKTFRL,False,1.0,,620.0,474.0,474.0,SE,NDUFV3_K264.0,,,,,,,,,,DEG_Nend_UBRbox_2;DOC_USP7_UBL2_3;MOD_CK2_1,,,,,,,,,,,,,,
SE_100,0.094,5.93777417652e-05,NDUFV3,P56181-2_K266,P56181,P56181-2,Alternative,K,266.0,44323918.0,Methylation,Methylation,EEFLKQSLKEkQLQKTFRLNE,False,1.0,,626.0,468.0,468.0,SE,NDUFV3_K266.0,,,,,,,,,,DEG_Nend_Nbox_1;DOC_USP7_UBL2_3;MOD_CK2_1;MOD_NEK2_1;MOD_NEK2_2,,,,,,,,,,,,,,
SE_100,0.094,5.93777417652e-05,NDUFV3,P56181-2_T295,P56181,P56181-2,Alternative,T,295.0,44324005.0,Phosphothreonine,Phosphorylation,FEVKGPLPVHtKSGLSAPPKG,False,,1.0,713.0,381.0,381.0,SE,NDUFV3_T295.0,,,,,,,,,,DEG_Nend_UBRbox_1;LIG_Arc_Nlobe_1;LIG_PDZ_Class_2;LIG_WD40_WDR5_VDV_2;MOD_GlcNHglycan,,,,,,,,,,,,,,
SE_100,0.094,5.93777417652e-05,NDUFV3,P56181-2_S306,P56181,P56181-2,Alternative,S,306.0,44324038.0,Phosphoserine,Phosphorylation,KSGLSAPPKGsPAPAVLAEEA,False,2.0,,746.0,348.0,348.0,SE,NDUFV3_S306.0,,,,,,,,,,DEG_Nend_Nbox_1;MOD_GlcNHglycan,,,,,,,,,,,,,,
SE_100,0.094,5.93777417652e-05,NDUFV3,P56181-2_S325,P56181,P56181-2,Alternative,S,325.0,44324095.0,Phosphoserine,Phosphorylation,EARAEGQLQAsPPGAAEGHLE,False,1.0,,803.0,291.0,291.0,SE,NDUFV3_S325.0,,,,,,,,,,LIG_BIR_II_1,,,,,,,,,,,,,,
SE_103,-0.34,7.10555370355e-05,GRHL1,Q9NZI5-1_S231,Q9NZI5,Q9NZI5-1,Canonical,S,231.0,10102605.0,Phosphoserine,Phosphorylation,VQEVFFPSDLsLRMPGMNSED,False,,,21.0,55.0,21.0,SE,GRHL1_S231.0,,,,,,,,,,,,,,,,,,,,,,,,
SE_105,0.073,8.86527157995e-05,AGTRAP,Q6RW13-1_R113,Q6RW13,Q6RW13-1,Canonical,R,113.0,11808640.0,Methylation,Methylation,CCFVYHMYRErGGELLVHTGF,False,1.0,,168.0,6.0,6.0,SE,AGTRAP_R113.0,,,,,,,,,,LIG_PDZ_Class_2,,,,,,,,,,,,,,
SE_107,0.169,9.54183541097e-05,EXOC7,Q9UPT5-1_K291,Q9UPT5,Q9UPT5-1,Alternative,K,291.0,74087254.0,Ubiquitination,Ubiquitination,QYSQHGLDGKkGGSNLIPLEG,False,1.0,,30.0,62.0,30.0,SE,EXOC7_K291.0,,,,,,,,,,DEG_Nend_UBRbox_3,,,,,,,,,,,,,,
SE_107,0.169,9.54183541097e-05,EXOC7,Q9UPT5-3_S283,Q9UPT5,Q9UPT5-3,Canonical,S,283.0,74087278.0,Phosphoserine,Phosphorylation,RKAQNLLKQYsQHGLDGKKGG,False,4.0,,54.0,38.0,38.0,SE,EXOC7_S283.0,,,,,,,,,,DEG_Nend_UBRbox_3,,,,,,,,,,,,,,
SE_107,0.169,9.54183541097e-05,EXOC7,Q9UPT5-3_K280,Q9UPT5,Q9UPT5-3,Canonical,K,280.0,74087287.0,Ubiquitination,Ubiquitination,GTIRKAQNLLkQYSQHGLDGK,False,1.0,,63.0,29.0,29.0,SE,EXOC7_K280.0,,,,,,,,,,DEG_Nend_UBRbox_1;MOD_PIKK_1,,,,,,,,,,,,,,
SE_107,0.169,9.54183541097e-05,EXOC7,Q9UPT5-3_K274,Q9UPT5,Q9UPT5-3,Canonical,K,274.0,74087305.0,Ubiquitination,Ubiquitination,KPVKRPGTIRkAQNLLKQYSQ,False,1.0,,81.0,11.0,11.0,SE,EXOC7_K274.0,,,,,,,,,,CLV_PCSK_KEX2_1;CLV_PCSK_PC1ET2_1;DEG_Nend_UBRbox_1,,,,,,,,,,,,,,
SE_107,0.169,9.54183541097e-05,EXOC7,Q9UPT5-3_T271,Q9UPT5,Q9UPT5-3,Canonical,T,271.0,74087314.0,Phosphothreonine,Phosphorylation,PTKKPVKRPGtIRKAQNLLKQ,False,1.0,5.0,90.0,2.0,2.0,SE,EXOC7_T271.0,,,,,,,,,,CLV_NRD_NRD_1;CLV_PCSK_KEX2_1;CLV_PCSK_PC1ET2_1;CLV_PCSK_SKI1_1;DEG_CRBN_cyclicCter_1,,,,,,,,,,,,,,
SE_108,-0.49,0.00013012542382,DNMT3B,Q9UBC3-1_K777,Q9UBC3,Q9UBC3-1,Canonical,K,777.0,31394042.0,Ubiquitination,Ubiquitination,KLKKVQTITTkSNSIKQGKNQ,False,1.0,,27.0,91.0,27.0,SE,DNMT3B_K777.0,,,,,,,,,,DEG_CRBN_cyclicCter_1;DEG_Nend_UBRbox_1;MOD_GSK3_1,,Q15047_S1179;Q15047_S1190;Q15047_S1124;P63165_S9;P63165_K48;P63165_K16;P63165_K17;P63165_K46;P63165_K39;P63165_K37;P63165_K37;P63165_K25;P63165_K25;P63165_T10;P63165_K7;P63165_K23;P63165_K78,,,,,,,,,,,SETDB1->INDUCES;SUMO1->INDUCES,
SE_108,-0.49,0.00013012542382,DNMT3B,Q9UBC3-1_S780,Q9UBC3,Q9UBC3-1,Canonical,S,780.0,31394051.0,Phosphoserine,Phosphorylation,KVQTITTKSNsIKQGKNQLFP,False,1.0,,36.0,82.0,36.0,SE,DNMT3B_S780.0,,,,,,,,,,DEG_CRBN_cyclicCter_1,,O95243_S112;O95243_S282;Q9Y6K1_T875;Q9Y6K1_T834;Q9Y6K1_T645;Q9Y6K1_K367;Q9Y6K1_Y874;Q9Y6K1_R882;Q9Y6K1_T835;Q9Y6K1_S839;P63165_S9;P63165_K48;P63165_K16;P63165_K17;P63165_K46;P63165_K39;P63165_K37;P63165_K37;P63165_K25;P63165_K25;P63165_T10;P63165_K7;P63165_K23;P63165_K78;Q13569_S239,,,,,,,,,,,DNMT3A->INDUCES;MBD4->INDUCES;SUMO1->INDUCES;TDG->INDUCES,
SE_109,-0.064,0.000139885703868,SPTAN1,Q13813-1_T1053,Q13813,Q13813-1,Canonical,T,1053.0,131355263.0,Phosphothreonine,Phosphorylation,ALRQEQIDNQtRITKEAGSVS,False,1.0,,1.0,58.0,1.0,SE,SPTAN1_T1053.0,,,,,,,,,,CLV_C14_Caspase3-7;DEG_Nend_UBRbox_3;MOD_PKA_2,,,,,,,,,,,,,,
SE_109,-0.064,0.000139885703868,SPTAN1,Q13813-1_K1057,Q13813,Q13813-1,Canonical,K,1057.0,131355275.0,Ubiquitination,Ubiquitination,EQIDNQTRITkEAGSVSLRMK,False,4.0,5.0,13.0,46.0,13.0,SE,SPTAN1_K1057.0,,,,,,,,,,DEG_Nend_UBRbox_2;LIG_14-3-3_CanoR_1;MOD_N-GLC_1;MOD_PKA_2;MOD_Plk_1,,,,,,,,,,,,,,
SE_109,-0.064,0.000139885703868,SPTAN1,Q13813-1_S1061,Q13813,Q13813-1,Canonical,S,1061.0,131355287.0,Phosphoserine,Phosphorylation,NQTRITKEAGsVSLRMKQVEE,False,1.0,,25.0,34.0,25.0,SE,SPTAN1_S1061.0,,,,,,,,,,DEG_Nend_UBRbox_1;DOC_MAPK_gen_1;DOC_MAPK_MEF2A_6;LIG_WD40_WDR5_VDV_2,,,,,,,,,,,,,,
SE_109,-0.064,0.000139885703868,SPTAN1,Q13813-1_S1063,Q13813,Q13813-1,Canonical,S,1063.0,131355293.0,Phosphoserine,Phosphorylation,TRITKEAGSVsLRMKQVEELY,False,3.0,,31.0,28.0,28.0,SE,SPTAN1_S1063.0,,,,,,,,,,DOC_MAPK_MEF2A_6,,,,,,,,,,,,,,
SE_109,-0.064,0.000139885703868,SPTAN1,Q13813-1_K1067,Q13813,Q13813-1,Canonical,K,1067.0,131355305.0,Ubiquitination,Ubiquitination,KEAGSVSLRMkQVEELYHSLL,False,1.0,,43.0,16.0,16.0,SE,SPTAN1_K1067.0,,,,,,,,,,LIG_WD40_WDR5_VDV_2,,,,,,,,,,,,,,
SE_112,-0.22,0.000183819312003,CD47,Q08722-1_K304,Q08722,Q08722-1,Canonical,K,304.0,107769449.0,Ubiquitination,Ubiquitination,SNQKTIQPPRkAVEEPLNAFK,False,2.0,1.0,24.0,0.0,0.0,SE,CD47_K304.0,,,,,,,,,,DEG_Nend_UBRbox_1;LIG_PDZ_Class_3;LIG_SH3_3;LIG_WW_3,,P78324_S464;P78324_S192;P06756_Y404;P06756_K360;P05107_T759;P05107_S425;P07996_W441;P07996_S564;P07996_S569;P07996_Y1139;P07996_Y817;P07996_Y1058;Q12983_S54;Q12983_S70;Q12983_S66;P05556_N669;P05556_N212;P05556_N417,,,,,,,,,,,BNIP3->INDUCES;ITGAV->INDUCES;ITGB1->INDUCES;ITGB2->INDUCES;SIRPA->INDUCES;THBS1->INDUCES,
SE_115,0.135,0.000185478567309,AGTRAP,Q6RW13-1_R113,Q6RW13,Q6RW13-1,Canonical,R,113.0,11808640.0,Methylation,Methylation,CCFVYHMYRErGGELLVHTGF,False,1.0,,168.0,27.0,27.0,SE,AGTRAP_R113.0,,,,,,,,,,LIG_PDZ_Class_2,,,,,,,,,,,,,,
SE_116,-0.161,0.000211254197372,YAP1,P46937-1_S340,P46937,P46937-1,Canonical,S,340.0,102080281.0,Phosphoserine,Phosphorylation,MRNINPSTANsPKCQELALRS,False,9.0,,33.0,14.0,14.0,SE,YAP1_S340.0,,,,,,,,,,DEG_Nend_Nbox_1,,,,,,,,,,,,,,
SE_116,-0.161,0.000211254197372,YAP1,P46937-1_K342,P46937,P46937-1,Canonical,K,342.0,102080287.0,Ubiquitination,Ubiquitination,NINPSTANSPkCQELALRSQL,False,2.0,,39.0,8.0,8.0,SE,YAP1_K342.0,"carcinogenesis, altered",,,protein degradation,,,,,,DOC_WW_Pin1_4;LIG_PDZ_Class_2;MOD_ProDKin_1,,,,,,,,,,,,,,
SE_118,-0.162,0.000233993950604,NCOR2,Q9Y618-1_S2393,Q9Y618,Q9Y618-1,Canonical,S,2393.0,124811961.0,Phosphoserine,Phosphorylation,ADGRSDHTLTsPGGGGKAKVS,False,3.0,,6.0,218.0,6.0,SE,NCOR2_S2393.0,,,,,,,,,,DEG_Nend_UBRbox_1;MOD_CK1_1;MOD_Plk_1,,,,,,,,,,,,,,
SE_119,-0.127,0.000299894370815,CD44,P16070-1_S291,P16070,P16070-1,Canonical,S,291.0,35219742.0,Phosphoserine,Phosphorylation,ENEDERDRHLsFSGSGIDDDE,False,,,74.0,51.0,51.0,SE,CD44_S291.0,,,,,,,,,,DEG_Nend_UBRbox_2;DOC_PP1_RVXF_1;LIG_PDZ_Class_1;MOD_GlcNHglycan,,P04637_S366;P04637_S183;P04637_S378;P04637_K305;P04637_K305;P04637_K120;P04637_K120;P04637_K101;P04637_S33;P04637_K320;P04637_K320;P04637_K320;P04637_S149;P04637_S149;P04637_S149;P04637_Y327;P04637_K291;P04637_K139;P04637_S362;P04637_K321;P04637_K321;P04637_K321;P04637_K357;P04637_T312;P04637_K319;P04637_K319;P04637_K351;P04637_S20;P04637_S20;P04637_K373;P04637_K373;P04637_K373;P04637_K373;P04637_K372;P04637_K372;P04637_K372;P04637_K372;P04637_K292;P04637_K292;P04637_K370;P04637_K370;P04637_K370;P04637_K370;P04637_K370;P04637_S269;P00533_T648;P00533_N175;P00533_C311;P00533_T1085;P00533_N568;P00533_C470;P00533_C190;P00533_C291;P00533_T1191;P00533_T1078;P00533_C329;P00533_S174;P00533_N528;P04233_C44;P04626_T733;P04626_T1242;P04626_S1235;P04626_S1078;P04626_S1051;P04626_T1240;P04626_S1050;P04626_S1054;P04626_Y1127;P04626_Y923;P04626_S1214;P04626_S1151;P04626_Y1196;P04626_N571;P04626_T1132;P04626_N388;P04626_S189;P04626_S1113;P04626_S1134;P04626_T1117;P04626_Y735;P04626_N68;P04626_Y163;P04626_T701;P04626_T875;P04626_Y877;P04626_Y590;P04626_S653;P04626_S760;P04626_Y1222;P04626_Y1221;P04626_Y1139;P04626_N259;P04626_N427;P04626_T948;P04626_Y1005;P04626_S1107;P04626_Y1023;P04626_S998;P04626_S1049;P04626_N629;P04626_Y1248;P04626_T1124;P04626_Y274;P04626_S1122;P04626_T1166;P04626_T1172;P04626_Y1112;P04626_S728;P04626_S1083;P04626_S1002;P04626_S703;P04626_T1052;P04626_S1007;P04626_N530;P02452_K759;P02452_K286;P02452_K1152;Q13009_Y1323;P11171_S200;P11171_K391;P08123_P558;P08123_P315;P08123_P174;P08123_P408;P08123_P420;P08123_S1104;P08123_P444;P08123_P441;P03956_K450;P03956_S153;P03956_T288;P03956_L102;P03956_S280;P06239_Y25;P06239_Y263;P06239_S274;P06239_C3;P06239_C5;P06239_S42;P06239_S158;P06239_T375;P15311_Y291;P15311_T576;P15311_Y424;P15311_T425;P15311_Y205;P15311_Y478;P15311_Y201;P15311_Y499;P15311_Y128;P15311_S539;P15311_T459;P15311_Y146;P15311_T214;P15311_T533;P15311_Y483;P15311_Y270;P15311_Y137;P15311_Y354;P15311_T332;P15311_Y116;P15311_Y191;P15311_T567;Q15303_N174;Q15303_Y1081;Q15303_Y1262;Q15303_S1289;Q15303_Y1188;Q15303_Y1056;P35240_T581;P35240_Y207;P35240_T576;P35240_Y221;P35240_T556;P35240_Y144;P35240_Y217;P35240_T230;P12931_C501;P12931_K62;P12931_K319;P12931_K319;P26038_T526;P26038_S429;P26038_S56;P26038_Y205;P26038_Y128;P26038_T369;P26038_S144;P26038_T459;P26038_S384;P26038_T539;P26038_K391;P26038_S576;P26038_T558;P26038_Y201;P26038_T425;P26038_Y191;P26038_S527;P26038_T567;P26038_T465;P08575_N240;P08575_Y926;P08575_Y453;P08575_Y689;P08575_S995;P08575_S1297;P08575_S954;P08575_S1283;P06241_Y185;P06241_T457;P06241_K320;P06241_K320;P06241_K322;P06241_S186;P06241_S188;P06241_T217;P06241_T216;P06241_Y91;P06241_Y150;P06241_Y93;P06241_Y339;P06241_Y231,,PKC_group,,,,,,,,,CD74->INDUCES;COL1A1->INDUCES;COL1A2->INDUCES;EGFR->INDUCES;EPB41->INDUCES;ERBB2->INDUCES;ERBB4->INDUCES;EZR->INDUCES;FYN->INDUCES;LCK->INDUCES;MMP1->INDUCES;MSN->INDUCES;NF2->INDUCES;PTPRC->INDUCES;SRC->INDUCES;TIAM1->INDUCES;TP53->INDUCES,PKC_GROUP
SE_119,-0.127,0.000299894370815,CD44,P16070-1_S305,P16070,P16070-1,Canonical,S,305.0,35219784.0,Phosphoserine,Phosphorylation,SGIDDDEDFIsSTISTTPRAF,False,,,116.0,9.0,9.0,SE,CD44_S305.0,,,,,,,,,,DEG_Nend_UBRbox_2;MOD_GSK3_1,,P09038_K261;P04637_S366;P04637_H115;P04637_S378;P04637_K305;P04637_K305;P04637_K120;P04637_K120;P04637_K101;P04637_K320;P04637_K320;P04637_K320;P04637_Y327;P04637_K291;P04637_K139;P04637_K321;P04637_K321;P04637_K321;P04637_K357;P04637_T312;P04637_K319;P04637_K319;P04637_K351;P04637_K373;P04637_K373;P04637_K373;P04637_K373;P04637_K372;P04637_K372;P04637_K372;P04637_K372;P04637_K292;P04637_K292;P04637_K370;P04637_K370;P04637_K370;P04637_K370;P04637_K370;P04637_T81;P00533_T648;P00533_N175;P00533_C311;P00533_T1085;P00533_N568;P00533_C470;P00533_N444;P00533_C190;P00533_C291;P00533_S645;P00533_T1191;P00533_T1078;P00533_N128;P00533_C329;P00533_S174;P00533_N528;P04233_C44;P04233_T132;P04233_N130;P10124_S104;P04626_T733;P04626_T1242;P04626_S1235;P04626_S1078;P04626_S1051;P04626_T1240;P04626_S1050;P04626_S1054;P04626_Y1127;P04626_Y923;P04626_S1214;P04626_S1151;P04626_Y1196;P04626_N571;P04626_T1132;P04626_N388;P04626_S189;P04626_S1113;P04626_S1134;P04626_T1117;P04626_Y735;P04626_N68;P04626_Y163;P04626_T701;P04626_T875;P04626_Y877;P04626_Y590;P04626_S653;P04626_S760;P04626_Y1222;P04626_Y1221;P04626_Y1139;P04626_N259;P04626_N427;P04626_T948;P04626_Y1005;P04626_S1107;P04626_Y1023;P04626_S998;P04626_S1049;P04626_N629;P04626_Y1248;P04626_T1124;P04626_Y274;P04626_S1122;P04626_T1166;P04626_T1172;P04626_Y1112;P04626_S728;P04626_S1083;P04626_S1002;P04626_S703;P04626_T1052;P04626_S1007;P04626_N530;P02452_K751;P02452_K751;P02452_K505;P02452_K505;P02452_K759;P02452_K520;P02452_K520;P02452_P313;P02452_K286;P02452_K397;P02452_K397;P02452_K430;P02452_K1152;P02452_K170;P11171_S200;P11171_K391;P08123_P297;P08123_P558;P08123_P315;P08123_P255;P08123_P174;P08123_P192;P08123_P324;P08123_P261;P08123_P408;P08123_P420;P08123_P444;P08123_P441;P08123_P300;P03956_K450;P03956_S153;P03956_T288;P03956_L102;P03956_S280;Q92888_T140;P06239_Y25;P06239_Y263;P06239_S274;P06239_C3;P06239_C5;P06239_S42;P06239_S158;P06239_T375;P15311_Y291;P15311_T576;P15311_Y424;P15311_T425;P15311_Y205;P15311_Y478;P15311_Y201;P15311_Y499;P15311_Y128;P15311_S539;P15311_T459;P15311_Y146;P15311_T214;P15311_T533;P15311_Y483;P15311_Y270;P15311_Y137;P15311_Y354;P15311_T332;P15311_Y116;P15311_Y191;P15311_T567;Q15303_N174;Q15303_Y1081;Q15303_Y1262;Q15303_S1289;Q15303_Y1188;Q15303_Y1056;P35240_T21;P35240_T581;P35240_Y207;P35240_T576;P35240_Y221;P35240_T556;P35240_Y144;P35240_Y217;P35240_T230;P12931_C501;P12931_K62;P12931_D45;P12931_K319;P12931_K319;P26038_T526;P26038_S429;P26038_S56;P26038_Y205;P26038_Y128;P26038_T369;P26038_S144;P26038_T459;P26038_S384;P26038_T539;P26038_K391;P26038_T4;P26038_S576;P26038_T558;P26038_Y201;P26038_T425;P26038_Y191;P26038_S527;P26038_T567;P26038_T465;P08575_N240;P08575_Y926;P08575_Y453;P08575_Y689;P08575_S995;P08575_S1297;P08575_S954;P08575_S1283;P06241_Y185;P06241_T457;P06241_K320;P06241_K320;P06241_K322;P06241_S186;P06241_S188;P06241_T217;P06241_T216;P06241_Y91;P06241_Y150;P06241_Y93;P06241_Y339;P06241_Y231;P14780_S628,,,,,,,,,,,ARHGEF1->INDUCES;CD74->INDUCES;COL1A1->INDUCES;COL1A2->INDUCES;EGFR->INDUCES;EPB41->INDUCES;ERBB2->INDUCES;ERBB4->INDUCES;EZR->INDUCES;FGF2->INDUCES;FYN->INDUCES;LCK->INDUCES;MMP1->INDUCES;MMP9->INDUCES;MSN->INDUCES;NF2->INDUCES;PTPRC->INDUCES;SRC->INDUCES;SRGN->INDUCES;TP53->INDUCES,
SE_123,-0.088,0.000660083944775,CD44,P16070-1_S514,P16070,P16070-1,Canonical,S,514.0,35231535.0,N-Glycosylation,Glycosylation,TTQQSNSQSFsTSHEGLEEDK,False,1.0,,23.0,66.0,23.0,SE,CD44_S514.0,,,,,,,,,,DEG_Nend_UBRbox_3;LIG_BRCT_BRCA1_1;LIG_FHA_2;LIG_PDZ_Class_3;MOD_CK1_1;MOD_CK2_1;MOD_GSK3_1;MOD_PIKK_1,,,,,,,,,,,,,,
SE_123,-0.088,0.000660083944775,CD44,P16070-1_T515,P16070,P16070-1,Canonical,T,515.0,35231538.0,N-Glycosylation,Glycosylation,TQQSNSQSFStSHEGLEEDKD,False,1.0,,26.0,63.0,26.0,SE,CD44_T515.0,,,,,,,,,,LIG_BIR_II_1;LIG_BRCT_BRCA1_1;MOD_GSK3_1,,,,,,,,,,,,,,
SE_123,-0.088,0.000660083944775,CD44,P16070-1_T528,P16070,P16070-1,Canonical,T,528.0,35231577.0,N-Glycosylation,Glycosylation,EGLEEDKDHPtTSTLTSSNRN,False,1.0,,65.0,24.0,24.0,SE,CD44_T528.0,,,,,,,,,,DEG_Nend_UBRbox_2;DEG_SPOP_SBC_1;DOC_USP7_MATH_1;LIG_FHA_1;MOD_GSK3_1,,,,,,,,,,,,,,
SE_123,-0.088,0.000660083944775,CD44,P16070-1_T529,P16070,P16070-1,Canonical,T,529.0,35231580.0,N-Glycosylation,Glycosylation,GLEEDKDHPTtSTLTSSNRND,False,1.0,,68.0,21.0,21.0,SE,CD44_T529.0,,,,,,,,,,DEG_Nend_UBRbox_2;DOC_USP7_MATH_1;MOD_GSK3_1,,,,,,,,,,,,,,
SE_124,-0.104,0.000668653300271,CD44,P16070-1_S514,P16070,P16070-1,Canonical,S,514.0,35231535.0,N-Glycosylation,Glycosylation,TTQQSNSQSFsTSHEGLEEDK,False,1.0,,23.0,66.0,23.0,SE,CD44_S514.0,,,,,,,,,,DEG_Nend_UBRbox_3;LIG_BRCT_BRCA1_1;LIG_FHA_2;LIG_PDZ_Class_3;MOD_CK1_1;MOD_CK2_1;MOD_GSK3_1;MOD_PIKK_1,,,,,,,,,,,,,,
SE_124,-0.104,0.000668653300271,CD44,P16070-1_T515,P16070,P16070-1,Canonical,T,515.0,35231538.0,N-Glycosylation,Glycosylation,TQQSNSQSFStSHEGLEEDKD,False,1.0,,26.0,63.0,26.0,SE,CD44_T515.0,,,,,,,,,,LIG_BIR_II_1;LIG_BRCT_BRCA1_1;MOD_GSK3_1,,,,,,,,,,,,,,
SE_124,-0.104,0.000668653300271,CD44,P16070-1_T528,P16070,P16070-1,Canonical,T,528.0,35231577.0,N-Glycosylation,Glycosylation,EGLEEDKDHPtTSTLTSSNRN,False,1.0,,65.0,24.0,24.0,SE,CD44_T528.0,,,,,,,,,,DEG_Nend_UBRbox_2;DEG_SPOP_SBC_1;DOC_USP7_MATH_1;LIG_FHA_1;MOD_GSK3_1,,,,,,,,,,,,,,
SE_124,-0.104,0.000668653300271,CD44,P16070-1_T529,P16070,P16070-1,Canonical,T,529.0,35231580.0,N-Glycosylation,Glycosylation,GLEEDKDHPTtSTLTSSNRND,False,1.0,,68.0,21.0,21.0,SE,CD44_T529.0,,,,,,,,,,DEG_Nend_UBRbox_2;DOC_USP7_MATH_1;MOD_GSK3_1,,,,,,,,,,,,,,
SE_125,0.104,0.000796487455302,LSM14B,Q9BX40-1_S224,Q9BX40,Q9BX40-1,Canonical,S,224.0,60705349.0,Phosphoserine,Phosphorylation,DENRRPQRRRsGNRRTRNRSR,False,,1.0,74.0,3.0,3.0,SE,LSM14B_S224.0,,,,,,,,,,CLV_NRD_NRD_1;CLV_PCSK_KEX2_1;CLV_PCSK_PC7_1;DEG_Cend_FEM1AC_1;DEG_Nend_UBRbox_1;LIG_14-3-3_CterR_2;LIG_NRP_CendR_1;TRG_ER_diArg_1,,,,,,,,,,,,,,
SE_126,0.073,0.000895542396475,TCEA2,Q15560-1_S83,Q15560,Q15560-1,Canonical,S,83.0,62699405.0,Phosphoserine,Phosphorylation,IKSWKKLLDAsDAKARERGRG,True,,1.0,5.0,82.0,5.0,SE,TCEA2_S83.0,,,,,,,,,,CLV_C14_Caspase3-7;CLV_PCSK_SKI1_1;DEG_Nend_Nbox_1;LIG_WD40_WDR5_VDV_2;MOD_SUMO_rev_2,,Q00403_Y293;Q00403_K238;Q00403_T270;Q00403_T284;Q00403_T123;Q00403_K312;Q00403_D207;Q00403_K143;Q00403_K305;Q00403_K100;Q00403_K86;Q00403_S65;Q00403_K119;Q00403_S76,,,,,,,,,,,GTF2B->INDUCES,
SE_126,0.073,0.000895542396475,TCEA2,Q15560-1_R92,Q15560,Q15560-1,Canonical,R,92.0,62699432.0,Methylation,Methylation,ASDAKARERGrGMPLPTSSRD,True,1.0,1.0,32.0,55.0,32.0,SE,TCEA2_R92.0,,,,,,,,,,DOC_MAPK_gen_1;LIG_BIR_II_1;LIG_BIR_III_3,,,,,,,,,,,,,,
SE_126,0.073,0.000895542396475,TCEA2,Q15560-1_T98,Q15560,Q15560-1,Canonical,T,98.0,62699450.0,Phosphothreonine,Phosphorylation,RERGRGMPLPtSSRDASEAPD,True,,1.0,50.0,37.0,37.0,SE,TCEA2_T98.0,,,,,,,,,,CLV_C14_Caspase3-7;DOC_USP7_MATH_1;MOD_GSK3_1,,Q00403_Y293;Q00403_K238;Q00403_T270;Q00403_T284;Q00403_T123;Q00403_K312;Q00403_D207;Q00403_K143;Q00403_K305;Q00403_K100;Q00403_K86;Q00403_S65;Q00403_K119;Q00403_S76,,,,,,,,,,,GTF2B->INDUCES,
SE_126,0.073,0.000895542396475,TCEA2,Q15560-1_S100,Q15560,Q15560-1,Canonical,S,100.0,62699456.0,Phosphoserine,Phosphorylation,RGRGMPLPTSsRDASEAPDPS,True,,,56.0,31.0,31.0,SE,TCEA2_S100.0,,,,,,,,,,CLV_C14_Caspase3-7;LIG_PDZ_Class_1;LIG_TRAF2like_MATH_loPxQ_2,,Q00403_Y293;Q00403_K238;Q00403_T270;Q00403_T284;Q00403_T123;Q00403_K312;Q00403_D207;Q00403_K143;Q00403_K305;Q00403_K100;Q00403_K86;Q00403_S65;Q00403_K119;Q00403_S76,,,,,,,,,,,GTF2B->INDUCES,
SE_126,0.073,0.000895542396475,TCEA2,Q15560-1_S104,Q15560,Q15560-1,Canonical,S,104.0,62699468.0,Phosphoserine,Phosphorylation,MPLPTSSRDAsEAPDPSRKRP,True,1.0,1.0,68.0,19.0,19.0,SE,TCEA2_S104.0,,,,,,,,,,CLV_C14_Caspase3-7;DOC_USP7_MATH_1;LIG_TRAF2like_MATH_loPxQ_2,,Q00403_Y293;Q00403_K238;Q00403_T270;Q00403_T284;Q00403_T123;Q00403_K312;Q00403_D207;Q00403_K143;Q00403_K305;Q00403_K100;Q00403_K86;Q00403_S65;Q00403_K119;Q00403_S76,,,,,,,,,,,GTF2B->INDUCES,
SE_126,0.073,0.000895542396475,TCEA2,Q15560-1_S110,Q15560,Q15560-1,Canonical,S,110.0,62699486.0,Phosphoserine,Phosphorylation,SRDASEAPDPsRKRPELPRAP,True,2.0,,86.0,1.0,1.0,SE,TCEA2_S110.0,,,,,,,,,,CLV_NRD_NRD_1;CLV_PCSK_KEX2_1;CLV_PCSK_PC1ET2_1;LIG_BIR_II_1;TRG_ER_diArg_1,,Q00403_Y293;Q00403_K238;Q00403_T270;Q00403_T284;Q00403_T123;Q00403_K312;Q00403_D207;Q00403_K143;Q00403_K305;Q00403_K100;Q00403_K86;Q00403_S65;Q00403_K119;Q00403_S76,,,,,,,,,,,GTF2B->INDUCES,
SE_129,-0.12,0.00138537668437,EHBP1L1,Q8N3D4-1_S993,Q8N3D4,Q8N3D4-1,Canonical,S,993.0,65351120.0,Phosphoserine,Phosphorylation,GNEKGKEAEGsLTEASLPEAQ,True,3.0,,57.0,116.0,57.0,SE,EHBP1L1_S993.0,,,,,,,,,,DEG_Nend_UBRbox_1;LIG_WD40_WDR5_VDV_2,,,,,,,,,,,,,,
SE_129,-0.12,0.00138537668437,EHBP1L1,Q8N3D4-1_S998,Q8N3D4,Q8N3D4-1,Canonical,S,998.0,65351135.0,Phosphoserine,Phosphorylation,KEAEGSLTEAsLPEAQVASGA,True,1.0,,72.0,101.0,72.0,SE,EHBP1L1_S998.0,,,,,,,,,,DEG_Nend_UBRbox_2;LIG_WD40_WDR5_VDV_2,,,,,,,,,,,,,,
SE_129,-0.12,0.00138537668437,EHBP1L1,Q8N3D4-1_S1016,Q8N3D4,Q8N3D4-1,Canonical,S,1016.0,65351189.0,Phosphoserine,Phosphorylation,SGAGAGAPRAsSPEKAEEDRR,True,,1.0,126.0,47.0,47.0,SE,EHBP1L1_S1016.0,,,,,,,,,,DOC_WW_Pin1_4;MOD_CDC14_SPxK_1;MOD_CDK_SPxK_1;MOD_DYRK1A_RPxSP_1;MOD_ProDKin_1,,,,,,,,,,,,,,
SE_129,-0.12,0.00138537668437,EHBP1L1,Q8N3D4-1_S1017,Q8N3D4,Q8N3D4-1,Canonical,S,1017.0,65351192.0,Phosphoserine,Phosphorylation,GAGAGAPRASsPEKAEEDRRL,True,,1.0,129.0,44.0,44.0,SE,EHBP1L1_S1017.0,,,,,,,,,,DEG_Cend_DCAF12_1;DOC_USP7_MATH_1;LIG_14-3-3_CanoR_1;LIG_BIR_II_1;LIG_BIR_III_3;MOD_CK2_1;MOD_PKA_2,,,,,,,,,,,,,,
SE_132,-0.189,0.00303184199789,EXOC1,Q9NV70-1_T445,Q9NV70,Q9NV70-1,Canonical,T,445.0,56755056.0,Phosphothreonine,Phosphorylation,GTTKESKKFAtLPRKESAVKQ,False,8.0,4.0,2.0,42.0,2.0,SE,EXOC1_T445.0,,,,,,,,,,CLV_NRD_NRD_1;DEG_Nend_UBRbox_1;DOC_USP7_UBL2_3;LIG_BRCT_BRCA1_1;LIG_LIR_Gen_1;LIG_LIR_Nem_3,,,,,,,,,,,,,,
SE_132,-0.189,0.00303184199789,EXOC1,Q9NV70-1_S451,Q9NV70,Q9NV70-1,Canonical,S,451.0,56755074.0,Phosphoserine,Phosphorylation,KKFATLPRKEsAVKQETESLH,False,2.0,,20.0,24.0,20.0,SE,EXOC1_S451.0,,,,,,,,,,CLV_NRD_NRD_1;LIG_BIR_II_1;MOD_SUMO_for_1,,,,,,,,,,,,,,
SE_132,-0.189,0.00303184199789,EXOC1,Q9NV70-1_T457,Q9NV70,Q9NV70-1,Canonical,T,457.0,56755092.0,Phosphothreonine,Phosphorylation,PRKESAVKQEtESLHGSSGKL,False,,,38.0,6.0,6.0,SE,EXOC1_T457.0,,,,,,,,,,DEG_Nend_UBRbox_2;MOD_GlcNHglycan;MOD_GSK3_1;MOD_SUMO_for_1,,,,,,,,,,,,,,
SE_132,-0.189,0.00303184199789,EXOC1,Q9NV70-1_S459,Q9NV70,Q9NV70-1,Canonical,S,459.0,56755098.0,Phosphoserine,Phosphorylation,KESAVKQETEsLHGSSGKLTG,False,2.0,,44.0,0.0,0.0,SE,EXOC1_S459.0,,,,,,,,,,LIG_BIR_II_1;LIG_FHA_1;MOD_SUMO_for_1,,,,,,,,,,,,,,
SE_133,0.078,0.0033956335362,TMC6,Q7Z403-1_S420,Q7Z403,Q7Z403-1,Canonical,S,420.0,76117762.0,Phosphoserine,Phosphorylation,ELLAEWQLRHsPRSVCGRLRQ,False,,,125.0,30.0,30.0,SE,TMC6_S420.0,,,,,,,,,,LIG_BIR_II_1,,,,,,,,,,,,,,
SE_134,-0.095,0.00357667112572,TMPO,P42167-1_T299,P42167,P42167-1,Canonical,T,299.0,98938744.0,Phosphothreonine,Phosphorylation,SNESLVVNRVtGNFKHASPIL,False,,7.0,15.0,95.0,15.0,SE,TMPO_T299.0,,,,,,,,,,DOC_CYCLIN_RevRxL_6;LIG_BIR_II_1;LIG_LIR_LC3C_4,,,,,,,,,,,,,,
SE_134,-0.095,0.00357667112572,TMPO,P42167-1_K303,P42167,P42167-1,Canonical,K,303.0,98938756.0,Ubiquitination;Methylation,Ubiquitination,LVVNRVTGNFkHASPILPITE,False,6.0;1.0,3.0;nan,27.0,83.0,27.0,SE,TMPO_K303.0,,,,,,,,,,DEG_Nend_UBRbox_3;DOC_WW_Pin1_4;MOD_PKA_2;MOD_ProDKin_1,,,,,,,,,,,,,,
SE_134,-0.095,0.00357667112572,TMPO,P42167-1_K303,P42167,P42167-1,Canonical,K,303.0,98938756.0,Ubiquitination;Methylation,Methylation,LVVNRVTGNFkHASPILPITE,False,6.0;1.0,3.0;nan,27.0,83.0,27.0,SE,TMPO_K303.0,,,,,,,,,,DEG_Nend_UBRbox_3;DOC_WW_Pin1_4;MOD_PKA_2;MOD_ProDKin_1,,,,,,,,,,,,,,
SE_134,-0.095,0.00357667112572,TMPO,P42167-1_S306,P42167,P42167-1,Canonical,S,306.0,98938765.0,Phosphoserine,Phosphorylation,NRVTGNFKHAsPILPITEFSD,False,40.0,3.0,36.0,74.0,36.0,SE,TMPO_S306.0,,,,,,,,,,DOC_MAPK_MEF2A_6;LIG_SH3_3,,,,,,,,,,STAUROSPORINE->d;SMER-3->d;SEMAGACESTAT->d;RUXOLITINIB->d;RO4929097->d;PS-1145->d;PRAVASTATIN->d;OLMESARTAN->d;LOSMAPIMOD->d;ERLOTINIB->d;DINACICLIB->d;CHIR99021->d;BYL719->d,VORINOSTAT_HMS->d;SP600125->d;SEMAGACESTAT->d;NILOTINIB->d;LENALIDOMIDE->d;ETOPOSIDE->d;DMSO->d;BMS-345541->d,,,
SE_134,-0.095,0.00357667112572,TMPO,P42167-1_T312,P42167,P42167-1,Canonical,T,312.0,98938783.0,Phosphothreonine,Phosphorylation,FKHASPILPItEFSDIPRRAP,False,3.0,,54.0,56.0,54.0,SE,TMPO_T312.0,,,,,,,,,,DOC_PP2A_B56_1;LIG_BIR_II_1;LIG_BIR_III_1;LIG_BIR_III_3;LIG_LIR_Gen_1;LIG_LIR_Nem_3,,,,,,,,,,,,,,
SE_134,-0.095,0.00357667112572,TMPO,P42167-1_S315,P42167,P42167-1,Canonical,S,315.0,98938792.0,Phosphoserine,Phosphorylation,ASPILPITEFsDIPRRAPKKP,False,7.0,,63.0,47.0,47.0,SE,TMPO_S315.0,,,,,,,,,,CLV_NRD_NRD_1;CLV_PCSK_KEX2_1;DEG_Nend_Nbox_1;DOC_PP2A_B56_1;LIG_LIR_Gen_1;LIG_LIR_Nem_3;TRG_ER_diArg_1,,,,,,,,,,,,,,
SE_134,-0.095,0.00357667112572,TMPO,P42167-1_R320,P42167,P42167-1,Canonical,R,320.0,98938807.0,Citrulline,Citrullination,PITEFSDIPRrAPKKPLTRAE,False,,,78.0,32.0,32.0,SE,TMPO_R320.0,,,,,,,,,,DEG_Nend_UBRbox_2;LIG_LIR_Gen_1;LIG_LIR_Nem_3;LIG_SH3_1;LIG_SH3_3;TRG_ER_diLys_1,,,,,,,,,,,,,,
SE_134,-0.095,0.00357667112572,TMPO,P42167-1_K323,P42167,P42167-1,Canonical,K,323.0,98938816.0,Ubiquitination,Ubiquitination,EFSDIPRRAPkKPLTRAEVGE,False,,2.0,87.0,23.0,23.0,SE,TMPO_K323.0,,,,,,,,,,CLV_NRD_NRD_1;CLV_PCSK_KEX2_1;CLV_PCSK_SKI1_1;DEG_Nend_UBRbox_2;LIG_PDZ_Class_1;LIG_SH3_1;LIG_SH3_3;TRG_ER_diArg_1,,,,,,,,,,,,,,
SE_134,-0.095,0.00357667112572,TMPO,P42167-1_K324,P42167,P42167-1,Canonical,K,324.0,98938819.0,Ubiquitination,Ubiquitination,FSDIPRRAPKkPLTRAEVGEK,False,1.0,2.0,90.0,20.0,20.0,SE,TMPO_K324.0,,,,,,,,,,CLV_NRD_NRD_1;CLV_PCSK_KEX2_1;LIG_SH3_1;LIG_SH3_3;MOD_CK2_1;TRG_ER_diArg_1,,,,,,,,,,,,,,
SE_137,-0.151,0.00402200278403,ARFIP1,P53367-1_S69,P53367,P53367-1,Canonical,S,69.0,153791907.0,Phosphoserine,Phosphorylation,GVIEAGAFQGsPAPPLPSVMS,False,9.0,,2.0,93.0,2.0,SE,ARFIP1_S69.0,,,,,,,,,,DEG_Nend_UBRbox_2;LIG_SH3_3;LIG_WW_2,,P84077_S147;P18085_K142;P18085_K36;P18085_K16;P18085_K15;P84077_K36;P84077_K36;P84077_G2;P84077_K38;P84077_K73;P84077_K127;P84077_S147;P84077_K142;P84077_S62;P63000_T186;P63000_N39,,,,,,,,,,,ARF1->INDUCES;ARF4->INDUCES;RAC1->INDUCES,
SE_137,-0.151,0.00402200278403,ARFIP1,P53367-1_S76,P53367,P53367-1,Canonical,S,76.0,153791928.0,Phosphoserine,Phosphorylation,FQGSPAPPLPsVMSPSRVAAS,False,1.0,,23.0,72.0,23.0,SE,ARFIP1_S76.0,,,,,,,,,,DOC_WW_Pin1_4;LIG_BIR_II_1;LIG_SH3_3;LIG_WW_2;MOD_CDC14_SPxK_1;MOD_CDK_SPxK_1;MOD_ProDKin_1,,P18085_K142;P18085_K36;P18085_K16;P18085_K15;P84077_K36;P84077_K36;P84077_G2;P84077_K38;P84077_K73;P84077_K127;P84077_S147;P84077_K142;P84077_S62;P63000_N39,,,,,,,,,,,ARF1->INDUCES;ARF4->INDUCES;RAC1->INDUCES,
SE_137,-0.151,0.00402200278403,ARFIP1,P53367-1_S79,P53367,P53367-1,Canonical,S,79.0,153791937.0,Phosphoserine,Phosphorylation,SPAPPLPSVMsPSRVAASRLA,False,4.0,,32.0,63.0,32.0,SE,ARFIP1_S79.0,,,,,,,,,,DOC_USP7_MATH_1;LIG_PDZ_Class_2;LIG_SH3_3;LIG_WW_2;MOD_Plk_4,,P18085_K142;P18085_K36;P18085_K16;P18085_K15;P84077_K36;P84077_K36;P84077_G2;P84077_K38;P84077_K73;P84077_K127;P84077_S147;P84077_K142;P84077_S62;P63000_T186;P63000_C6;P63000_N39,,,,,,,,,,,ARF1->INDUCES;ARF4->INDUCES;RAC1->INDUCES,
SE_137,-0.151,0.00402200278403,ARFIP1,P53367-1_S81,P53367,P53367-1,Canonical,S,81.0,153791943.0,Phosphoserine,Phosphorylation,APPLPSVMSPsRVAASRLAQQ,False,,,38.0,57.0,38.0,SE,ARFIP1_S81.0,,,,,,,,,,DOC_WW_Pin1_4;LIG_14-3-3_CterR_2;LIG_SH3_3;MOD_CDC14_SPxK_1;MOD_CDK_SPxK_1;MOD_CK1_1;MOD_ProDKin_1,,,,,,,,,,,,,,
SE_137,-0.151,0.00402200278403,ARFIP1,P53367-1_S93,P53367,P53367-1,Canonical,S,93.0,153791979.0,Phosphoserine,Phosphorylation,VAASRLAQQGsDLIVPAGGQR,False,4.0,,74.0,21.0,21.0,SE,ARFIP1_S93.0,,,,,,,,,,DOC_PP2B_LxvP_1;LIG_BIR_II_1;LIG_PDZ_Class_2,,P84077_K73;P84077_S147;P18085_K142;P18085_K36;P18085_K16;P18085_K15;P84077_K36;P84077_K36;P84077_G2;P84077_K38;P84077_K73;P84077_K127;P84077_S147;P84077_K142;P84077_S62;P63000_T186;P63000_N39,,,,,,,,,,,ARF1->INDUCES;ARF4->INDUCES;RAC1->INDUCES,
SE_139,0.058,0.00427500951884,CLIP1,P30622-3_T501,P30622,P30622-3,Canonical,T,501.0,122831927.0,Phosphothreonine,Phosphorylation,ADKLQRELEDtRVATVSEKSR,False,1.0,,5.0,99.0,5.0,SE,CLIP1_T501.0,,,,,,,,,,CLV_PCSK_SKI1_1;DEG_Nend_Nbox_1;LIG_14-3-3_CanoR_1;LIG_WD40_WDR5_VDV_2;TRG_Pf-PMV_PEXEL_1,,,,,,,,,,,,,,
SE_142,0.096,0.00537915638752,FLNB,O75369-8_T1467,O75369,O75369-8,Alternative,T,1467.0,58117662.0,Phosphothreonine,Phosphorylation,VRVLGPRADDtDSQSWRSPLK,False,2.0,,8.0,84.0,8.0,SE,FLNB_T1467.0,,,,,,,,,,CLV_C14_Caspase3-7;DEG_Nend_Nbox_1;MOD_PIKK_1,,,,,,,,,,,,,,
SE_142,0.096,0.00537915638752,FLNB,O75369-8_S1469,O75369,O75369-8,Alternative,S,1469.0,58117668.0,Phosphoserine,Phosphorylation,VLGPRADDTDsQSWRSPLKAL,False,1.0,,14.0,78.0,14.0,SE,FLNB_S1469.0,,,,,,,,,,LIG_LIR_Apic_2;MOD_GSK3_1,,,,,,,,,,,,,,
SE_142,0.096,0.00537915638752,FLNB,O75369-8_S1474,O75369,O75369-8,Alternative,S,1474.0,58117683.0,Phosphoserine,Phosphorylation,ADDTDSQSWRsPLKALSEFFK,False,7.0,,29.0,63.0,29.0,SE,FLNB_S1474.0,,,,,,,,,,DEG_APCC_DBOX_1;LIG_LIR_Apic_2;LIG_WD40_WDR5_VDV_2,,,,,,,,,,,,,,
SE_142,0.096,0.00537915638752,FLNB,O75369-8_S1480,O75369,O75369-8,Alternative,S,1480.0,58117701.0,Phosphoserine,Phosphorylation,QSWRSPLKALsEFFKGDPKGD,False,1.0,,47.0,45.0,45.0,SE,FLNB_S1480.0,,,,,,,,,,DEG_Nend_UBRbox_1;DOC_PP2A_B56_1;LIG_REV1ctd_RIR_1;LIG_WD40_WDR5_VDV_2;MOD_CDC14_SPxK_1;TRG_Pf-PMV_PEXEL_1,,,,,,,,,,,,,,
SE_142,0.096,0.00537915638752,FLNB,O75369-8_K1484,O75369,O75369-8,Alternative,K,1484.0,58117713.0,Ubiquitination,Ubiquitination,SPLKALSEFFkGDPKGDFNKT,False,1.0,,59.0,33.0,33.0,SE,FLNB_K1484.0,,,,,,,,,,DEG_Nend_UBRbox_1;LIG_BRCT_BRCA1_1;LIG_MLH1_MIPbox_1;TRG_Pf-PMV_PEXEL_1,,,,,,,,,,,,,,
SE_143,-0.11,0.00537915638752,DEPDC1,Q5TB30-5_S523,Q5TB30,Q5TB30-5,Canonical,S,523.0,68947924.0,Phosphoserine,Phosphorylation,LLLRSSTRRNsYINTPVAEII,False,,14.0,195.0,656.0,195.0,SE,DEPDC1_S523.0,,,,,,,,,,CLV_NRD_NRD_1;CLV_PCSK_KEX2_1;CLV_PCSK_PC7_1;DEG_Nend_UBRbox_1;DOC_WW_Pin1_4;LIG_14-3-3_CanoR_1;LIG_PDZ_Class_1;LIG_SH2_GRB2like;LIG_SH2_STAT5,,,,,,,,,,,,,,
SE_143,-0.11,0.00537915638752,DEPDC1,Q5TB30-5_S512,Q5TB30,Q5TB30-5,Canonical,S,512.0,68947957.0,Phosphoserine,Phosphorylation,CKSKQLCRSQsLLLRSSTRRN,False,5.0,1.0,228.0,623.0,228.0,SE,DEPDC1_S512.0,,,,,,,,,,DEG_Nend_UBRbox_1;LIG_14-3-3_CterR_2;MOD_PIKK_1,,,,,,,,,,,,,,
SE_143,-0.11,0.00537915638752,DEPDC1,Q5TB30-5_K484,Q5TB30,Q5TB30-5,Canonical,K,484.0,68948041.0,Methylation,Methylation,NIQKPFSAGFkRTSTLTVQDQ,False,1.0,,312.0,539.0,312.0,SE,DEPDC1_K484.0,,,,,,,,,,LIG_14-3-3_CanoR_1;LIG_BRCT_BRCA1_1;LIG_FHA_1;LIG_Pex14_2;MOD_GlcNHglycan;MOD_GSK3_1;MOD_PKA_2,,,,,,,,,,,,,,
SE_143,-0.11,0.00537915638752,DEPDC1,Q5TB30-5_S471,Q5TB30,Q5TB30-5,Canonical,S,471.0,68948080.0,Phosphoserine,Phosphorylation,PKQEFLLNLHsEENIQKPFSA,False,1.0,,351.0,500.0,351.0,SE,DEPDC1_S471.0,,,,,,,,,,DEG_Nend_UBRbox_2;LIG_APCC_ABBA_1,,,,,,,,,,,,,,
SE_143,-0.11,0.00537915638752,DEPDC1,Q5TB30-5_S444,Q5TB30,Q5TB30-5,Canonical,S,444.0,68948161.0,Phosphoserine,Phosphorylation,SKEASSVFHQsFPNIEGQNNK,False,1.0,,432.0,419.0,419.0,SE,DEPDC1_S444.0,,,,,,,,,,LIG_BIR_II_1;LIG_BRCT_BRCA1_1;LIG_Pex14_2,,,,,,,,,,,,,,
SE_143,-0.11,0.00537915638752,DEPDC1,Q5TB30-5_S422,Q5TB30,Q5TB30-5,Canonical,S,422.0,68948227.0,Phosphoserine,Phosphorylation,LSSNSKPRCCsLEGIVDVPGN,False,1.0,,498.0,353.0,353.0,SE,DEPDC1_S422.0,,,,,,,,,,DEG_Nend_UBRbox_3,,,,,,,,,,,,,,
SE_143,-0.11,0.00537915638752,DEPDC1,Q5TB30-5_S391,Q5TB30,Q5TB30-5,Canonical,S,391.0,68948320.0,Phosphoserine,Phosphorylation,QLVNLRNRRVsANDIMGGSCH,False,1.0,,591.0,260.0,260.0,SE,DEPDC1_S391.0,,,,,,,,,,CLV_NRD_NRD_1;CLV_PCSK_FUR_1;CLV_PCSK_KEX2_1;DEG_Nend_UBRbox_3;TRG_ER_diArg_1,,,,,,,,,,,,,,
SE_143,-0.11,0.00537915638752,DEPDC1,Q5TB30-5_T362,Q5TB30,Q5TB30-5,Canonical,T,362.0,68948407.0,Phosphothreonine,Phosphorylation,REKNKEESDStERLQISNPGF,False,,,678.0,173.0,173.0,SE,DEPDC1_T362.0,,,,,,,,,,CLV_C14_Caspase3-7;DEG_Nend_UBRbox_3;LIG_14-3-3_CterR_2,,,,,,,,,,,,,,
SE_143,-0.11,0.00537915638752,DEPDC1,Q5TB30-5_S361,Q5TB30,Q5TB30-5,Canonical,S,361.0,68948410.0,Phosphoserine,Phosphorylation,HREKNKEESDsTERLQISNPG,False,,1.0,681.0,170.0,170.0,SE,DEPDC1_S361.0,,,,,,,,,,DEG_Nend_UBRbox_1;LIG_FHA_1;LIG_PDZ_Class_2;MOD_CK1_1,,,,,,,,,,,,,,
SE_143,-0.11,0.00537915638752,DEPDC1,Q5TB30-5_K356,Q5TB30,Q5TB30-5,Canonical,K,356.0,68948425.0,N6-acetyllysine,Acetylation,LLSLLHREKNkEESDSTERLQ,False,,1.0,696.0,155.0,155.0,SE,DEPDC1_K356.0,,,,,,,,,,CLV_C14_Caspase3-7;DEG_Nend_Nbox_1,,,,,,,,,,,,,,
SE_143,-0.11,0.00537915638752,DEPDC1,Q5TB30-5_S348,Q5TB30,Q5TB30-5,Canonical,S,348.0,68948449.0,Phosphoserine,Phosphorylation,SFKSTECLLLsLLHREKNKEE,False,,1.0,720.0,131.0,131.0,SE,DEPDC1_S348.0,,,,,,,,,,LIG_BIR_II_1;LIG_NRBOX;LIG_UBA3_1,,,,,,,,,,,,,,
SE_143,-0.11,0.00537915638752,DEPDC1,Q5TB30-5_T342,Q5TB30,Q5TB30-5,Canonical,T,342.0,68948467.0,Phosphothreonine,Phosphorylation,HLNNLNSFKStECLLLSLLHR,False,,,738.0,113.0,113.0,SE,DEPDC1_T342.0,,,,,,,,,,DEG_Nend_UBRbox_3;LIG_WRC_WIRS_1;MOD_CK1_1,,,,,,,,,,,,,,
SE_143,-0.11,0.00537915638752,DEPDC1,Q5TB30-5_S341,Q5TB30,Q5TB30-5,Canonical,S,341.0,68948470.0,Phosphoserine,Phosphorylation,LHLNNLNSFKsTECLLLSLLH,False,2.0,,741.0,110.0,110.0,SE,DEPDC1_S341.0,,,,,,,,,,DEG_Nend_UBRbox_3;LIG_FHA_1;LIG_PDZ_Class_2;LIG_WRC_WIRS_1;MOD_CAAXbox;MOD_GSK3_1,,,,,,,,,,,,,,
SE_143,-0.11,0.00537915638752,DEPDC1,Q5TB30-5_S338,Q5TB30,Q5TB30-5,Canonical,S,338.0,68948479.0,Phosphoserine,Phosphorylation,SKFLHLNNLNsFKSTECLLLS,False,1.0,,750.0,101.0,101.0,SE,DEPDC1_S338.0,,,,,,,,,,DEG_Nend_Nbox_1;LIG_PDZ_Class_1,,,,,,,,,,,,,,
SE_143,-0.11,0.00537915638752,DEPDC1,Q5TB30-5_K329,Q5TB30,Q5TB30-5,Canonical,K,329.0,68948506.0,Ubiquitination,Ubiquitination,HKIQDDPQSSkFLHLNNLNSF,False,1.0,,777.0,74.0,74.0,SE,DEPDC1_K329.0,,,,,,,,,,DEG_CRBN_cyclicCter_1;DEG_Nend_UBRbox_3;DOC_USP7_MATH_1;LIG_BRCT_BRCA1_1;LIG_LIR_Nem_3,,,,,,,,,,,,,,
SE_143,-0.11,0.00537915638752,DEPDC1,Q5TB30-5_K320,Q5TB30,Q5TB30-5,Canonical,K,320.0,68948533.0,Ubiquitination,Ubiquitination,TVSDRSSGIHkIQDDPQSSKF,False,1.0,,804.0,47.0,47.0,SE,DEPDC1_K320.0,,,,,,,,,,DEG_CRBN_cyclicCter_1;DEG_Nend_UBRbox_2;MOD_GlcNHglycan;MOD_PKA_2,,,,,,,,,,,,,,
SE_144,0.4,0.00640450414355,FGFR2,P21802-1_S347,P21802,P21802-1,Canonical,S,347.0,123276878.0,Phosphoserine,Phosphorylation,AGEYTCLAGNsIGISFHSAWL,False,1.0,,45.0,99.0,45.0,SE,FGFR2_S347.0,,,,,,,,,,DEG_Nend_Nbox_1;LIG_SH2_CRK;LIG_SH2_STAP1;LIG_SH2_STAT5;TRG_ENDOCYTIC_2,,,,,,,,,,,,,,
SE_144,0.4,0.00640450414355,FGFR2,P21802-1_N331,P21802,P21802-1,Canonical,N,331.0,123276926.0,N-Glycosylation,Glycosylation,DKEIEVLYIRnVTFEDAGEYT,False,,,93.0,51.0,51.0,SE,FGFR2_N331.0,,,,,,,,,,CLV_PCSK_SKI1_1;DEG_Nend_Nbox_1;DOC_PP1_RVXF_1;LIG_14-3-3_CanoR_1;LIG_FHA_2;LIG_PDZ_Class_3;LIG_SH2_STAT5,,,,,,,,,,,,,,
SE_144,0.4,0.00640450414355,FGFR2,P21802-1_N318,P21802,P21802-1,Canonical,N,318.0,123276965.0,N-Glycosylation,Glycosylation,YLKVLKAAGVnTTDKEIEVLY,False,,,132.0,12.0,12.0,SE,FGFR2_N318.0,,,,,,,,,,LIG_FHA_2;MOD_CK2_1,,P09038_S206;P09038_K261;P09038_T254;P09038_Y215;P09038_Y245;P09038_S250;P09038_S285;P08620_S54;Q9UEF7_Y497;P31371_T176;P31371_T178;P31371_N79;P31371_Y163;O15520_Y164;O15520_Y161;O76093_Y146;P12034_N110;P12034_S138;P12034_S145;P21781_K170;P21781_K181;Q9GZV9_Y70;Q9GZV9_S71;Q9GZV9_R179;Q8WU20_T138;Q8WU20_Y290;Q8WU20_S428;Q8WU20_Y392;Q8WU20_T132;Q8WU20_S221;Q8WU20_T135;Q8WU20_T137;Q8WU20_T465;Q8WU20_Y436;Q8WU20_S76;Q8WU20_T328;Q8WU20_T504;Q8WU20_Y349;Q8WU20_T455;Q8WU20_S329;Q8WU20_T344;Q8WU20_Y59;Q8WU20_S503;Q8WU20_S211;Q8WU20_S365;Q8WU20_T288;Q8WU20_S327;Q8WU20_T125;Q8WU20_T395;Q8WU20_T49;Q8WU20_T227;Q8WU20_Y150;Q8WU20_T458;Q8WU20_S354;Q8WU20_S403;Q8WU20_S155;Q8WU20_Y196;Q8WU20_T468;Q8WU20_S172;Q8WU20_T463;Q8WU20_S177;Q8WU20_S316;P11487_T136;P27986_T152;P27986_S460;P27986_T585;P27986_Y556;P27986_Y470;P27986_Y452;P27986_Y657;P27986_T576;P27986_T454;P27986_T471;P27986_Y12;P27986_Y679;P27986_S652;P27986_Y59;P27986_Y76;P27986_Y73;P27986_T148;P27986_S690;P27986_S147;P27986_S361;P27986_Y688;P27986_Y467;P27986_T490;P27986_K530;P27986_S629;P27986_S628;P27986_Y508;P27986_Y528;P27986_Y607;P27986_T623;P27986_S608;P27986_Y504;P27986_Y580;P27986_S83;P27986_S265;P27986_S154;P10767_Y180,,,,,,,,,,,FGF10->INDUCES;FGF18->INDUCES;FGF2->INDUCES;FGF23->INDUCES;FGF3->INDUCES;FGF4->INDUCES;FGF5->INDUCES;FGF6->INDUCES;FGF7->INDUCES;FGF9->INDUCES;FRS2->INDUCES;KL->INDUCES;PIK3R1->INDUCES,
SE_148,-0.075,0.00839017187432,PLEC,Q15149-1_K2609,Q15149,Q15149-1,Canonical,K,2609.0,144996683.0,Ubiquitination,Ubiquitination,LQQEAKLLQLkSEEMQTVQQE,False,1.0,,11.0,3369.0,11.0,SE,PLEC_K2609.0,,,,,,,,,,DEG_Nend_UBRbox_2;LIG_WD40_WDR5_VDV_2,,,,,,,,,,,,,,
SE_148,-0.075,0.00839017187432,PLEC,Q15149-1_K2604,Q15149,Q15149-1,Canonical,K,2604.0,144996698.0,Ubiquitination,Ubiquitination,REKEKLQQEAkLLQLKSEEMQ,False,2.0,1.0,26.0,3354.0,26.0,SE,PLEC_K2604.0,,,,,,,,,,DEG_Nend_UBRbox_2;LIG_UBA3_1,,,,,,,,,,,,,,
SE_148,-0.075,0.00839017187432,PLEC,Q15149-1_S2578,Q15149,Q15149-1,Canonical,S,2578.0,144996776.0,Phosphoserine,Phosphorylation,VQTLEIQRQQsDHDAERLREA,False,2.0,3.0,104.0,3276.0,104.0,SE,PLEC_S2578.0,,,,,,,,,,DEG_Nend_Nbox_1,,,,,,,,,,,,,,
SE_148,-0.075,0.00839017187432,PLEC,Q15149-1_S2516,Q15149,Q15149-1,Canonical,S,2516.0,144996962.0,Phosphoserine,Phosphorylation,EAERQRQLEMsAEAERLKLRV,False,1.0,,290.0,3090.0,290.0,SE,PLEC_S2516.0,,,,,,,,,,DEG_Nend_UBRbox_1;LIG_PDZ_Class_3;LIG_WD40_WDR5_VDV_2,,,,,,,,,,,,,,
SE_148,-0.075,0.00839017187432,PLEC,Q15149-1_K2473,Q15149,Q15149-1,Canonical,K,2473.0,144997091.0,Ubiquitination,Ubiquitination,KAEAELLQQQkELAQEQARRL,False,1.0,,419.0,2961.0,419.0,SE,PLEC_K2473.0,,,,,,,,,,DEG_CRBN_cyclicCter_1;LIG_BIR_II_1,,,,,,,,,,,,,,
SE_148,-0.075,0.00839017187432,PLEC,Q15149-1_K2447,Q15149,Q15149-1,Canonical,K,2447.0,144997169.0,Ubiquitination,Ubiquitination,DLAQQRALAEkMLKEKMQAVQ,False,1.0,,497.0,2883.0,497.0,SE,PLEC_K2447.0,,,,,,,,,,DEG_Nend_UBRbox_3;TRG_Pf-PMV_PEXEL_1,,,,,,,,,,,,,,
SE_148,-0.075,0.00839017187432,PLEC,Q15149-1_K2409,Q15149,Q15149-1,Canonical,K,2409.0,144997283.0,Ubiquitination,Ubiquitination,TQRFLQEEAEkMKQVAEEAAR,False,1.0,,611.0,2769.0,611.0,SE,PLEC_K2409.0,,,,,,,,,,DEG_Nend_Nbox_1,,,,,,,,,,,,,,
SE_148,-0.075,0.00839017187432,PLEC,Q15149-1_K2379,Q15149,Q15149-1,Canonical,K,2379.0,144997373.0,Ubiquitination,Ubiquitination,SVRVQMEELSkLKARIEAENR,False,1.0,,701.0,2679.0,701.0,SE,PLEC_K2379.0,,,,,,,,,,LIG_WD40_WDR5_VDV_2;MOD_Plk_1;TRG_DiLeu_BaEn_4,,,,,,,,,,,,,,
SE_148,-0.075,0.00839017187432,PLEC,Q15149-1_S2378,Q15149,Q15149-1,Canonical,S,2378.0,144997376.0,Phosphoserine,Phosphorylation,FSVRVQMEELsKLKARIEAEN,False,1.0,,704.0,2676.0,704.0,SE,PLEC_S2378.0,,,,,,,,,,DEG_Nend_UBRbox_1;LIG_WD40_WDR5_VDV_2;TRG_DiLeu_BaEn_4;TRG_ER_diLys_1;TRG_PTS1,,,,,,,,,,,,,,
SE_148,-0.075,0.00839017187432,PLEC,Q15149-1_S2369,Q15149,Q15149-1,Canonical,S,2369.0,144997403.0,Phosphoserine,Phosphorylation,QRSQVEEELFsVRVQMEELSK,False,2.0,,731.0,2649.0,731.0,SE,PLEC_S2369.0,,,,,,,,,,DEG_Nend_UBRbox_3;LIG_WD40_WDR5_VDV_2,,,,,,,,,,,,,,
SE_148,-0.075,0.00839017187432,PLEC,Q15149-1_S2361,Q15149,Q15149-1,Canonical,S,2361.0,144997427.0,Phosphoserine,Phosphorylation,AEATEAARQRsQVEEELFSVR,False,6.0,11.0,755.0,2625.0,755.0,SE,PLEC_S2361.0,,,,,,,,,,LIG_PDZ_Class_3,,,,,,,,,,BOSUTINIB->u,,,,
SE_148,-0.075,0.00839017187432,PLEC,Q15149-1_T2354,Q15149,Q15149-1,Canonical,T,2354.0,144997448.0,Phosphothreonine,Phosphorylation,EELQRLKAEAtEAARQRSQVE,False,1.0,,776.0,2604.0,776.0,SE,PLEC_T2354.0,,,,,,,,,,DEG_Cend_FEM1AC_1;DEG_Nend_UBRbox_3;LIG_NRP_CendR_1;MOD_SUMO_for_1,,,,,,,,,,,,,,
SE_148,-0.075,0.00839017187432,PLEC,Q15149-1_K2350,Q15149,Q15149-1,Canonical,K,2350.0,144997460.0,Ubiquitination,Ubiquitination,NLLDEELQRLkAEATEAARQR,False,2.0,1.0,788.0,2592.0,788.0,SE,PLEC_K2350.0,,,,,,,,,,DEG_Nend_UBRbox_2;LIG_PDZ_Class_1;TRG_DiLeu_BaEn_4,,,,,,,,,,,,,,
SE_148,-0.075,0.00839017187432,PLEC,Q15149-1_K2339,Q15149,Q15149-1,Canonical,K,2339.0,144997493.0,Ubiquitination,Ubiquitination,RLQLEETDHQkNLLDEELQRL,False,1.0,,821.0,2559.0,821.0,SE,PLEC_K2339.0,,,,,,,,,,DEG_Cend_DCAF12_1;DEG_Nend_Nbox_1,,,,,,,,,,,,,,
SE_148,-0.075,0.00839017187432,PLEC,Q15149-1_T2314,Q15149,Q15149-1,Canonical,T,2314.0,144997568.0,Phosphothreonine,Phosphorylation,MEKHKKFAEQtLRQKAQVEQE,False,,2.0,896.0,2484.0,896.0,SE,PLEC_T2314.0,,,,,,,,,,DEG_CRBN_cyclicCter_1,,,,,,,,,,,,,,
SE_148,-0.075,0.00839017187432,PLEC,Q15149-1_K2274,Q15149,Q15149-1,Canonical,K,2274.0,144997688.0,Ubiquitination;N6-acetyllysine,Acetylation,ARAQAQAAAEkLRKEAEQEAA,False,nan;1.0,1.0;nan,1016.0,2364.0,1016.0,SE,PLEC_K2274.0,,,,,,,,,,CLV_NRD_NRD_1;DEG_Nend_UBRbox_3,,,,,,,,,,,,,,
SE_148,-0.075,0.00839017187432,PLEC,Q15149-1_K2274,Q15149,Q15149-1,Canonical,K,2274.0,144997688.0,Ubiquitination;N6-acetyllysine,Ubiquitination,ARAQAQAAAEkLRKEAEQEAA,False,nan;1.0,1.0;nan,1016.0,2364.0,1016.0,SE,PLEC_K2274.0,,,,,,,,,,CLV_NRD_NRD_1;DEG_Nend_UBRbox_3,,,,,,,,,,,,,,
SE_148,-0.075,0.00839017187432,PLEC,Q15149-1_K2255,Q15149,Q15149-1,Canonical,K,2255.0,144997745.0,N6-acetyllysine,Acetylation,RRQVEEAERLkQSAEEQAQAR,False,,1.0,1073.0,2307.0,1073.0,SE,PLEC_K2255.0,,,,,,,,,,DEG_CRBN_cyclicCter_1;MOD_CK2_1;MOD_GlcNHglycan;TRG_DiLeu_BaEn_4,,,,,,,,,,,,,,
SE_148,-0.075,0.00839017187432,PLEC,Q15149-1_K2198,Q15149,Q15149-1,Canonical,K,2198.0,144997916.0,Ubiquitination,Ubiquitination,EKAHAFAVQQkEQELQQTLQQ,False,1.0,,1244.0,2136.0,1244.0,SE,PLEC_K2198.0,,,,,,,,,,DEG_CRBN_cyclicCter_1,,,,,,,,,,,,,,
SE_148,-0.075,0.00839017187432,PLEC,Q15149-1_K2189,Q15149,Q15149-1,Canonical,K,2189.0,144997943.0,N6-acetyllysine,Acetylation,AAQKRLQAEEkAHAFAVQQKE,False,1.0,1.0,1271.0,2109.0,1271.0,SE,PLEC_K2189.0,,,,,,,,,,CLV_PCSK_KEX2_1;CLV_PCSK_PC1ET2_1;DEG_Nend_UBRbox_1;LIG_PDZ_Class_2,,,,,,,,,,,,,,
SE_148,-0.075,0.00839017187432,PLEC,Q15149-1_K2182,Q15149,Q15149-1,Canonical,K,2182.0,144997964.0,Ubiquitination;N6-acetyllysine,Acetylation,QLQLAQEAAQkRLQAEEKAHA,False,nan;1.0,1.0;nan,1292.0,2088.0,1292.0,SE,PLEC_K2182.0,,,,,,,,,,DEG_Cend_DCAF12_1;DEG_Nend_Nbox_1,,,,,,,,,,,,,,
SE_148,-0.075,0.00839017187432,PLEC,Q15149-1_K2182,Q15149,Q15149-1,Canonical,K,2182.0,144997964.0,Ubiquitination;N6-acetyllysine,Ubiquitination,QLQLAQEAAQkRLQAEEKAHA,False,nan;1.0,1.0;nan,1292.0,2088.0,1292.0,SE,PLEC_K2182.0,,,,,,,,,,DEG_Cend_DCAF12_1;DEG_Nend_Nbox_1,,,,,,,,,,,,,,
SE_148,-0.075,0.00839017187432,PLEC,Q15149-1_K2142,Q15149,Q15149-1,Canonical,K,2142.0,144998084.0,Ubiquitination,Ubiquitination,AAEEEAARQRkAALEEVERLK,False,1.0,,1412.0,1968.0,1412.0,SE,PLEC_K2142.0,,,,,,,,,,DEG_Nend_UBRbox_2;LIG_PDZ_Class_3,,,,,,,,,,,,,,
SE_148,-0.075,0.00839017187432,PLEC,Q15149-1_K2078,Q15149,Q15149-1,Canonical,K,2078.0,144998276.0,Ubiquitination,Ubiquitination,KASFEKAAAGkAELELELGRI,False,1.0,,1604.0,1776.0,1604.0,SE,PLEC_K2078.0,,,,,,,,,,DEG_Nend_Nbox_1;LIG_WD40_WDR5_VDV_2,,,,,,,,,,,,,,
SE_148,-0.075,0.00839017187432,PLEC,Q15149-1_T2053,Q15149,Q15149-1,Canonical,T,2053.0,144998351.0,Phosphothreonine,Phosphorylation,LERQKGLVEDtLRQRRQVEEE,False,1.0,,1679.0,1701.0,1679.0,SE,PLEC_T2053.0,,,,,,,,,,CLV_NRD_NRD_1;CLV_PCSK_FUR_1;CLV_PCSK_KEX2_1;DEG_CRBN_cyclicCter_1;DEG_Nend_UBRbox_3;TRG_ER_diArg_1;TRG_Pf-PMV_PEXEL_1,,,,,,,,,,,,,,
SE_148,-0.075,0.00839017187432,PLEC,Q15149-1_K2047,Q15149,Q15149-1,Canonical,K,2047.0,144998369.0,Ubiquitination,Ubiquitination,KASDSELERQkGLVEDTLRQR,False,1.0,,1697.0,1683.0,1683.0,SE,PLEC_K2047.0,,,,,,,,,,DEG_Nend_UBRbox_2,,,,,,,,,,,,,,
SE_148,-0.075,0.00839017187432,PLEC,Q15149-1_S2039,Q15149,Q15149-1,Canonical,S,2039.0,144998393.0,Phosphoserine,Phosphorylation,EERLAQLRKAsDSELERQKGL,False,4.0,,1721.0,1659.0,1659.0,SE,PLEC_S2039.0,,,,,,,,,,CLV_NRD_NRD_1;DEG_Cend_FEM1B_2;DEG_Nend_Nbox_1;DOC_USP7_MATH_1;MOD_CK2_1,,,,,,,,,,,,,,
SE_148,-0.075,0.00839017187432,PLEC,Q15149-1_K2025,Q15149,Q15149-1,Canonical,K,2025.0,144998435.0,Ubiquitination,Ubiquitination,RRLEEQAAQHkADIEERLAQL,False,1.0,,1763.0,1617.0,1617.0,SE,PLEC_K2025.0,,,,,,,,,,DEG_Nend_UBRbox_2,,,,,,,,,,,,,,
SE_148,-0.075,0.00839017187432,PLEC,Q15149-1_T1983,Q15149,Q15149-1,Canonical,T,1983.0,144998561.0,Phosphothreonine,Phosphorylation,AEKLAAIGEAtRLKTEAEIAL,False,1.0,,1889.0,1491.0,1491.0,SE,PLEC_T1983.0,,,,,,,,,,DEG_Nend_Nbox_1;DOC_PP2A_B56_1;LIG_PDZ_Class_1;MOD_SUMO_for_1,,,,,,,,,,,,,,
SE_148,-0.075,0.00839017187432,PLEC,Q15149-1_K1975,Q15149,Q15149-1,Canonical,K,1975.0,144998585.0,N6-acetyllysine,Acetylation,RAEAERVLAEkLAAIGEATRL,False,2.0,,1913.0,1467.0,1467.0,SE,PLEC_K1975.0,,,,,,,,,,DOC_PP2A_B56_1;LIG_BIR_II_1;TRG_Pf-PMV_PEXEL_1,,,,,,,,,,,,,,
SE_148,-0.075,0.00839017187432,PLEC,Q15149-1_R1942,Q15149,Q15149-1,Canonical,R,1942.0,144998684.0,Methylation,Methylation,RFRELAEEAArLRALAEEAKR,False,1.0,,2012.0,1368.0,1368.0,SE,PLEC_R1942.0,,,,,,,,,,DEG_Nend_UBRbox_2;LIG_WD40_WDR5_VDV_2;TRG_DiLeu_BaEn_4;TRG_Pf-PMV_PEXEL_1,,,,,,,,,,,,,,
SE_148,-0.075,0.00839017187432,PLEC,Q15149-1_K1908,Q15149,Q15149-1,Canonical,K,1908.0,144998786.0,N6-acetyllysine,Acetylation,RAEMEVLLASkARAEEESRST,False,,1.0,2114.0,1266.0,1266.0,SE,PLEC_K1908.0,,,,,,,,,,DEG_Cend_DCAF12_1;DEG_Nend_UBRbox_2;LIG_WD40_WDR5_VDV_2,,,,,,,,,,,,,,
SE_148,-0.075,0.00839017187432,PLEC,Q15149-1_S1907,Q15149,Q15149-1,Canonical,S,1907.0,144998789.0,Phosphoserine,Phosphorylation,VRAEMEVLLAsKARAEEESRS,False,4.0,,2117.0,1263.0,1263.0,SE,PLEC_S1907.0,,,,,,,,,,DEG_Cend_DCAF12_1;DEG_Nend_UBRbox_2;TRG_DiLeu_BaEn_1,,,,,,,,,,,,,,
SE_148,-0.075,0.00839017187432,PLEC,Q15149-1_T1859,Q15149,Q15149-1,Canonical,T,1859.0,144998933.0,Phosphothreonine,Phosphorylation,EQELIRLRAEtEQGEQQRQLL,False,,4.0,2261.0,1119.0,1119.0,SE,PLEC_T1859.0,,,,,,,,,,DEG_CRBN_cyclicCter_1;DEG_Nend_Nbox_1;TRG_ER_diArg_1,,,,,,,,,,,,,,
SE_148,-0.075,0.00839017187432,PLEC,Q15149-1_R1812,Q15149,Q15149-1,Canonical,R,1812.0,144999074.0,Methylation,Methylation,QKEEAEREARrRGKAEEQAVR,False,,1.0,2402.0,978.0,978.0,SE,PLEC_R1812.0,,,,,,,,,,DEG_Cend_DCAF12_1;DEG_Nend_UBRbox_2,,,,,,,,,,,,,,
SE_148,-0.075,0.00839017187432,PLEC,Q15149-1_K1792,Q15149,Q15149-1,Canonical,K,1792.0,144999134.0,Ubiquitination,Ubiquitination,RLQAEEVAQQkSLAQAEAEKQ,False,1.0,,2462.0,918.0,918.0,SE,PLEC_K1792.0,,,,,,,,,,LIG_BIR_II_1,,,,,,,,,,,,,,
SE_148,-0.075,0.00839017187432,PLEC,Q15149-1_K1774,Q15149,Q15149-1,Canonical,K,1774.0,144999188.0,N6-acetyllysine,Acetylation,AERELERWQLkANEALRLRLQ,False,2.0,,2516.0,864.0,864.0,SE,PLEC_K1774.0,,,,,,,,,,DEG_APCC_TPR_1;DEG_Nend_UBRbox_2,,,,,,,,,,,,,,
SE_148,-0.075,0.00839017187432,PLEC,Q15149-1_S1732,Q15149,Q15149-1,Canonical,S,1732.0,144999314.0,Phosphoserine,Phosphorylation,FAEKTAQLERsLQEEHVAVAQ,False,20.0,,2642.0,738.0,738.0,SE,PLEC_S1732.0,,,,,,,,,,DEG_Nend_UBRbox_1;LIG_PDZ_Class_3;TRG_Pf-PMV_PEXEL_1,,,,,,,,,,UNC1215->d;SIROLIMUS->d;RESVERATROL->d;JQ1-S->d;GSK1210151A->d;GELDANAMYCIN->d;EPZ-5687->d;CPI-169->d;BIX-01294->d;BELINOSTAT->d,,,,
SE_148,-0.075,0.00839017187432,PLEC,Q15149-1_T1726,Q15149,Q15149-1,Canonical,T,1726.0,144999332.0,Phosphothreonine,Phosphorylation,QSKRASFAEKtAQLERSLQEE,False,2.0,,2660.0,720.0,720.0,SE,PLEC_T1726.0,,,,,,,,,,DEG_Nend_UBRbox_1;LIG_14-3-3_CanoR_1,,,,,,,,,,,,,,
SE_148,-0.075,0.00839017187432,PLEC,Q15149-1_K1725,Q15149,Q15149-1,Canonical,K,1725.0,144999335.0,Ubiquitination;N6-acetyllysine,Acetylation,LQSKRASFAEkTAQLERSLQE,False,1.0;2.0,nan;nan,2663.0,717.0,717.0,SE,PLEC_K1725.0,,,,,,,,,,CLV_PCSK_KEX2_1;CLV_PCSK_PC1ET2_1;DEG_Cend_FEM1B_2;DEG_Nend_UBRbox_1;LIG_14-3-3_CanoR_1;LIG_FHA_1;MOD_CK2_1;MOD_PKA_1;MOD_PKA_2,,,,,,,,,,,,,,
SE_148,-0.075,0.00839017187432,PLEC,Q15149-1_K1725,Q15149,Q15149-1,Canonical,K,1725.0,144999335.0,Ubiquitination;N6-acetyllysine,Ubiquitination,LQSKRASFAEkTAQLERSLQE,False,1.0;2.0,nan;nan,2663.0,717.0,717.0,SE,PLEC_K1725.0,,,,,,,,,,CLV_PCSK_KEX2_1;CLV_PCSK_PC1ET2_1;DEG_Cend_FEM1B_2;DEG_Nend_UBRbox_1;LIG_14-3-3_CanoR_1;LIG_FHA_1;MOD_CK2_1;MOD_PKA_1;MOD_PKA_2,,,,,,,,,,,,,,
SE_148,-0.075,0.00839017187432,PLEC,Q15149-1_S1721,Q15149,Q15149-1,Canonical,S,1721.0,144999347.0,Phosphoserine,Phosphorylation,AEAELQSKRAsFAEKTAQLER,False,17.0,2.0,2675.0,705.0,705.0,SE,PLEC_S1721.0,,,,,,,,,,CLV_PCSK_KEX2_1;CLV_PCSK_PC1ET2_1;DEG_Nend_UBRbox_2,,,,,,,,,,REGORAFENIB->d;BYL719->d;AMIODARONE->d,,,,
SE_148,-0.075,0.00839017187432,PLEC,Q15149-1_K1718,Q15149,Q15149-1,Canonical,K,1718.0,144999356.0,Ubiquitination,Ubiquitination,QRSAEAELQSkRASFAEKTAQ,False,1.0,,2684.0,696.0,696.0,SE,PLEC_K1718.0,,,,,,,,,,LIG_14-3-3_CanoR_1;LIG_BIR_II_1;LIG_BIR_III_3;LIG_WD40_WDR5_VDV_2;MOD_CK2_1;MOD_GSK3_1;MOD_PKA_2,,,,,,,,,,,,,,
SE_148,-0.075,0.00839017187432,PLEC,Q15149-1_S1717,Q15149,Q15149-1,Canonical,S,1717.0,144999359.0,Phosphoserine,Phosphorylation,AQRSAEAELQsKRASFAEKTA,False,1.0,,2687.0,693.0,693.0,SE,PLEC_S1717.0,,,,,,,,,,CLV_PCSK_KEX2_1;CLV_PCSK_PC1ET2_1;LIG_14-3-3_CanoR_1;LIG_BIR_II_1;LIG_PDZ_Class_1;LIG_WD40_WDR5_VDV_2,,,,,,,,,,,,,,
SE_148,-0.075,0.00839017187432,PLEC,Q15149-4_S1507;Q15149-1_S1644,Q15149,Q15149-1,Canonical,S,1644.0,144999578.0,Phosphoserine,Phosphorylation,ERLRRQVQDEsQRKRQAEVEL,False,1.0,,2906.0,474.0,474.0,SE,PLEC_S1644.0,,,,,,,,,,CLV_NRD_NRD_1;CLV_PCSK_KEX2_1;CLV_PCSK_PC1ET2_1;DEG_Nend_UBRbox_1,,,,,,,,,,,,,,
SE_148,-0.075,0.00839017187432,PLEC,Q15149-1_R1637,Q15149,Q15149-1,Canonical,R,1637.0,144999599.0,Methylation,Methylation,RQAQEEAERLrRQVQDESQRK,False,,1.0,2927.0,453.0,453.0,SE,PLEC_R1637.0,,,,,,,,,,DEG_Nend_UBRbox_3;TRG_DiLeu_BaEn_4,,,,,,,,,,,,,,
SE_148,-0.075,0.00839017187432,PLEC,Q15149-1_R1627,Q15149,Q15149-1,Canonical,R,1627.0,144999629.0,Methylation,Methylation,ARAEEAEAQKrQAQEEAERLR,False,,1.0,2957.0,423.0,423.0,SE,PLEC_R1627.0,,,,,,,,,,DEG_Nend_UBRbox_2;LIG_PDZ_Class_3;LIG_WD40_WDR5_VDV_2,,,,,,,,,,,,,,
SE_148,-0.075,0.00839017187432,PLEC,Q15149-1_R1605,Q15149,Q15149-1,Canonical,R,1605.0,144999695.0,Methylation,Methylation,RLQLEATERQrGGAEGELQAL,False,1.0,,3023.0,357.0,357.0,SE,PLEC_R1605.0,,,,,,,,,,DEG_Nend_Nbox_1,,,,,,,,,,,,,,
SE_148,-0.075,0.00839017187432,PLEC,Q15149-1_K1573,Q15149,Q15149-1,Canonical,K,1573.0,144999791.0,Ubiquitination,Ubiquitination,RQSSEAEIQAkARQAEAAERS,False,1.0,,3119.0,261.0,261.0,SE,PLEC_K1573.0,,,,,,,,,,LIG_BIR_II_1;LIG_WD40_WDR5_VDV_2,,,,,,,,,,,,,,
SE_148,-0.075,0.00839017187432,PLEC,Q15149-1_S1566,Q15149,Q15149-1,Canonical,S,1566.0,144999812.0,Phosphoserine,Phosphorylation,QEELQQLRQSsEAEIQAKARQ,False,,,3140.0,240.0,240.0,SE,PLEC_S1566.0,,,,,,,,,,DEG_Nend_Nbox_1;LIG_14-3-3_CanoR_1;LIG_PDZ_Class_2;LIG_WD40_WDR5_VDV_2;MOD_PKA_2,,,,,,,,,,,,,,
SE_148,-0.075,0.00839017187432,PLEC,Q15149-1_S1565,Q15149,Q15149-1,Canonical,S,1565.0,144999815.0,Phosphoserine,Phosphorylation,IQEELQQLRQsSEAEIQAKAR,False,,1.0,3143.0,237.0,237.0,SE,PLEC_S1565.0,,,,,,,,,,DEG_CRBN_cyclicCter_1;DEG_Nend_UBRbox_2;LIG_14-3-3_CanoR_1;LIG_WD40_WDR5_VDV_2;MOD_CK2_1,,,,,,,,,,,,,,
SE_148,-0.075,0.00839017187432,PLEC,Q15149-1_S1554,Q15149,Q15149-1,Canonical,S,1554.0,144999848.0,Phosphoserine,Phosphorylation,AAVDAQQQKRsIQEELQQLRQ,False,5.0,,3176.0,204.0,204.0,SE,PLEC_S1554.0,,,,,,,,,,CLV_PCSK_KEX2_1;CLV_PCSK_PC1ET2_1;DEG_Cend_TRIM7_1;DEG_CRBN_cyclicCter_1;DEG_Nend_UBRbox_2;TRG_Pf-PMV_PEXEL_1,,,,,,,,,,,,,,
SE_148,-0.075,0.00839017187432,PLEC,Q15149-1_K1552,Q15149,Q15149-1,Canonical,K,1552.0,144999854.0,Ubiquitination,Ubiquitination,EEAAVDAQQQkRSIQEELQQL,False,1.0,,3182.0,198.0,198.0,SE,PLEC_K1552.0,,,,,,,,,,DEG_Cend_DCAF12_1;LIG_BIR_II_1;MOD_CK2_1;TRG_Pf-PMV_PEXEL_1,,,,,,,,,,,,,,
SE_148,-0.075,0.00839017187432,PLEC,Q15149-1_K1508,Q15149,Q15149-1,Canonical,K,1508.0,144999986.0,Ubiquitination,Ubiquitination,RLAEVEAALEkQRQLAEAHAQ,False,2.0,,3314.0,66.0,66.0,SE,PLEC_K1508.0,,,,,,,,,,DEG_Nend_UBRbox_2;LIG_WD40_WDR5_VDV_2;TRG_Pf-PMV_PEXEL_1,,,,,,,,,,,,,,
SE_151,0.098,0.00915036713216,CLSTN3,Q9BQT9-1_S878,Q9BQT9,Q9BQT9-1,Canonical,S,878.0,7310189.0,Phosphoserine,Phosphorylation,VRIHSLHRRVsGAGGPPGASS,True,,1.0,104.0,98.0,98.0,SE,CLSTN3_S878.0,,,,,,,,,,CLV_NRD_NRD_1;CLV_PCSK_KEX2_1;TRG_ER_diArg_1,,,,,,,,,,,,,,
SE_152,-0.385,0.0105460397799,BCAS1,O75363-1_S451,O75363,O75363-1,Canonical,S,451.0,52574036.0,Phosphoserine,Phosphorylation,TSLMAFLRQMsVKGDGGITHS,False,3.0,,65.0,0.0,0.0,SE,BCAS1_S451.0,,,,,,,,,,DEG_Cend_KLHDC2_1;LIG_BIR_II_1,,,,,,,,,,,,,,
SE_154,0.253,0.0129400018182,SPHK2,Q9NRA0-1_S355,Q9NRA0,Q9NRA0-1,Canonical,S,355.0,49132128.0,Phosphoserine,Phosphorylation,IQSERFRALGsARFTLGTVLG,False,1.0,1.0,190.0,855.0,190.0,SE,SPHK2_S355.0,,,,,,,,,,DEG_Nend_UBRbox_2;LIG_14-3-3_CanoR_1;LIG_LIR_Nem_3;TRG_AP2beta_CARGO_1,,,,,,,,,,,,,,
SE_154,0.253,0.0129400018182,SPHK2,Q9NRA0-1_T359,Q9NRA0,Q9NRA0-1,Canonical,T,359.0,49132140.0,Phosphothreonine,Phosphorylation,RFRALGSARFtLGTVLGLATL,False,,1.0,202.0,843.0,202.0,SE,SPHK2_T359.0,,,,,,,,,,DEG_APCC_DBOX_1;DOC_USP7_MATH_1;LIG_BIR_II_1;LIG_BRCT_BRCA1_1;MOD_GlcNHglycan;MOD_Plk_4,,,,,,,,,,,,,,
SE_154,0.253,0.0129400018182,SPHK2,Q9NRA0-1_T368,Q9NRA0,Q9NRA0-1,Canonical,T,368.0,49132167.0,Phosphothreonine,Phosphorylation,FTLGTVLGLAtLHTYRGRLSY,False,1.0,,229.0,816.0,229.0,SE,SPHK2_T368.0,,,,,,,,,,MOD_NMyristoyl,,,,,,,,,,,,,,
SE_154,0.253,0.0129400018182,SPHK2,Q9NRA0-1_T371,Q9NRA0,Q9NRA0-1,Canonical,T,371.0,49132176.0,Phosphothreonine,Phosphorylation,GTVLGLATLHtYRGRLSYLPA,False,,1.0,238.0,807.0,238.0,SE,SPHK2_T371.0,,,,,,,,,,DEG_Nend_Nbox_1;LIG_14-3-3_CterR_2;TRG_ER_diArg_1,,,,,,,,,,,,,,
SE_154,0.253,0.0129400018182,SPHK2,Q9NRA0-1_Y372,Q9NRA0,Q9NRA0-1,Canonical,Y,372.0,49132179.0,Phosphotyrosine,Phosphorylation,TVLGLATLHTyRGRLSYLPAT,False,1.0,,241.0,804.0,241.0,SE,SPHK2_Y372.0,,,,,,,,,,LIG_14-3-3_CterR_2;TRG_ER_diArg_1,,,,,,,,,,,,,,
SE_154,0.253,0.0129400018182,SPHK2,Q9NRA0-1_Y378,Q9NRA0,Q9NRA0-1,Canonical,Y,378.0,49132197.0,Phosphotyrosine,Phosphorylation,TLHTYRGRLSyLPATVEPASP,False,1.0,,259.0,786.0,259.0,SE,SPHK2_Y378.0,,,,,,,,,,DEG_APCC_DBOX_1;LIG_14-3-3_CanoR_1;LIG_WD40_WDR5_VDV_2;MOD_PKA_2;TRG_ER_diArg_1,,,,,,,,,,,,,,
SE_154,0.253,0.0129400018182,SPHK2,Q9NRA0-1_S387,Q9NRA0,Q9NRA0-1,Canonical,S,387.0,49132224.0,Phosphoserine,Phosphorylation,SYLPATVEPAsPTPAHSLPRA,False,10.0,,286.0,759.0,286.0,SE,SPHK2_S387.0,"cell motility, altered",,,,MAPK3;MAPK1,,,,,DEG_SCF_FBW7_1;DOC_WW_Pin1_4;LIG_Arc_Nlobe_1;LIG_SH3_3;MOD_GSK3_1;MOD_ProDKin_1,,,,,,,,,,VX-970->u;VERTEPORFIN->u;SP600125->u;RO4929097->u;PRAVASTATIN->u;LENALIDOMIDE->u;FLAVOPIRIDOL->u;EVEROLIMUS->u;DINACICLIB->u;CC-401->u;BMS-906024->u;BMS-345541->u,,,MAPK1->REGULATES;MAPK3->REGULATES,
SE_154,0.253,0.0129400018182,SPHK2,Q9NRA0-1_T389,Q9NRA0,Q9NRA0-1,Canonical,T,389.0,49132230.0,Phosphothreonine,Phosphorylation,LPATVEPASPtPAHSLPRAKS,False,,,292.0,753.0,292.0,SE,SPHK2_T389.0,,,,,,,,,,DOC_USP7_MATH_1;DOC_WW_Pin1_4;LIG_Arc_Nlobe_1;LIG_SH3_3;MOD_ProDKin_1,,,,,,,,,,,,,,
SE_154,0.253,0.0129400018182,SPHK2,Q9NRA0-1_S393,Q9NRA0,Q9NRA0-1,Canonical,S,393.0,49132242.0,Phosphoserine,Phosphorylation,VEPASPTPAHsLPRAKSELTL,False,,,304.0,741.0,304.0,SE,SPHK2_S393.0,,,,,,,,,,DOC_WW_Pin1_4;LIG_14-3-3_CterR_2;LIG_Arc_Nlobe_1;LIG_BIR_II_1;LIG_BIR_III_1;LIG_BIR_III_3;MOD_ProDKin_1,,,,,,,,,,,,,,
SE_154,0.253,0.0129400018182,SPHK2,Q9NRA0-1_S399,Q9NRA0,Q9NRA0-1,Canonical,S,399.0,49132260.0,Phosphoserine,Phosphorylation,TPAHSLPRAKsELTLTPDPAP,False,10.0,4.0,322.0,723.0,322.0,SE,SPHK2_S399.0,,,,,,,,,,DOC_MAPK_gen_1;LIG_WD40_WDR5_VDV_2;MOD_Plk_1;MOD_SUMO_for_1,,,,,,,,,,,,,,
SE_154,0.253,0.0129400018182,SPHK2,Q9NRA0-1_T402,Q9NRA0,Q9NRA0-1,Canonical,T,402.0,49132269.0,Phosphothreonine,Phosphorylation,HSLPRAKSELtLTPDPAPPMA,False,,1.0,331.0,714.0,331.0,SE,SPHK2_T402.0,,,,,,,,,,DOC_MAPK_gen_1;DOC_WW_Pin1_4;LIG_14-3-3_CanoR_1;LIG_PDZ_Class_3;MOD_ProDKin_1;MOD_SUMO_for_1,,,,,,,,,,,,,,
SE_154,0.253,0.0129400018182,SPHK2,Q9NRA0-1_T404,Q9NRA0,Q9NRA0-1,Canonical,T,404.0,49132275.0,Phosphothreonine,Phosphorylation,LPRAKSELTLtPDPAPPMAHS,False,3.0,1.0,337.0,708.0,337.0,SE,SPHK2_T404.0,,,,,,,,,,LIG_BIR_II_1;LIG_SH3_3;LIG_WD40_WDR5_VDV_2;MOD_CK1_1;MOD_Plk_1;MOD_SUMO_for_1,,,,,,,,,,,,,,
SE_154,0.253,0.0129400018182,SPHK2,Q9NRA0-1_S414,Q9NRA0,Q9NRA0-1,Canonical,S,414.0,49132305.0,Phosphoserine,Phosphorylation,TPDPAPPMAHsPLHRSVSDLP,False,16.0,2.0,367.0,678.0,367.0,SE,SPHK2_S414.0,,,,,,,,,,LIG_Arc_Nlobe_1,,,,,,,,,,,,,,
SE_154,0.253,0.0129400018182,SPHK2,Q9NRA0-1_S419,Q9NRA0,Q9NRA0-1,Canonical,S,419.0,49132320.0,Phosphoserine,Phosphorylation,PPMAHSPLHRsVSDLPLPLPQ,False,,,382.0,663.0,382.0,SE,SPHK2_S419.0,,,,intracellular localization,PRKD1,,,,,LIG_14-3-3_CanoR_1;LIG_Arc_Nlobe_1;LIG_BIR_II_1;LIG_PDZ_Class_2,,,,,,,,,,,,,PRKD1->REGULATES,
SE_154,0.253,0.0129400018182,SPHK2,Q9NRA0-1_S421,Q9NRA0,Q9NRA0-1,Canonical,S,421.0,49132326.0,Phosphoserine,Phosphorylation,MAHSPLHRSVsDLPLPLPQPA,False,,,388.0,657.0,388.0,SE,SPHK2_S421.0,,,,intracellular localization,PRKD1,,,,,DOC_MAPK_MEF2A_6;LIG_Arc_Nlobe_1;LIG_BIR_II_1;LIG_PDZ_Class_2,,,,,,,,,,,,,PRKD1->REGULATES,
SE_154,0.253,0.0129400018182,SPHK2,Q9NRA0-1_S473,Q9NRA0,Q9NRA0-1,Canonical,S,473.0,49132482.0,Phosphoserine,Phosphorylation,APLSPDPLLSsPPGSPKAALH,False,1.0,,544.0,501.0,501.0,SE,SPHK2_S473.0,,,,,,,,,,DOC_WW_Pin1_4;LIG_BIR_II_1;LIG_SH3_3;MOD_CDK_SPK_2;TRG_DiLeu_BaLyEn_6,,,,,,,,,,,,,,
SE_154,0.253,0.0129400018182,SPHK2,Q9NRA0-1_S477,Q9NRA0,Q9NRA0-1,Canonical,S,477.0,49132494.0,Phosphoserine,Phosphorylation,PDPLLSSPPGsPKAALHSPVS,False,2.0,,556.0,489.0,489.0,SE,SPHK2_S477.0,,,,,,,,,,CLV_PCSK_SKI1_1;DEG_Nend_Nbox_1;DOC_WW_Pin1_4;LIG_SH3_3;LIG_WD40_WDR5_VDV_2;MOD_ProDKin_1,,,,,,,,,,,,,,
SE_154,0.253,0.0129400018182,SPHK2,Q9NRA0-1_S484,Q9NRA0,Q9NRA0-1,Canonical,S,484.0,49132515.0,Phosphoserine,Phosphorylation,PPGSPKAALHsPVSEGAPVIP,False,3.0,,577.0,468.0,468.0,SE,SPHK2_S484.0,,,,,,,,,,CLV_PCSK_SKI1_1;DEG_Cend_KLHDC2_1;LIG_BIR_II_1;LIG_PDZ_Class_3;LIG_WD40_WDR5_VDV_2,,,,,,,,,,,,,,
SE_154,0.253,0.0129400018182,SPHK2,Q9NRA0-1_T614,Q9NRA0,Q9NRA0-1,Canonical,T,614.0,49132905.0,Phosphothreonine,Phosphorylation,AARAFRLEPLtPRGVLTVDGE,False,1.0,,967.0,78.0,78.0,SE,SPHK2_T614.0,"cell motility, altered",,,,MAPK3;MAPK1,,,,,CLV_PCSK_SKI1_1;LIG_14-3-3_CterR_2;LIG_BIR_II_1;LIG_SH3_1;LIG_SH3_3;LIG_TRFH_1,,,,,,,,,,,,,MAPK1->REGULATES;MAPK3->REGULATES,
SE_155,-0.124,0.0198570867172,NUMB,P49757-1_S413,P49757,P49757-1,Canonical,S,413.0,73745992.0,Phosphoserine,Phosphorylation,AANKEIAATCsGTEWGQSSGA,False,,,3.0,140.0,3.0,SE,NUMB_S413.0,,,,,,,,,,DEG_CRBN_cyclicCter_1;DEG_Nend_UBRbox_1;MOD_GSK3_1,,,,,,,,,,,,,,
SE_158,-0.061,0.0209813958148,MPZL1,O95297-1_S204,O95297,O95297-1,Canonical,S,204.0,167745305.0,Phosphoserine,Phosphorylation,KNSKRDYTGCsTSESLSPVKQ,False,2.0,,4.0,98.0,4.0,SE,MPZL1_S204.0,,,,,,,,,,CLV_PCSK_KEX2_1;CLV_PCSK_PC1ET2_1;DEG_Nend_UBRbox_1;LIG_SH2_STAT5;MOD_GSK3_1,,P12931_T101;P12931_T37;P12931_T250;P12931_T246,,,,,,,,,,,SRC->INDUCES,
SE_158,-0.061,0.0209813958148,MPZL1,O95297-1_T205,O95297,O95297-1,Canonical,T,205.0,167745308.0,Phosphothreonine,Phosphorylation,NSKRDYTGCStSESLSPVKQA,False,2.0,,7.0,95.0,7.0,SE,MPZL1_T205.0,,,,,,,,,,DEG_Nend_UBRbox_1;LIG_SH2_STAT5;MOD_CK2_1;MOD_GSK3_1,,P12931_S190;P12931_T74;P12931_T526;P12931_T420;P12931_T524;P12931_Y338;P12931_T72;P12931_Y439;P12931_S70;P12931_G2;P12931_K301;P12931_K184;P12931_T183;P12931_T182;P12931_Y530;P12931_Y187;P12931_Y329;P12931_T99;P12931_S306;P12931_T456;P12931_S128;P12931_S104;P12931_T511;P12931_K430;P12931_S180;P12931_S69;P12931_Y419;P12931_Y95;P12931_Y93;P12931_Y152;P12931_K319;P12931_K319;P12931_Y139;P12931_Y134;P12931_T218;P12931_Y522;P12931_S137;P12931_T460;P12931_Y216;P12931_T304;P12931_Y233,,,,,,,,,,,SRC->INDUCES,
SE_158,-0.061,0.0209813958148,MPZL1,O95297-1_S206,O95297,O95297-1,Canonical,S,206.0,167745311.0,Phosphoserine,Phosphorylation,SKRDYTGCSTsESLSPVKQAP,False,6.0,,10.0,92.0,10.0,SE,MPZL1_S206.0,,,,,,,,,,DEG_Nend_UBRbox_2;DOC_WW_Pin1_4;LIG_PDZ_Class_1;LIG_SH2_STAT5;MOD_CK2_1;MOD_GSK3_1,,P12931_S190;P12931_T74;P12931_T526;P12931_T420;P12931_T524;P12931_Y338;P12931_T72;P12931_Y439;P12931_S70;P12931_G2;P12931_K301;P12931_K184;P12931_T183;P12931_T182;P12931_Y530;P12931_Y187;P12931_Y329;P12931_T99;P12931_S306;P12931_T456;P12931_S128;P12931_S104;P12931_T511;P12931_K430;P12931_S180;P12931_S69;P12931_Y419;P12931_Y95;P12931_Y93;P12931_Y152;P12931_K319;P12931_K319;P12931_Y139;P12931_Y134;P12931_T218;P12931_Y522;P12931_S137;P12931_T460;P12931_Y216;P12931_T304;P12931_Y233,,,,,,,,,,,SRC->INDUCES,
SE_158,-0.061,0.0209813958148,MPZL1,O95297-1_S208,O95297,O95297-1,Canonical,S,208.0,167745317.0,Phosphoserine,Phosphorylation,RDYTGCSTSEsLSPVKQAPRK,False,5.0,,16.0,86.0,16.0,SE,MPZL1_S208.0,,,,,,,,,,DEG_CRBN_cyclicCter_1;DOC_WW_Pin1_4;MOD_CDC14_SPxK_1;MOD_CDK_SPxK_1;MOD_CK2_1;MOD_GSK3_1;MOD_ProDKin_1,,P12931_T101;P12931_T37;P12931_T250;P12931_T246,,,,,,,,,,,SRC->INDUCES,
SE_158,-0.061,0.0209813958148,MPZL1,O95297-1_S210,O95297,O95297-1,Canonical,S,210.0,167745323.0,Phosphoserine,Phosphorylation,YTGCSTSESLsPVKQAPRKSP,False,20.0,2.0,22.0,80.0,22.0,SE,MPZL1_S210.0,,,,,,,,,,DEG_Nend_UBRbox_4,,P12931_S190;P12931_T74;P12931_T526;P12931_T420;P12931_T524;P12931_Y338;P12931_T72;P12931_Y439;P12931_S70;P12931_G2;P12931_K301;P12931_K184;P12931_T183;P12931_T182;P12931_Y530;P12931_Y187;P12931_Y329;P12931_T99;P12931_S306;P12931_T456;P12931_S128;P12931_S104;P12931_T511;P12931_K430;P12931_S180;P12931_S69;P12931_Y419;P12931_Y95;P12931_Y93;P12931_Y152;P12931_K319;P12931_K319;P12931_Y139;P12931_Y134;P12931_T218;P12931_Y522;P12931_S137;P12931_T460;P12931_Y216;P12931_T304;P12931_Y233,,,,,,,,,,,SRC->INDUCES,
SE_158,-0.061,0.0209813958148,MPZL1,O95297-1_K213,O95297,O95297-1,Canonical,K,213.0,167745332.0,Ubiquitination,Ubiquitination,CSTSESLSPVkQAPRKSPSDT,False,6.0,37.0,31.0,71.0,31.0,SE,MPZL1_K213.0,,,,,,,,,,CLV_NRD_NRD_1;DOC_WW_Pin1_4;LIG_14-3-3_CterR_2;LIG_BIR_II_1;MOD_ProDKin_1,,P12931_S190;P12931_T74;P12931_T526;P12931_T420;P12931_T524;P12931_Y338;P12931_T72;P12931_Y439;P12931_S70;P12931_G2;P12931_K301;P12931_K184;P12931_T183;P12931_T182;P12931_Y530;P12931_Y187;P12931_Y329;P12931_T99;P12931_S306;P12931_T456;P12931_S128;P12931_S104;P12931_T511;P12931_K430;P12931_S180;P12931_S69;P12931_Y419;P12931_Y95;P12931_Y93;P12931_Y152;P12931_K319;P12931_K319;P12931_Y139;P12931_Y134;P12931_T218;P12931_Y522;P12931_S137;P12931_T460;P12931_Y216;P12931_T304;P12931_Y233,,,,,,,,,,,SRC->INDUCES,
SE_158,-0.061,0.0209813958148,MPZL1,O95297-1_K218,O95297,O95297-1,Canonical,K,218.0,167745347.0,Ubiquitination,Ubiquitination,SLSPVKQAPRkSPSDTEGLVK,False,2.0,,46.0,56.0,46.0,SE,MPZL1_K218.0,,,,,,,,,,DOC_WW_Pin1_4;MOD_CK2_1;MOD_GSK3_1;MOD_ProDKin_1,,,,,,,,,,,,,,
SE_158,-0.061,0.0209813958148,MPZL1,O95297-1_S219,O95297,O95297-1,Canonical,S,219.0,167745350.0,Phosphoserine,Phosphorylation,LSPVKQAPRKsPSDTEGLVKS,False,20.0,,49.0,53.0,49.0,SE,MPZL1_S219.0,,,,,,,,,,CLV_NRD_NRD_1;MOD_CK2_1,,P12931_S190;P12931_T74;P12931_T526;P12931_T420;P12931_T524;P12931_Y338;P12931_T72;P12931_Y439;P12931_S70;P12931_G2;P12931_K301;P12931_K184;P12931_T183;P12931_T182;P12931_Y530;P12931_Y187;P12931_Y329;P12931_T99;P12931_S306;P12931_T456;P12931_S128;P12931_S104;P12931_T511;P12931_K430;P12931_S180;P12931_S69;P12931_Y419;P12931_Y95;P12931_Y93;P12931_Y152;P12931_K319;P12931_K319;P12931_Y139;P12931_Y134;P12931_T218;P12931_Y522;P12931_S137;P12931_T460;P12931_Y216;P12931_T304;P12931_Y233,,,,,,,,,,,SRC->INDUCES,
SE_158,-0.061,0.0209813958148,MPZL1,O95297-1_S221,O95297,O95297-1,Canonical,S,221.0,167745356.0,Phosphoserine,Phosphorylation,PVKQAPRKSPsDTEGLVKSLP,False,25.0,,55.0,47.0,47.0,SE,MPZL1_S221.0,,,,,,,,,,CLV_NRD_NRD_1;DEG_Nend_UBRbox_3;DOC_WW_Pin1_4;LIG_FHA_1;MOD_GSK3_1;MOD_ProDKin_1,,P12931_T101;P12931_T37;P12931_K62;P12931_T250;P12931_T246,,,,,,,,,,,SRC->INDUCES,
SE_158,-0.061,0.0209813958148,MPZL1,O95297-1_T223,O95297,O95297-1,Canonical,T,223.0,167745362.0,Phosphothreonine,Phosphorylation,KQAPRKSPSDtEGLVKSLPSG,False,4.0,,61.0,41.0,41.0,SE,MPZL1_T223.0,,,,,,,,,,CLV_NRD_NRD_1;DOC_WW_Pin1_4;MOD_CK2_1;MOD_ProDKin_1,,P12931_S190;P12931_T74;P12931_T526;P12931_T420;P12931_T524;P12931_Y338;P12931_T72;P12931_Y439;P12931_S70;P12931_G2;P12931_K301;P12931_K184;P12931_T183;P12931_T182;P12931_Y530;P12931_Y187;P12931_Y329;P12931_T99;P12931_S306;P12931_T456;P12931_S128;P12931_S104;P12931_T511;P12931_K430;P12931_S180;P12931_S69;P12931_Y419;P12931_Y95;P12931_Y93;P12931_Y152;P12931_K319;P12931_K319;P12931_Y139;P12931_Y134;P12931_T218;P12931_Y522;P12931_S137;P12931_T460;P12931_Y216;P12931_T304;P12931_Y233,,,,,,,,,,,SRC->INDUCES,
SE_158,-0.061,0.0209813958148,MPZL1,O95297-1_K228,O95297,O95297-1,Canonical,K,228.0,167745377.0,Ubiquitination,Ubiquitination,KSPSDTEGLVkSLPSGSHQGP,False,1.0,,76.0,26.0,26.0,SE,MPZL1_K228.0,,,,,,,,,,LIG_BIR_II_1;LIG_FHA_1;MOD_GlcNHglycan,,,,,,,,,,,,,,
SE_158,-0.061,0.0209813958148,MPZL1,O95297-1_S229,O95297,O95297-1,Canonical,S,229.0,167745380.0,Phosphoserine,Phosphorylation,SPSDTEGLVKsLPSGSHQGPV,False,,1.0,79.0,23.0,23.0,SE,MPZL1_S229.0,,,,,,,,,,DEG_Nend_UBRbox_2;DOC_USP7_MATH_1;MOD_GlcNHglycan,,P12931_S190;P12931_T74;P12931_T526;P12931_T420;P12931_T524;P12931_Y338;P12931_T72;P12931_Y439;P12931_S70;P12931_G2;P12931_K301;P12931_K184;P12931_T183;P12931_T182;P12931_Y530;P12931_Y187;P12931_Y329;P12931_T99;P12931_S306;P12931_T456;P12931_S128;P12931_S104;P12931_T511;P12931_K430;P12931_S180;P12931_S69;P12931_Y419;P12931_Y95;P12931_Y93;P12931_Y152;P12931_K319;P12931_K319;P12931_Y139;P12931_Y134;P12931_T218;P12931_Y522;P12931_S137;P12931_T460;P12931_Y216;P12931_T304;P12931_Y233,,,,,,,,,,,SRC->INDUCES,
SE_158,-0.061,0.0209813958148,MPZL1,O95297-1_S232,O95297,O95297-1,Canonical,S,232.0,167745389.0,Phosphoserine,Phosphorylation,DTEGLVKSLPsGSHQGPVIYA,False,,11.0,88.0,14.0,14.0,SE,MPZL1_S232.0,,,,,,,,,,DOC_USP7_MATH_1;MOD_NMyristoyl,,P12931_S190;P12931_T74;P12931_T526;P12931_T420;P12931_T524;P12931_Y338;P12931_T72;P12931_Y439;P12931_S70;P12931_G2;P12931_K301;P12931_K184;P12931_T183;P12931_T182;P12931_Y530;P12931_Y187;P12931_Y329;P12931_T99;P12931_S306;P12931_T456;P12931_S128;P12931_S104;P12931_T511;P12931_K430;P12931_S180;P12931_S69;P12931_Y419;P12931_Y95;P12931_Y93;P12931_Y152;P12931_K319;P12931_K319;P12931_Y139;P12931_Y134;P12931_T218;P12931_Y522;P12931_S137;P12931_T460;P12931_Y216;P12931_T304;P12931_Y233,,,,,,,,,,,SRC->INDUCES,
SE_158,-0.061,0.0209813958148,MPZL1,O95297-1_S234,O95297,O95297-1,Canonical,S,234.0,167745395.0,Phosphoserine,Phosphorylation,EGLVKSLPSGsHQGPVIYAQL,False,,12.0,94.0,8.0,8.0,SE,MPZL1_S234.0,,,,,,,,,,MOD_CK1_1;MOD_GlcNHglycan,,P12931_S190;P12931_T74;P12931_T526;P12931_T420;P12931_T524;P12931_Y338;P12931_T72;P12931_Y439;P12931_S70;P12931_G2;P12931_K301;P12931_K184;P12931_T183;P12931_T182;P12931_Y530;P12931_Y187;P12931_Y329;P12931_T99;P12931_S306;P12931_T456;P12931_S128;P12931_S104;P12931_T511;P12931_K430;P12931_S180;P12931_S69;P12931_Y419;P12931_Y95;P12931_Y93;P12931_Y152;P12931_K319;P12931_K319;P12931_Y139;P12931_Y134;P12931_T218;P12931_Y522;P12931_S137;P12931_T460;P12931_Y216;P12931_T304;P12931_Y233,,,,,,,,,,,SRC->INDUCES,
SE_159,-0.196,0.0209813958148,TMPO,P42167-1_T264,P42167,P42167-1,Canonical,T,264.0,98938226.0,Phosphothreonine,Phosphorylation,SRRTPRKRVEtSEHFRIDGPV,False,3.0,78.0,6.0,89.0,6.0,SE,TMPO_T264.0,,,,,,,,,,CLV_NRD_NRD_1;CLV_PCSK_KEX2_1;CLV_PCSK_PC1ET2_1;LIG_BRCT_BRCA1_1;LIG_PDZ_Class_2;TRG_ER_diArg_1,,,,,,,,,,,,,,
SE_159,-0.196,0.0209813958148,TMPO,P42167-1_S265,P42167,P42167-1,Canonical,S,265.0,98938229.0,Phosphoserine,Phosphorylation,RRTPRKRVETsEHFRIDGPVI,False,4.0,4.0,9.0,86.0,9.0,SE,TMPO_S265.0,,,,,,,,,,CLV_NRD_NRD_1;CLV_PCSK_KEX2_1;CLV_PCSK_PC1ET2_1;MOD_PKB_1;TRG_ER_diArg_1,,,,,,,,,,,,,,
SE_159,-0.196,0.0209813958148,TMPO,P42167-1_S276,P42167,P42167-1,Canonical,S,276.0,98938262.0,Phosphoserine,Phosphorylation,EHFRIDGPVIsESTPIAETIM,False,,2.0,42.0,53.0,42.0,SE,TMPO_S276.0,,,,,,,,,,DEG_Nend_UBRbox_1;DOC_WW_Pin1_4;MOD_ProDKin_1,,,,,,,,,,,,,,
SE_159,-0.196,0.0209813958148,TMPO,P42167-1_S278,P42167,P42167-1,Canonical,S,278.0,98938268.0,Phosphoserine,Phosphorylation,FRIDGPVISEsTPIAETIMAS,False,,,48.0,47.0,47.0,SE,TMPO_S278.0,,,,,,,,,,DEG_Nend_UBRbox_2;DOC_WW_Pin1_4;MOD_CK1_1;MOD_ProDKin_1,,,,,,,,,,,,,,
SE_159,-0.196,0.0209813958148,TMPO,P42167-1_T279,P42167,P42167-1,Canonical,T,279.0,98938271.0,Phosphothreonine,Phosphorylation,RIDGPVISEStPIAETIMASS,False,4.0,8.0,51.0,44.0,44.0,SE,TMPO_T279.0,,,,,,,,,,LIG_PDZ_Class_3,,,,,,,,,,,,,,
SE_159,-0.196,0.0209813958148,TMPO,P42167-1_T284,P42167,P42167-1,Canonical,T,284.0,98938286.0,Phosphothreonine,Phosphorylation,VISESTPIAEtIMASSNESLV,False,1.0,,66.0,29.0,29.0,SE,TMPO_T284.0,,,,,,,,,,DEG_CRBN_cyclicCter_1;DEG_Nend_UBRbox_2,,,,,,,,,,,,,,
SE_159,-0.196,0.0209813958148,TMPO,P42167-1_S288,P42167,P42167-1,Canonical,S,288.0,98938298.0,Phosphoserine,Phosphorylation,STPIAETIMAsSNESLVVNRV,False,1.0,1.0,78.0,17.0,17.0,SE,TMPO_S288.0,,,,,,,,,,DEG_Nend_Nbox_1;LIG_PDZ_Class_1;MOD_N-GLC_1;MOD_Plk_4,,,,,,,,,,,,,,
SE_159,-0.196,0.0209813958148,TMPO,P42167-1_S289,P42167,P42167-1,Canonical,S,289.0,98938301.0,Phosphoserine,Phosphorylation,TPIAETIMASsNESLVVNRVT,False,,1.0,81.0,14.0,14.0,SE,TMPO_S289.0,,,,,,,,,,LIG_BIR_II_1;LIG_LIR_LC3C_4;LIG_PDZ_Class_2;MOD_CK2_1;MOD_GSK3_1;MOD_N-GLC_1;MOD_Plk_1;MOD_Plk_4,,,,,,,,,,,,,,
SE_159,-0.196,0.0209813958148,TMPO,P42167-1_S292,P42167,P42167-1,Canonical,S,292.0,98938310.0,Phosphoserine,Phosphorylation,AETIMASSNEsLVVNRVTGNF,False,3.0,1.0,90.0,5.0,5.0,SE,TMPO_S292.0,,,,,,,,,,DEG_Nend_Nbox_1;LIG_LIR_LC3C_4;MOD_CK2_1,,,,,,,,,,,,,,
SE_160,0.178,0.0215960269375,MAP7,Q14244-1_S209,Q14244,Q14244-1,Canonical,S,209.0,136704821.0,Phosphoserine,Phosphorylation,LSSSSATLLNsPDRARRLQLS,False,31.0,4.0,12.0,98.0,12.0,SE,MAP7_S209.0,,,,,CDK1,,,,,DEG_Cend_FEM1AC_1;LIG_BIR_II_1;LIG_NRP_CendR_1;LIG_WD40_WDR5_VDV_2;MOD_CK1_1;MOD_GlcNHglycan;MOD_Plk_4;TRG_ER_diArg_1,,,,,,,,,,BELINOSTAT->d,,,CDK1->REGULATES,
SE_160,0.178,0.0215960269375,MAP7,Q14244-1_T205,Q14244,Q14244-1,Canonical,T,205.0,136704833.0,Phosphothreonine,Phosphorylation,ISKRLSSSSAtLLNSPDRARR,False,4.0,1.0,24.0,86.0,24.0,SE,MAP7_T205.0,,,,,,,,,,DEG_Nend_UBRbox_1;DOC_WW_Pin1_4;LIG_14-3-3_CanoR_1;MOD_CK1_1;MOD_GlcNHglycan,,,,,,,,,,,,,,
SE_160,0.178,0.0215960269375,MAP7,Q14244-1_S203,Q14244,Q14244-1,Canonical,S,203.0,136704839.0,Phosphoserine,Phosphorylation,PVISKRLSSSsATLLNSPDRA,False,2.0,5.0,30.0,80.0,30.0,SE,MAP7_S203.0,,,,,,,,,,CLV_PCSK_KEX2_1;CLV_PCSK_PC1ET2_1;LIG_14-3-3_CanoR_1;LIG_BIR_II_1;LIG_WD40_WDR5_VDV_2;MOD_CK1_1;MOD_GSK3_1;MOD_PKA_1;MOD_PKA_2;MOD_Plk_4,,,,,,,,,,,,,,
SE_160,0.178,0.0215960269375,MAP7,Q14244-1_S202,Q14244,Q14244-1,Canonical,S,202.0,136704842.0,Phosphoserine,Phosphorylation,DPVISKRLSSsSATLLNSPDR,False,13.0,2.0,33.0,77.0,33.0,SE,MAP7_S202.0,,,,,,,,,,CLV_PCSK_KEX2_1;CLV_PCSK_PC1ET2_1;DEG_CRBN_cyclicCter_1;DEG_Nend_Nbox_1;LIG_14-3-3_CanoR_1;LIG_WD40_WDR5_VDV_2;MOD_CK1_1;MOD_GlcNHglycan;MOD_GSK3_1;MOD_PKA_1;MOD_PKA_2;MOD_Plk_4,,,,,,,,,,STAUROSPORINE->u;REGORAFENIB->d;PRI-724->d;PONATINIB->d;NILOTINIB->d;LENALIDOMIDE->d;BYL719->d;AFURESERTIB->d,,,,
SE_160,0.178,0.0215960269375,MAP7,Q14244-1_S201,Q14244,Q14244-1,Canonical,S,201.0,136704845.0,Phosphoserine,Phosphorylation,VDPVISKRLSsSSATLLNSPD,False,3.0,,36.0,74.0,36.0,SE,MAP7_S201.0,,,,,,,,,,CLV_PCSK_KEX2_1;CLV_PCSK_PC1ET2_1;LIG_14-3-3_CanoR_1;LIG_PDZ_Class_1;LIG_WD40_WDR5_VDV_2;MOD_CK1_1;MOD_GlcNHglycan;MOD_PKA_1;MOD_PKA_2,,,,,,,,,,,,,,
SE_160,0.178,0.0215960269375,MAP7,Q14244-1_S200,Q14244,Q14244-1,Canonical,S,200.0,136704848.0,Phosphoserine,Phosphorylation,YVDPVISKRLsSSSATLLNSP,False,14.0,2.0,39.0,71.0,39.0,SE,MAP7_S200.0,,,,,,,,,,CLV_PCSK_KEX2_1;CLV_PCSK_PC1ET2_1;LIG_14-3-3_CanoR_1;LIG_WD40_WDR5_VDV_2;MOD_GlcNHglycan;MOD_GSK3_1,,,,,,,,,,,,,,
SE_160,0.178,0.0215960269375,MAP7,Q14244-1_Y190,Q14244,Q14244-1,Canonical,Y,190.0,136704878.0,Phosphotyrosine,Phosphorylation,RSVSTMNLSKyVDPVISKRLS,False,1.0,,69.0,41.0,41.0,SE,MAP7_Y190.0,,,,,,,,,,LIG_BIR_II_1;MOD_N-GLC_1,,,,,,,,,,,,,,
SE_160,0.178,0.0215960269375,MAP7,Q14244-1_S188,Q14244,Q14244-1,Canonical,S,188.0,136704884.0,Phosphoserine,Phosphorylation,DRRSVSTMNLsKYVDPVISKR,False,2.0,,75.0,35.0,35.0,SE,MAP7_S188.0,,,,,,,,,,LIG_BIR_II_1;LIG_FHA_1;LIG_PDZ_Class_3;LIG_SH2_PTP2;LIG_SH2_SRC;LIG_SH2_STAT5;MOD_CK1_1,,,,,,,,,,,,,,
SE_160,0.178,0.0215960269375,MAP7,Q14244-1_T184,Q14244,Q14244-1,Canonical,T,184.0,136704896.0,Phosphothreonine,Phosphorylation,SADPDRRSVStMNLSKYVDPV,False,1.0,2.0,87.0,23.0,23.0,SE,MAP7_T184.0,,,,,,,,,,CLV_NRD_NRD_1;CLV_PCSK_KEX2_1;DOC_MAPK_gen_1;LIG_14-3-3_CanoR_1;MOD_N-GLC_1;MOD_PKA_2,,,,,,,,,,,,,,
SE_160,0.178,0.0215960269375,MAP7,Q14244-1_S183,Q14244,Q14244-1,Canonical,S,183.0,136704899.0,Phosphoserine,Phosphorylation,HSADPDRRSVsTMNLSKYVDP,False,12.0,20.0,90.0,20.0,20.0,SE,MAP7_S183.0,,,,,,,,,,CLV_NRD_NRD_1;CLV_PCSK_KEX2_1;DEG_Nend_UBRbox_2;DOC_MAPK_gen_1;LIG_14-3-3_CanoR_1;LIG_FHA_1;MOD_CK1_1;MOD_GSK3_1;MOD_PKA_2,,,,,,,,,,,,,,
SE_160,0.178,0.0215960269375,MAP7,Q14244-1_S181,Q14244,Q14244-1,Canonical,S,181.0,136704905.0,Phosphoserine,Phosphorylation,SIHSADPDRRsVSTMNLSKYV,False,7.0,,96.0,14.0,14.0,SE,MAP7_S181.0,,,,,,,,,,CLV_NRD_NRD_1;CLV_PCSK_KEX2_1;DOC_MAPK_gen_1;LIG_14-3-3_CanoR_1;LIG_BIR_II_1,,,,,,,,,,,,,,
SE_161,-0.257,0.0229646836607,MAP3K7,O43318-1_S417,O43318,O43318-1,Canonical,S,417.0,91254313.0,Phosphoserine,Phosphorylation,KPKRGHRKTAsFGNILDVPEI,False,3.0,2.0,42.0,38.0,38.0,SE,MAP3K7_S417.0,,,,,,,,,,CLV_NRD_NRD_1;DEG_Nend_UBRbox_1;LIG_14-3-3_CanoR_1;LIG_LIR_Nem_3;MOD_PKA_2,,,,,,,,,,,,,,
SE_161,-0.257,0.0229646836607,MAP3K7,O43318-1_T415,O43318,O43318-1,Canonical,T,415.0,91254319.0,Phosphothreonine,Phosphorylation,YSKPKRGHRKtASFGNILDVP,False,1.0,1.0,48.0,32.0,32.0,SE,MAP3K7_T415.0,,,,,,,,,,CLV_NRD_NRD_1;CLV_PCSK_KEX2_1;CLV_PCSK_PC1ET2_1;LIG_14-3-3_CanoR_1;LIG_LIR_Nem_3;MOD_LATS_1,,,,,,,,,,,,,,
SE_161,-0.257,0.0229646836607,MAP3K7,O43318-1_S406,O43318,O43318-1,Canonical,S,406.0,91254346.0,Phosphoserine,Phosphorylation,EARIAATTAYsKPKRGHRKTA,False,,1.0,75.0,5.0,5.0,SE,MAP3K7_S406.0,,,,,,,,,,CLV_PCSK_KEX2_1;CLV_PCSK_PC1ET2_1;DEG_Nend_Nbox_1;LIG_LIR_Apic_2;LIG_SH2_CRK;TRG_ER_diLys_1,,,,,,,,,,,,,,
SE_161,-0.257,0.0229646836607,MAP3K7,O43318-1_Y405,O43318,O43318-1,Canonical,Y,405.0,91254349.0,Phosphotyrosine,Phosphorylation,IEARIAATTAySKPKRGHRKT,False,,6.0,78.0,2.0,2.0,SE,MAP3K7_Y405.0,,,,,,,,,,CLV_PCSK_KEX2_1;CLV_PCSK_PC1ET2_1;DEG_Nend_UBRbox_1;LIG_14-3-3_CanoR_1;MOD_GSK3_1;TRG_ER_diLys_1,,,,,,,,,,,,,,
SE_163,-0.452,0.0252377014491,MARK2,Q7KZI7-1_S648,Q7KZI7,Q7KZI7-1,Canonical,S,648.0,63673567.0,Phosphoserine,Phosphorylation,FTSKFVRRNLsFRFARRNLNE,False,,4.0,7.0,19.0,7.0,SE,MARK2_S648.0,,,,,,,,,,CLV_NRD_NRD_1;CLV_PCSK_KEX2_1;DEG_Nend_UBRbox_1;DOC_MAPK_gen_1;DOC_PP1_RVXF_1;LIG_NRP_CendR_1;TRG_ER_diArg_1,,,,,,,,,,,,,,
SE_166,0.203,0.0330240714063,PRC1,O43663-1_T593,O43663,O43663-1,Canonical,T,593.0,91512323.0,Phosphothreonine,Phosphorylation,AKDPSLSDSStVGLQRELSKA,False,,1.0,14.0,27.0,14.0,SE,PRC1_T593.0,,,,,,,,,,CLV_C14_Caspase3-7;MOD_CK1_1;MOD_Plk_1,,,,,,,,,,,,,,
SE_166,0.203,0.0330240714063,PRC1,O43663-1_S592,O43663,O43663-1,Canonical,S,592.0,91512326.0,Phosphoserine,Phosphorylation,FAKDPSLSDSsTVGLQRELSK,False,1.0,6.0,17.0,24.0,17.0,SE,PRC1_S592.0,,,,,,,,,,CLV_C14_Caspase3-7;DEG_Cend_FEM1B_2;DEG_Nend_UBRbox_2;LIG_FHA_1;LIG_WD40_WDR5_VDV_2;MOD_GSK3_1,,,,,,,,,,,,,,
SE_166,0.203,0.0330240714063,PRC1,O43663-1_S591,O43663,O43663-1,Canonical,S,591.0,91512329.0,Phosphoserine,Phosphorylation,EFAKDPSLSDsSTVGLQRELS,False,,4.0,20.0,21.0,20.0,SE,PRC1_S591.0,,,,,,,,,,DEG_Cend_TRIM7_1;DEG_CRBN_cyclicCter_1;DEG_Nend_UBRbox_1;LIG_FHA_1;LIG_WD40_WDR5_VDV_2;MOD_CK1_1;MOD_GSK3_1;MOD_Plk_1,,,,,,,,,,,,,,
SE_166,0.203,0.0330240714063,PRC1,O43663-1_S589,O43663,O43663-1,Canonical,S,589.0,91512335.0,Phosphoserine,Phosphorylation,YSEFAKDPSLsDSSTVGLQRE,False,2.0,3.0,26.0,15.0,15.0,SE,PRC1_S589.0,,,,,,,,,,CLV_C14_Caspase3-7;DEG_Nend_Nbox_1;LIG_WD40_WDR5_VDV_2;MOD_GSK3_1;MOD_Plk_1,,,,,,,,,,,,,,
SE_166,0.203,0.0330240714063,PRC1,O43663-1_S587,O43663,O43663-1,Canonical,S,587.0,91512341.0,Phosphoserine,Phosphorylation,STYSEFAKDPsLSDSSTVGLQ,False,2.0,6.0,32.0,9.0,9.0,SE,PRC1_S587.0,,,,,,,,,,LIG_BIR_II_1;MOD_GSK3_1,,,,,,,,,,,,,,
SE_170,0.167,0.0352135920968,SEC31A,O94979-1_S532,O94979,O94979-1,Canonical,S,532.0,83782816.0,Phosphoserine,Phosphorylation,DQVAQSDGEEsPAAEEQLLGE,False,15.0,,32.0,45.0,32.0,SE,SEC31A_S532.0,,,,,,,,,,DEG_CRBN_cyclicCter_1;LIG_BIR_II_1,,O95486_S184;O95486_S156,,,,,,,,,,,SEC24A->INDUCES,
SE_170,0.167,0.0352135920968,SEC31A,O94979-1_S527,O94979,O94979-1,Canonical,S,527.0,83782831.0,Phosphoserine,Phosphorylation,ALKDSDQVAQsDGEESPAAEE,False,25.0,,47.0,30.0,30.0,SE,SEC31A_S527.0,,,,,,,,,,DEG_Nend_UBRbox_2,,O95486_S184,,,,,,,,,,,SEC24A->INDUCES,
SE_170,0.167,0.0352135920968,SEC31A,O94979-1_S521,O94979,O94979-1,Canonical,S,521.0,83782849.0,Phosphoserine,Phosphorylation,VDGANVALKDsDQVAQSDGEE,False,2.0,,65.0,12.0,12.0,SE,SEC31A_S521.0,,,,,,,,,,LIG_BIR_II_1,,O95486_S184;O95486_Y708;O95486_K1062;A9YTQ3_K678,,,,,,,,,,,AHRR->INDUCES;SEC24A->INDUCES,
SE_172,0.09,0.0355211287599,CTTN,Q14247-1_Y265,Q14247,Q14247-1,Canonical,Y,265.0,70267578.0,Phosphotyrosine,Phosphorylation,KLQLHESQKDyKTGFGGKFGV,False,2.0,86.0,2.0,108.0,2.0,SE,CTTN_Y265.0,,,,,,,,,,DEG_Cend_KLHDC2_1;DEG_Nend_Nbox_1;MOD_NEK2_2;MOD_PIKK_1;MOD_SUMO_rev_2,,,,,,,,,,,,,,
SE_172,0.09,0.0355211287599,CTTN,Q14247-1_K266,Q14247,Q14247-1,Canonical,K,266.0,70267581.0,Ubiquitination,Ubiquitination,LQLHESQKDYkTGFGGKFGVQ,False,1.0,,5.0,105.0,5.0,SE,CTTN_K266.0,,,,,,,,,,,,,,,,,,,,,,,,
SE_172,0.09,0.0355211287599,CTTN,Q14247-1_T267,Q14247,Q14247-1,Canonical,T,267.0,70267584.0,Phosphothreonine,Phosphorylation,QLHESQKDYKtGFGGKFGVQS,False,,1.0,8.0,102.0,8.0,SE,CTTN_T267.0,,,,,,,,,,DEG_Nend_UBRbox_2;LIG_Pex14_2,,,,,,,,,,,,,,
SE_172,0.09,0.0355211287599,CTTN,Q14247-1_K272,Q14247,Q14247-1,Canonical,K,272.0,70267599.0,Methylation;Ubiquitination;N6-acetyllysine,Acetylation,QKDYKTGFGGkFGVQSERQDS,False,3.0;2.0;1.0,16.0;nan;nan,23.0,87.0,23.0,SE,CTTN_K272.0,"cell motility, inhibited",ACTB(DISRUPTS),,"molecular association, regulation; intracellular localization",,,,,,DEG_Nend_Nbox_1;LIG_Pex14_2,,,,,,,,,,,,,ACTB->DISRUPTS,
SE_172,0.09,0.0355211287599,CTTN,Q14247-1_K272,Q14247,Q14247-1,Canonical,K,272.0,70267599.0,Methylation;Ubiquitination;N6-acetyllysine,Ubiquitination,QKDYKTGFGGkFGVQSERQDS,False,3.0;2.0;1.0,16.0;nan;nan,23.0,87.0,23.0,SE,CTTN_K272.0,,,,,,,,,,DEG_Nend_Nbox_1;LIG_Pex14_2,,,,,,,,,,,,,ACTB->DISRUPTS,
SE_172,0.09,0.0355211287599,CTTN,Q14247-1_K272,Q14247,Q14247-1,Canonical,K,272.0,70267599.0,Methylation;Ubiquitination;N6-acetyllysine,Methylation,QKDYKTGFGGkFGVQSERQDS,False,3.0;2.0;1.0,16.0;nan;nan,23.0,87.0,23.0,SE,CTTN_K272.0,,,,,,,,,,DEG_Nend_Nbox_1;LIG_Pex14_2,,,,,,,,,,,,,ACTB->DISRUPTS,
SE_172,0.09,0.0355211287599,CTTN,Q14247-1_S277,Q14247,Q14247-1,Canonical,S,277.0,70267614.0,Phosphoserine,Phosphorylation,TGFGGKFGVQsERQDSAAVGF,False,2.0,,38.0,72.0,38.0,SE,CTTN_S277.0,,,,,,,,,,CLV_C14_Caspase3-7;LIG_PDZ_Class_3;MOD_NMyristoyl,,,,,,,,,,,,,,
SE_172,0.09,0.0355211287599,CTTN,Q14247-1_S282,Q14247,Q14247-1,Canonical,S,282.0,70267629.0,Phosphoserine,Phosphorylation,KFGVQSERQDsAAVGFDYKEK,False,5.0,,53.0,57.0,53.0,SE,CTTN_S282.0,,,,,,,,,,,,,,,TTBK1->u;PRKACA->u;MAPKAPK3->u;MAPKAPK2->u;MAPK11->u;CHEK2->u;CAMK4->u;CAMK2G->u;CAMK2D->u,,,,,,,,,
SE_172,0.09,0.0355211287599,CTTN,Q14247-1_Y289,Q14247,Q14247-1,Canonical,Y,289.0,70267650.0,Phosphotyrosine,Phosphorylation,RQDSAAVGFDyKEKLAKHESQ,False,4.0,8.0,74.0,36.0,36.0,SE,CTTN_Y289.0,,,,,,,,,,LIG_BIR_II_1;TRG_ER_diLys_1,,,,,PDGFRA->u;KIT->u;JAK3->u;FLT3->u;FES->u;CSF1R.FMS->u,,,,,,,,,
SE_172,0.09,0.0355211287599,CTTN,Q14247-1_K290,Q14247,Q14247-1,Canonical,K,290.0,70267653.0,Ubiquitination;N6-acetyllysine,Acetylation,QDSAAVGFDYkEKLAKHESQQ,False,nan;1.0,1.0;nan,77.0,33.0,33.0,SE,CTTN_K290.0,,,,,,,,,,CLV_PCSK_SKI1_1;LIG_BIR_II_1,,,,,,,,,,,,,,
SE_172,0.09,0.0355211287599,CTTN,Q14247-1_K290,Q14247,Q14247-1,Canonical,K,290.0,70267653.0,Ubiquitination;N6-acetyllysine,Ubiquitination,QDSAAVGFDYkEKLAKHESQQ,False,nan;1.0,1.0;nan,77.0,33.0,33.0,SE,CTTN_K290.0,,,,,,,,,,CLV_PCSK_SKI1_1;LIG_BIR_II_1,,,,,,,,,,,,,,
SE_172,0.09,0.0355211287599,CTTN,Q14247-1_K295,Q14247,Q14247-1,Canonical,K,295.0,70267668.0,Sumoylation;N6-acetyllysine,Sumoylation,VGFDYKEKLAkHESQQDYSKG,False,1.0;nan,nan;2.0,92.0,18.0,18.0,SE,CTTN_K295.0,,,,,,,,,,DEG_Nend_UBRbox_2;MOD_PIKK_1,,,,,,,,,,,,,,
SE_172,0.09,0.0355211287599,CTTN,Q14247-1_K295,Q14247,Q14247-1,Canonical,K,295.0,70267668.0,Sumoylation;N6-acetyllysine,Acetylation,VGFDYKEKLAkHESQQDYSKG,False,1.0;nan,nan;2.0,92.0,18.0,18.0,SE,CTTN_K295.0,,,,,,,,,,DEG_Nend_UBRbox_2;MOD_PIKK_1,,,,,,,,,,,,,,
SE_172,0.09,0.0355211287599,CTTN,Q14247-1_S298,Q14247,Q14247-1,Canonical,S,298.0,70267677.0,Phosphoserine,Phosphorylation,DYKEKLAKHEsQQDYSKGFGG,False,6.0,1.0,101.0,9.0,9.0,SE,CTTN_S298.0,"cell motility, altered; cytoskeletal reorganization; cell adhesion, inhibited",14-3-3 beta(INDUCES); CTNNB1(DISRUPTS); Vinculin(DISRUPTS),,"molecular association, regulation; phosphorylation",PRKD3;CHEK1;PRKD1;PRKD2,,,,,CLV_PCSK_SKI1_1;DEG_Nend_UBRbox_2;MOD_SUMO_for_1,CTNNB1->Inhibit;VCL->Inhibit;YWHAB->Enhance,,,,,,,,,,,,CHEK1->REGULATES;CTNNB1->DISRUPTS;PRKD1->REGULATES;PRKD2->REGULATES;PRKD3->REGULATES;VCL->DISRUPTS;YWHAB->INDUCES,
SE_175,-0.058,0.0370944678422,TRIM2,Q9C040-1_S10,Q9C040,Q9C040-1,Canonical,S,10.0,154191565.0,Phosphoserine,Phosphorylation, MASEGTNIPsPVVRQIDKQF,False,6.0,,78.0,106.0,78.0,SE,TRIM2_S10.0,,,,,,,,,,LIG_BIR_II_1;MOD_CK1_1,,,,,,,,,,,,,,
SE_176,-0.07,0.0458775672499,BCAR1,P56945-1_S300,P56945,P56945-1,Canonical,S,300.0,75270794.0,Phosphoserine,Phosphorylation,PPSVEKGLPPsNHHAVYDVPP,False,,8.0,68.0,102.0,68.0,SE,BCAR1_S300.0,,,,,,,,,,,,,,,,,,,,,,,,
SE_176,-0.07,0.0458775672499,BCAR1,P56945-1_S292,P56945,P56945-1,Canonical,S,292.0,75270818.0,Phosphoserine,Phosphorylation,PLLEVYDVPPsVEKGLPPSNH,False,3.0,4.0,92.0,78.0,78.0,SE,BCAR1_S292.0,,,,,,,,,,DEG_Nend_UBRbox_2;LIG_LIR_Apic_2;LIG_SH2_CRK;LIG_SH2_NCK_1,,,,,,,,,,,,,,
SE_176,-0.07,0.0458775672499,BCAR1,P56945-1_Y287,P56945,P56945-1,Canonical,Y,287.0,75270833.0,Phosphotyrosine,Phosphorylation,PNGRDPLLEVyDVPPSVEKGL,False,12.0,248.0,107.0,63.0,63.0,SE,BCAR1_Y287.0,"cell growth, induced",,,,,breast cancer->increased,,,,DEG_Nend_UBRbox_1;LIG_SUMO_SIM_par_1;LIG_WD40_WDR5_VDV_2,,,,SRC,,,,,,,,,SRC->REGULATES,SRC
SE_176,-0.07,0.0458775672499,BCAR1,P56945-1_T269,P56945,P56945-1,Canonical,T,269.0,75270887.0,Phosphothreonine,Phosphorylation,PSQYGQEVYDtPPMAVKGPNG,False,3.0,22.0,161.0,9.0,9.0,SE,BCAR1_T269.0,,,,,,,,,,DEG_Nend_Nbox_1;LIG_LIR_Apic_2;LIG_SH2_CRK;LIG_SH2_NCK_1,,,,,,,,,,,,,,
SE_176,-0.07,0.0458775672499,BCAR1,P56945-1_Y267,P56945,P56945-1,Canonical,Y,267.0,75270893.0,Phosphotyrosine,Phosphorylation,LLPSQYGQEVyDTPPMAVKGP,False,16.0,257.0,167.0,3.0,3.0,SE,BCAR1_Y267.0,"cell growth, induced",,,,,breast cancer->increased,,,,DOC_WW_Pin1_4;LIG_BIR_II_1;MOD_ProDKin_1,,,,SRC,,,,,,,,,SRC->REGULATES,SRC
SE_178,0.197,0.0495204385612,CD47,Q08722-1_K317,Q08722,Q08722-1,Canonical,K,317.0,107768484.0,Ubiquitination,Ubiquitination,EEPLNAFKESkGMMNDE    ,False,2.0,,18.0,14.0,14.0,SE,CD47_K317.0,,,,,,,,,,DEG_Nend_Nbox_1,,P78324_T428;P78324_N292;P78324_S494;P78324_Y429;P78324_K436;P78324_T469;P78324_T467;P78324_Y453;P78324_Y470;P78324_Y496;P78324_N245;P06756_R275;P06756_S372;P06756_N653;P06756_T586;P06756_N814;P06756_S639;P06756_N789;P06756_N851;P06756_N835;P06756_N704;P06756_N296;P06756_S576;P06756_K581;P06756_S437;P06756_N943;P06756_N663;P06756_S42;P06756_N485;P06756_S558;P06756_N74;P06756_K645;P06756_K233;P06756_K195;P06756_K514;P06756_N751;P06756_N474;P06756_T279;P06756_K119;P05107_T758;P05107_N361;P05107_N642;P05107_Y125;P05107_T760;P05107_N501;P05107_N351;P05107_K274;P05107_N213;P05107_K174;P05107_K339;P16452_C203;Q9P1W8_Y118;Q9P1W8_N243;Q9P1W8_K181;P07996_S564;P07996_S569;P07996_T563;P07996_T450;P07996_T507;Q12983_T148;Q12983_S93;Q12983_S92;Q12983_S95;Q12983_S86;Q12983_K135;Q12983_S149;P05556_N363;P05556_K692;P05556_N366;P05556_Q21;P05556_K202;P05556_N520;P05556_Y141;P05556_K289;P05556_N376;P05556_S186;P05556_N481;P05556_N584;P05556_K768;P05556_K768;P05556_K190;P05556_T777;P05556_T777;P05556_K354;P05556_K156,,,,,,,,,,,BNIP3->INDUCES;EPB42->INDUCES;ITGAV->INDUCES;ITGB1->INDUCES;ITGB2->INDUCES;SIRPA->INDUCES;SIRPG->INDUCES;THBS1->INDUCES,
SE_178,0.197,0.0495204385612,CD47,Q08722-1_S316,Q08722,Q08722-1,Canonical,S,316.0,107768487.0,Phosphoserine,Phosphorylation,VEEPLNAFKEsKGMMNDE   ,False,4.0,2.0,21.0,11.0,11.0,SE,CD47_S316.0,,,,,,,,,,,,,,,,,,,,,,,,
SE_178,0.197,0.0495204385612,CD47,Q08722-1_K314,Q08722,Q08722-1,Canonical,K,314.0,107768493.0,Ubiquitination,Ubiquitination,KAVEEPLNAFkESKGMMNDE ,False,5.0,4.0,27.0,5.0,5.0,SE,CD47_K314.0,,,,,,,,,,DEG_Nend_UBRbox_2,,P78324_T428;P78324_N292;P78324_S494;P78324_Y429;P78324_K436;P78324_T469;P78324_T467;P78324_Y453;P78324_Y470;P78324_Y496;P78324_N245;P06756_S372;P06756_S639;P06756_S576;P06756_S437;P06756_S42;P06756_S558;P06756_T279;P16452_C203;Q9P1W8_Y118;Q9P1W8_N243;Q9P1W8_K181;Q12983_T148;Q12983_S93;Q12983_S92;Q12983_S95;Q12983_S86;Q12983_K135;Q12983_S149;P05556_Q21;P05556_K289;P05556_K190;P05556_K354,,,,,,,,,,,BNIP3->INDUCES;EPB42->INDUCES;ITGAV->INDUCES;ITGB1->INDUCES;SIRPA->INDUCES;SIRPG->INDUCES,
5ASS_3,0.174,2.39143669866e-07,SMARCB1,Q12824-1_K77,Q12824,Q12824-1,Canonical,K,77.0,24134078.0,Ubiquitination;N6-acetyllysine,Acetylation,SHGKKTKPNTkDHGYTTLATS,False,1.0;1.0,nan;nan,23.0,3.0,3.0,5ASS,SMARCB1_K77.0,,,,,,,,,,DEG_Nend_UBRbox_1;LIG_HCF-1_HBM_1,,,,,,,,,,,,,,
5ASS_3,0.174,2.39143669866e-07,SMARCB1,Q12824-1_K77,Q12824,Q12824-1,Canonical,K,77.0,24134078.0,Ubiquitination;N6-acetyllysine,Ubiquitination,SHGKKTKPNTkDHGYTTLATS,False,1.0;1.0,nan;nan,23.0,3.0,3.0,5ASS,SMARCB1_K77.0,,,,,,,,,,DEG_Nend_UBRbox_1;LIG_HCF-1_HBM_1,,,,,,,,,,,,,,
3ASS_5,0.395,0.0471140588125,SP100,P23497-1_K486,P23497,P23497-1,Canonical,K,486.0,231338065.0,N6-acetyllysine,Acetylation,SGSQPQEPENkKCSCVMCFPK,False,,1.0,26.0,33.0,26.0,3ASS,SP100_K486.0,,,,,,,,,,DEG_Nend_UBRbox_3,,,,,,,,,,,,,,
3ASS_6,0.211,0.0471140588125,CSF1,P09603-1_S256,P09603,P09603-1,Canonical,S,256.0,110466009.0,N-Glycosylation,Glycosylation,PGSAKQRPPRsTCQSFEPPET,False,1.0,,221.0,672.0,221.0,3ASS,CSF1_S256.0,,,,,,,,,,LIG_14-3-3_CanoR_1;LIG_BIR_II_1;LIG_WW_3;MOD_PKA_2,,,,,,,,,,,,,,
3ASS_6,0.211,0.0471140588125,CSF1,P09603-1_T257,P09603,P09603-1,Canonical,T,257.0,110466012.0,N-Glycosylation,Glycosylation,GSAKQRPPRStCQSFEPPETP,False,1.0,,224.0,669.0,224.0,3ASS,CSF1_T257.0,,,,,,,,,,DEG_Nend_UBRbox_1;LIG_14-3-3_CanoR_1;LIG_WW_3;MOD_GSK3_1,,,,,,,,,,,,,,
3ASS_6,0.211,0.0471140588125,CSF1,P09603-1_T266,P09603,P09603-1,Canonical,T,266.0,110466039.0,N-Glycosylation;Phosphothreonine,Phosphorylation,STCQSFEPPEtPVVKDSTIGG,False,nan;1.0,nan;nan,251.0,642.0,251.0,3ASS,CSF1_T266.0,,,,,,,,,,DEG_Nend_UBRbox_3;DOC_PP4_FxxP_1;LIG_LIR_Apic_2;LIG_SH3_3,,,,,,,,,,,,,,
3ASS_6,0.211,0.0471140588125,CSF1,P09603-1_T266,P09603,P09603-1,Canonical,T,266.0,110466039.0,N-Glycosylation;Phosphothreonine,Glycosylation,STCQSFEPPEtPVVKDSTIGG,False,nan;1.0,nan;nan,251.0,642.0,251.0,3ASS,CSF1_T266.0,,,,,,,,,,DEG_Nend_UBRbox_3;DOC_PP4_FxxP_1;LIG_LIR_Apic_2;LIG_SH3_3,,,,,,,,,,,,,,
3ASS_6,0.211,0.0471140588125,CSF1,P09603-1_S309,P09603,P09603-1,Canonical,S,309.0,110466168.0,O-Glycosylation,Glycosylation,MGTNWVPEEAsGEASEIPVPQ,False,,,380.0,513.0,380.0,3ASS,CSF1_S309.0,,,,,,,,,,DEG_Nend_UBRbox_3;LIG_PDZ_Class_1,,P22681_S668;P22681_S441;P22681_S8;P22681_K7;P22681_Y552;P22681_S717;P22681_S804;P22681_K577;P22681_S439;P22681_S20;P22681_S767;P07333_S555;P07333_Y546;P07333_Y257;P07333_N73;P10721_N367;P10721_N130;P10721_S943;P10721_S937;P10721_Y570;P10721_Y578;P10721_Y730;P10721_Y362;P10721_T801;P10721_Y568;P10721_Y721;P10721_Y747;P10721_Y823,,,,,,,,,,,CBL->INDUCES;CSF1R->INDUCES;KIT->INDUCES,
3ASS_6,0.211,0.0471140588125,CSF1,P09603-1_S345,P09603,P09603-1,Canonical,S,345.0,110466276.0,Phosphoserine,Phosphorylation,TEPARPSNFLsASSPLPASAK,False,,1.0,488.0,405.0,405.0,3ASS,CSF1_S345.0,,,,,,,,,,DOC_USP7_MATH_1;DOC_WW_Pin1_4;LIG_BIR_II_1;LIG_BIR_III_1;LIG_BIR_III_3;MOD_PKA_2;MOD_ProDKin_1,,P22681_S8;P22681_K7;P22681_Y552;P22681_T702;P22681_S900;P22681_K577;P22681_S439;P22681_T698;P22681_S20;P22681_S839;P22681_Y455;P07333_S555;P07333_Y257;P07333_N73;P07333_S178;P10721_N367;P10721_N300;P10721_T718;P10721_Y730;P10721_N283;P10721_Y362;P10721_N293;P10721_S937;P10721_S729;P10721_T232,,,,,,,,,,,CBL->INDUCES;CSF1R->INDUCES;KIT->INDUCES,
3ASS_6,0.211,0.0471140588125,CSF1,P09603-1_S348,P09603,P09603-1,Canonical,S,348.0,110466285.0,Phosphoserine,Phosphorylation,ARPSNFLSASsPLPASAKGQQ,False,,1.0,497.0,396.0,396.0,3ASS,CSF1_S348.0,,,,,,,,,,LIG_BIR_II_1;LIG_WD40_WDR5_VDV_2;MOD_GlcNHglycan,,P22681_S668;P22681_S441;P22681_K7;P22681_S20;P07333_N45;P07333_Y873;P07333_Y257;P07333_N73;P10721_N300;P10721_S215;P10721_Y730;P10721_N283;P10721_Y362;P10721_N293;P10721_S729;P10721_T354,,,,,,,,,,,CBL->INDUCES;CSF1R->INDUCES;KIT->INDUCES,
3ASS_6,0.211,0.0471140588125,CSF1,P09603-1_S353,P09603,P09603-1,Canonical,S,353.0,110466300.0,Phosphoserine,Phosphorylation,FLSASSPLPAsAKGQQPADVT,False,,1.0,512.0,381.0,381.0,3ASS,CSF1_S353.0,,,,,,,,,,LIG_BIR_II_1,,P22681_S441;P22681_K7;P22681_Y552;P22681_S439;P22681_S20;P22681_S623;P07333_N45;P07333_S555;P07333_Y257;P07333_N73;P07333_S178;P10721_N367;P10721_N300;P10721_T718;P10721_N130;P10721_Y730;P10721_N283;P10721_Y362;P10721_N293;P10721_S937;P10721_S729;P10721_T232,,,,,,,,,,,CBL->INDUCES;CSF1R->INDUCES;KIT->INDUCES,
3ASS_6,0.211,0.0471140588125,CSF1,P09603-1_T363,P09603,P09603-1,Canonical,T,363.0,110466330.0,N-Glycosylation;O-Glycosylation,Glycosylation,SAKGQQPADVtGTALPRVGPV,False,1.0,,542.0,351.0,351.0,3ASS,CSF1_T363.0,,,,,,,,,,DEG_Cend_FEM1B_2;MOD_NMyristoyl,,P22681_T702;P22681_T702;P22681_S717;P22681_S717;P22681_S900;P22681_S900;P22681_S439;P22681_S439;P22681_S799;P22681_S799;P22681_S798;P22681_S798;P22681_T698;P22681_T698;P22681_S20;P22681_S20;P22681_S601;P22681_S601;P07333_Y546;P07333_Y546;P07333_Y257;P07333_Y257;P10721_N367;P10721_N367;P10721_N130;P10721_N130;P10721_Y730;P10721_Y730;P10721_N283;P10721_N283;P10721_Y362;P10721_Y362;P10721_Y936;P10721_Y936,,,,,,,,,,,CBL->INDUCES;CSF1R->INDUCES;KIT->INDUCES,
3ASS_6,0.211,0.0471140588125,CSF1,P09603-1_T365,P09603,P09603-1,Canonical,T,365.0,110466336.0,N-Glycosylation;O-Glycosylation,Glycosylation,KGQQPADVTGtALPRVGPVRP,False,1.0,,548.0,345.0,345.0,3ASS,CSF1_T365.0,,,,,,,,,,DEG_Nend_UBRbox_3;LIG_WD40_WDR5_VDV_2,,P22681_S668;P22681_S668;P22681_Y102;P22681_Y102;P22681_S8;P22681_S8;P22681_K7;P22681_K7;P22681_T702;P22681_T702;P22681_S639;P22681_S639;P22681_K577;P22681_K577;P22681_S439;P22681_S439;P22681_T698;P22681_T698;P22681_S20;P22681_S20;P22681_T568;P22681_T568;P22681_S642;P22681_S642;P07333_K870;P07333_K870;P07333_Y257;P07333_Y257;P10721_N367;P10721_N367;P10721_Y730;P10721_Y730;P10721_Y362;P10721_Y362,,,,,,,,,,,CBL->INDUCES;CSF1R->INDUCES;KIT->INDUCES,
3ASS_6,0.211,0.0471140588125,CSF1,P09603-1_T376,P09603,P09603-1,Canonical,T,376.0,110466369.0,N-Glycosylation,Glycosylation,ALPRVGPVRPtGQDWNHTPQK,False,1.0,,581.0,312.0,312.0,3ASS,CSF1_T376.0,,,,,,,,,,DEG_Nend_UBRbox_1;LIG_SH3_1;LIG_SH3_3;TRG_Cilium_RVxP_2,,,,,,,,,,,,,,
3ASS_6,0.211,0.0471140588125,CSF1,P09603-1_T383,P09603,P09603-1,Canonical,T,383.0,110466390.0,N-Glycosylation,Glycosylation,VRPTGQDWNHtPQKTDHPSAL,False,1.0,,602.0,291.0,291.0,3ASS,CSF1_T383.0,,,,,,,,,,,,,,,,,,,,,,,,
3ASS_6,0.211,0.0471140588125,CSF1,P09603-1_T387,P09603,P09603-1,Canonical,T,387.0,110466402.0,N-Glycosylation,Glycosylation,GQDWNHTPQKtDHPSALLRDP,False,1.0,,614.0,279.0,279.0,3ASS,CSF1_T387.0,,,,,,,,,,DEG_Nend_Nbox_1;DOC_WW_Pin1_4;LIG_PDZ_Class_1;LIG_WD40_WDR5_VDV_2;MOD_CDK_SPxK_1;MOD_GlcNHglycan;MOD_N-GLC_1;MOD_ProDKin_1,,,,,,,,,,,,,,
3ASS_6,0.211,0.0471140588125,CSF1,P09603-1_S391,P09603,P09603-1,Canonical,S,391.0,110466414.0,N-Glycosylation,Glycosylation,NHTPQKTDHPsALLRDPPEPG,False,1.0,,626.0,267.0,267.0,3ASS,CSF1_S391.0,,,,,,,,,,,,,,,,,,,,,,,,
3ASS_6,0.211,0.0471140588125,CSF1,P09603-1_S420,P09603,P09603-1,Canonical,S,420.0,110466501.0,Phosphoserine,Phosphorylation,PQGLSNPSTLsAQPQLSRSHS,False,,1.0,713.0,180.0,180.0,3ASS,CSF1_S420.0,,,,,,,,,,DEG_Nend_Nbox_1;MOD_CK1_1,,,,,,,,,,,,,,
3ASS_6,0.211,0.0471140588125,CSF1,P09603-1_S426,P09603,P09603-1,Canonical,S,426.0,110466519.0,Phosphoserine,Phosphorylation,PSTLSAQPQLsRSHSSGSVLP,False,,1.0,731.0,162.0,162.0,3ASS,CSF1_S426.0,,,,,,,,,,DEG_Nend_Nbox_1;LIG_14-3-3_CterR_2;MOD_GlcNHglycan,,,,,,,,,,,,,,
3ASS_6,0.211,0.0471140588125,CSF1,P09603-1_S428,P09603,P09603-1,Canonical,S,428.0,110466525.0,N-Glycosylation,Glycosylation,TLSAQPQLSRsHSSGSVLPLG,False,1.0,,737.0,156.0,156.0,3ASS,CSF1_S428.0,,,,,,,,,,LIG_14-3-3_CanoR_1;LIG_BIR_II_1;LIG_BIR_III_1;LIG_BIR_III_3;MOD_GlcNHglycan;MOD_GSK3_1,,,,,,,,,,,,,,
3ASS_6,0.211,0.0471140588125,CSF1,P09603-1_S430,P09603,P09603-1,Canonical,S,430.0,110466531.0,N-Glycosylation,Glycosylation,SAQPQLSRSHsSGSVLPLGEL,False,1.0,,743.0,150.0,150.0,3ASS,CSF1_S430.0,,,,,,,,,,MOD_CK1_1;MOD_GlcNHglycan;MOD_Plk_4,,,,,,,,,,,,,,
3ASS_6,0.211,0.0471140588125,CSF1,P09603-1_S431,P09603,P09603-1,Canonical,S,431.0,110466534.0,N-Glycosylation,Glycosylation,AQPQLSRSHSsGSVLPLGELE,False,1.0,,746.0,147.0,147.0,3ASS,CSF1_S431.0,,,,,,,,,,DEG_Nend_UBRbox_3;LIG_14-3-3_CanoR_1;LIG_PDZ_Class_2;MOD_CK1_1;MOD_Plk_4,,,,,,,,,,,,,,
3ASS_6,0.211,0.0471140588125,CSF1,P09603-1_S433,P09603,P09603-1,Canonical,S,433.0,110466540.0,N-Glycosylation,Glycosylation,PQLSRSHSSGsVLPLGELEGR,False,1.0,,752.0,141.0,141.0,3ASS,CSF1_S433.0,,,,,,,,,,LIG_14-3-3_CanoR_1;LIG_BIR_II_1;MOD_CK1_1;MOD_GlcNHglycan,,,,,,,,,,,,,,
3ASS_6,0.211,0.0471140588125,CSF1,P09603-1_S451,P09603,P09603-1,Canonical,S,451.0,110466594.0,N-Glycosylation,Glycosylation,EGRRSTRDRRsPAEPEGGPAS,False,1.0,,806.0,87.0,87.0,3ASS,CSF1_S451.0,,,,,,,,,,CLV_NRD_NRD_1;CLV_PCSK_FUR_1;CLV_PCSK_KEX2_1;DEG_Nend_UBRbox_1;LIG_SH3_1;LIG_SH3_3,,,,,,,,,,,,,,
3ASS_6,0.211,0.0471140588125,CSF1,P09603-1_S461,P09603,P09603-1,Canonical,S,461.0,110466624.0,N-Glycosylation;Phosphoserine,Phosphorylation,SPAEPEGGPAsEGAARPLPRF,False,1.0;1.0,nan;nan,836.0,57.0,57.0,3ASS,CSF1_S461.0,,,,,,,,,,DEG_Nend_UBRbox_2,,P22681_S441;P22681_S8;P22681_K7;P22681_Y552;P22681_T702;P22681_S717;P22681_S439;P22681_S20;P07333_Y556;P07333_N45;P07333_S555;P07333_Y257;P07333_N73;P07333_S178;P10721_N367;P10721_N300;P10721_S215;P10721_T718;P10721_Y730;P10721_N283;P10721_Y362;P10721_N293;P10721_S937;P10721_S729;P10721_T232,,,,,,,,,,,CBL->INDUCES;CSF1R->INDUCES;KIT->INDUCES,
3ASS_6,0.211,0.0471140588125,CSF1,P09603-1_S461,P09603,P09603-1,Canonical,S,461.0,110466624.0,N-Glycosylation;Phosphoserine,Glycosylation,SPAEPEGGPAsEGAARPLPRF,False,1.0;1.0,nan;nan,836.0,57.0,57.0,3ASS,CSF1_S461.0,,,,,,,,,,DEG_Nend_UBRbox_2,,,,,,,,,,,,,CBL->INDUCES;CSF1R->INDUCES;KIT->INDUCES,
3ASS_6,0.211,0.0471140588125,CSF1,P09603-1_S473,P09603,P09603-1,Canonical,S,473.0,110466660.0,N-Glycosylation,Glycosylation,GAARPLPRFNsVPLTDTGHER,False,1.0,,872.0,21.0,21.0,3ASS,CSF1_S473.0,,,,,,,,,,LIG_Arc_Nlobe_1,,,,,,,,,,,,,,
3ASS_6,0.211,0.0471140588125,CSF1,P09603-1_T477,P09603,P09603-1,Canonical,T,477.0,110466672.0,N-Glycosylation,Glycosylation,PLPRFNSVPLtDTGHERQSEG,False,1.0,,884.0,9.0,9.0,3ASS,CSF1_T477.0,,,,,,,,,,DEG_Nend_UBRbox_1;LIG_14-3-3_CanoR_1;LIG_FHA_2;MOD_CK2_1;MOD_PK_1,,,,,,,,,,,,,,
RI_3,-0.163,0.00840988186303,C9orf89,Q96LW7-2_S104,Q96LW7,Q96LW7-2,Alternative,S,104.0,95874166.0,Phosphoserine,Phosphorylation,RLPSRHALQNsDCTELDSGSQ,True,1.0,,1162.0,333.0,333.0,RI,C9orf89_S104.0,,,,,,,,,,CLV_PCSK_SKI1_1;LIG_BIR_II_1,,,,,,,,,,,,,,
RI_3,-0.163,0.00840988186303,C9orf89,Q96LW7-2_T107,Q96LW7,Q96LW7-2,Alternative,T,107.0,95874175.0,Phosphothreonine,Phosphorylation,SRHALQNSDCtELDSGSQSGE,True,,2.0,1171.0,324.0,324.0,RI,C9orf89_T107.0,,,,,,,,,,LIG_BIR_II_1;MOD_GlcNHglycan,,,,,,,,,,,,,,
RI_3,-0.163,0.00840988186303,C9orf89,Q96LW7-2_S111,Q96LW7,Q96LW7-2,Alternative,S,111.0,95874187.0,Phosphoserine,Phosphorylation,LQNSDCTELDsGSQSGELSNR,True,1.0,1.0,1183.0,312.0,312.0,RI,C9orf89_S111.0,,,,,,,,,,LIG_BIR_II_1;LIG_FHA_2;MOD_CK1_1;MOD_GlcNHglycan;MOD_PIKK_1,,,,,,,,,,,,,,
RI_3,-0.163,0.00840988186303,C9orf89,Q96LW7-2_S113,Q96LW7,Q96LW7-2,Alternative,S,113.0,95874193.0,Phosphoserine,Phosphorylation,NSDCTELDSGsQSGELSNRGP,True,4.0,4.0,1189.0,306.0,306.0,RI,C9orf89_S113.0,,,,,,,,,,CLV_C14_Caspase3-7;DEG_Nend_UBRbox_4;DEG_SCF_TRCP1_1;MOD_GlcNHglycan;MOD_GSK3_1,,,,,,,,,,,,,,
RI_3,-0.163,0.00840988186303,C9orf89,Q96LW7-2_S115,Q96LW7,Q96LW7-2,Alternative,S,115.0,95874199.0,Phosphoserine,Phosphorylation,DCTELDSGSQsGELSNRGPMS,True,1.0,,1195.0,300.0,300.0,RI,C9orf89_S115.0,,,,,,,,,,DEG_Nend_UBRbox_2;MOD_GlcNHglycan;MOD_PIKK_1,,,,,,,,,,,,,,
MXE_0,-0.185,0.0,MLPH,Q9BV36-1_S295,Q9BV36,Q9BV36-1,Canonical,S,295.0,238436022.0,Phosphoserine,Phosphorylation,MALGTAAALGsNVIRNEQLPL,False,1.0,,2.0,137.0,2.0,MXE (First Exon),MLPH_S295.0,,,,,,,,,,LIG_LRP6_Inhibitor_1;MOD_NMyristoyl,,,,,,,,,,,,,,
MXE_0,-0.185,0.0,MLPH,Q9BV36-1_T313,Q9BV36,Q9BV36-1,Canonical,T,313.0,238436076.0,Phosphothreonine,Phosphorylation,LPLQYLADVDtSDEESIRAHV,False,6.0,,56.0,83.0,56.0,MXE (First Exon),MLPH_T313.0,,,,,,,,,,DEG_Nend_UBRbox_3;LIG_PDZ_Class_3;LIG_SH2_STAT5;LIG_WD40_WDR5_VDV_2;MOD_CK2_1;MOD_GSK3_1,,P61026_T174;P61026_K177;P61026_K196;P61026_T193;P61026_T73;P61026_S187;P61026_K102;P61026_K102;P61026_K154;P61026_Y6;P51159_S211;P51159_K33;P51159_C221;P51159_Y8;P51159_Y27;P51159_C219;P51159_Y6;Q5TD97_T262;Q5TD97_E4;Q5TD97_H75;Q5TD97_T68;Q5TD97_K317;Q5TD97_K215;Q5TD97_K217;Q5TD97_K193;Q5TD97_K193;Q9Y2J0_Y537;Q9Y2J0_T51;Q9Y2J0_Y465;O00194_T2,,,,,,,,,,,FHL5->INDUCES;RAB10->INDUCES;RAB27A->INDUCES;RAB27B->INDUCES;RPH3A->INDUCES,
MXE_0,-0.185,0.0,MLPH,Q9BV36-1_S314,Q9BV36,Q9BV36-1,Canonical,S,314.0,238436079.0,Phosphoserine,Phosphorylation,PLQYLADVDTsDEESIRAHVM,False,5.0,,59.0,80.0,59.0,MXE (First Exon),MLPH_S314.0,,,,,,,,,,DEG_APCC_TPR_1;DEG_Nend_Nbox_1;LIG_FHA_2;LIG_SH2_STAT5;LIG_WD40_WDR5_VDV_2;MOD_CK2_1,,P61026_T174;P61026_K177;P61026_K196;P61026_T193;P61026_T73;P61026_S187;P61026_K102;P61026_K102;P61026_K154;P61026_Y6;P51159_C221;P51159_Y8;P51159_S201;P51159_Y27;P51159_K144;P51159_C219;P51159_Y6;Q5TD97_S201;Q5TD97_S241;Q5TD97_K52;Q5TD97_K52;Q5TD97_S54;Q5TD97_T262;Q5TD97_Y200;Q5TD97_Y190;Q5TD97_S35;Q5TD97_Y242;Q5TD97_K328;Q5TD97_K328;Q5TD97_Y168;Q5TD97_K63;Q5TD97_K63;Q5TD97_K63;Q5TD97_E4;Q5TD97_Y71;Q5TD97_S235;Q5TD97_Y281;Q5TD97_S62;Q5TD97_K317;Q5TD97_K215;Q5TD97_K217;Q5TD97_K193;Q5TD97_K193;Q5TD97_K70;Q5TD97_K70;Q5TD97_K115;Q5TD97_K330;Q5TD97_K330;Q5TD97_S283;Q5TD97_Y220;Q5TD97_Y220;Q5TD97_Y171;Q5TD97_Y296;Q5TD97_S325;Q5TD97_Y55;Q5TD97_Y93;Q9Y2J0_Y465;O00194_K33,,,,,,,,,,,FHL5->INDUCES;RAB10->INDUCES;RAB27A->INDUCES;RAB27B->INDUCES;RPH3A->INDUCES,
MXE_0,-0.185,0.0,MLPH,Q9BV36-1_S318,Q9BV36,Q9BV36-1,Canonical,S,318.0,238436091.0,Phosphoserine,Phosphorylation,LADVDTSDEEsIRAHVMASHH,False,2.0,,71.0,68.0,68.0,MXE (First Exon),MLPH_S318.0,,,,,,,,,,LIG_FHA_2;LIG_WD40_WDR5_VDV_2;MOD_CK2_1,,,,,,,,,,,,,,
MXE_0,-0.185,0.0,MLPH,Q9BV36-1_S326,Q9BV36,Q9BV36-1,Canonical,S,326.0,238436115.0,Phosphoserine,Phosphorylation,EESIRAHVMAsHHSKRRGRAS,False,1.0,,95.0,44.0,44.0,MXE (First Exon),MLPH_S326.0,,,,,,,,,,CLV_PCSK_KEX2_1;CLV_PCSK_PC1ET2_1;DEG_Cend_FEM1AC_1;DEG_Nend_Nbox_1;LIG_NRP_CendR_1,,,,,,,,,,,,,,
MXE_0,-0.185,0.0,MLPH,Q9BV36-1_S336;Q9BV36-2_S336,Q9BV36,Q9BV36-1,Canonical,S,336.0,238436145.0,Phosphoserine,Phosphorylation,SHHSKRRGRAsSESQIFELNK,False,3.0,6.0,125.0,14.0,14.0,MXE (First Exon),MLPH_S336.0,,,,,,,,,,CLV_NRD_NRD_1;CLV_PCSK_KEX2_1;CLV_PCSK_PC1ET2_1;LIG_14-3-3_CanoR_1;LIG_BIR_II_1;LIG_BRCT_BRCA1_1;MOD_PIKK_1;MOD_PKB_1;TRG_ER_diArg_1;TRG_NLS_MonoExtC_3,,P61026_T174;P61026_K177;P61026_K196;P61026_T193;P61026_T73;P61026_S187;P61026_K102;P61026_K102;P61026_K154;P61026_Y6;P51159_C221;P51159_C219;Q5TD97_Y296;Q5TD97_S201;Q5TD97_S241;Q5TD97_K52;Q5TD97_K52;Q5TD97_S54;Q5TD97_Y200;Q5TD97_Y190;Q5TD97_S35;Q5TD97_Y242;Q5TD97_K328;Q5TD97_K328;Q5TD97_Y168;Q5TD97_K63;Q5TD97_K63;Q5TD97_K63;Q5TD97_S325;Q5TD97_Y71;Q5TD97_S235;Q5TD97_Y281;Q5TD97_Y55;Q5TD97_S62;Q5TD97_Y93;Q5TD97_K317;Q5TD97_K215;Q5TD97_K217;Q5TD97_K193;Q5TD97_K193;Q5TD97_K70;Q5TD97_K70;Q5TD97_K115;Q5TD97_K330;Q5TD97_K330;Q5TD97_S283;Q5TD97_Y220;Q5TD97_Y220;Q5TD97_Y171;O00194_K33,,,,,,,,,,,FHL5->INDUCES;RAB10->INDUCES;RAB27A->INDUCES;RAB27B->INDUCES,
MXE_0,-0.185,0.0,MLPH,Q9BV36-2_S337;Q9BV36-1_S337,Q9BV36,Q9BV36-1,Canonical,S,337.0,238436148.0,Phosphoserine,Phosphorylation,HHSKRRGRASsESQIFELNKH,False,7.0,8.0,128.0,11.0,11.0,MXE (First Exon),MLPH_S337.0,,,,,,,,,,CLV_NRD_NRD_1;CLV_PCSK_KEX2_1;CLV_PCSK_PC1ET2_1;DEG_Nend_UBRbox_1;LIG_14-3-3_CanoR_1;LIG_BRCT_BRCA1_1;MOD_CK1_1;MOD_PIKK_1;MOD_PKA_2;TRG_ER_diArg_1,,P61026_T174;P61026_K177;P61026_K196;P61026_T193;P61026_T73;P61026_S187;P61026_K102;P61026_K102;P61026_K154;P61026_Y6;P51159_C221;P51159_C219;Q5TD97_S201;Q5TD97_S241;Q5TD97_K52;Q5TD97_K52;Q5TD97_S54;Q5TD97_Y200;Q5TD97_Y190;Q5TD97_S35;Q5TD97_Y242;Q5TD97_K328;Q5TD97_K328;Q5TD97_Y168;Q5TD97_K63;Q5TD97_K63;Q5TD97_K63;Q5TD97_Y71;Q5TD97_S235;Q5TD97_Y281;Q5TD97_S62;Q5TD97_K317;Q5TD97_K215;Q5TD97_K217;Q5TD97_K193;Q5TD97_K193;Q5TD97_K70;Q5TD97_K70;Q5TD97_K115;Q5TD97_K330;Q5TD97_K330;Q5TD97_S283;Q5TD97_Y220;Q5TD97_Y220;Q5TD97_Y171;Q5TD97_Y296;Q5TD97_S325;Q5TD97_Y55;Q5TD97_Y93;O00194_K33,,,,,,,,,,,FHL5->INDUCES;RAB10->INDUCES;RAB27A->INDUCES;RAB27B->INDUCES,
MXE_0,-0.185,0.0,MLPH,Q9BV36-1_S339,Q9BV36,Q9BV36-1,Canonical,S,339.0,238436154.0,Phosphoserine,Phosphorylation,SKRRGRASSEsQIFELNKHIS,False,,,134.0,5.0,5.0,MXE (First Exon),MLPH_S339.0,,,,,,,,,,DEG_CRBN_cyclicCter_1;DEG_Nend_UBRbox_1;LIG_14-3-3_CanoR_1;MOD_PKA_2;MOD_PKB_1,,,,,,,,,,,,,,
MXE_2,0.098,0.0,ADAM15,Q13444-11_K465;Q13444-12_K769;Q13444-2_K759;Q13444-5_K759,Q13444,Q13444-11,Alternative,K,465.0,155033306.0,Ubiquitination,Ubiquitination,PQRALLARGTkSQGPAKPPPP,False,1.0,,67.0,2.0,2.0,MXE (First Exon),ADAM15_K465.0,,,,,,,,,,LIG_BIR_II_1;MOD_PIKK_1;MOD_PKA_2,,,,,,,,,,,,,,
MXE_3,0.053,0.0,ADAM15,Q13444-11_K465;Q13444-12_K769;Q13444-2_K759;Q13444-5_K759,Q13444,Q13444-11,Alternative,K,465.0,155033306.0,Ubiquitination,Ubiquitination,PQRALLARGTkSQGPAKPPPP,False,1.0,,67.0,2.0,2.0,MXE (First Exon),ADAM15_K465.0,,,,,,,,,,LIG_BIR_II_1;MOD_PIKK_1;MOD_PKA_2,,,,,,,,,,,,,,
MXE_4,-0.414,0.0,ADAM15,Q13444-1_S762,Q13444,Q13444-1,Canonical,S,762.0,155033897.0,Phosphoserine,Phosphorylation,ALLARGTKQAsALSFPAPPSR,False,,,3.0,68.0,3.0,MXE (First Exon),ADAM15_S762.0,,,,,,,,,,DOC_MAPK_gen_1;LIG_BIR_II_1;LIG_PDZ_Class_2;MOD_PKA_2,,,,,,,,,,,,,,
MXE_5,-0.593,0.0,ADAM15,Q13444-1_S762,Q13444,Q13444-1,Canonical,S,762.0,155033897.0,Phosphoserine,Phosphorylation,ALLARGTKQAsALSFPAPPSR,False,,,3.0,68.0,3.0,MXE (First Exon),ADAM15_S762.0,,,,,,,,,,DOC_MAPK_gen_1;LIG_BIR_II_1;LIG_PDZ_Class_2;MOD_PKA_2,,,,,,,,,,,,,,
MXE_6,-0.408,2.12306362967e-12,ADAM15,Q13444-1_S762,Q13444,Q13444-1,Canonical,S,762.0,155033897.0,Phosphoserine,Phosphorylation,ALLARGTKQAsALSFPAPPSR,False,,,6.0,68.0,6.0,MXE (First Exon),ADAM15_S762.0,,,,,,,,,,DOC_MAPK_gen_1;LIG_BIR_II_1;LIG_PDZ_Class_2;MOD_PKA_2,,,,,,,,,,,,,,
MXE_7,0.181,3.15805714912e-12,ADAM15,Q13444-1_Y715,Q13444,Q13444-1,Canonical,Y,715.0,155032755.0,Phosphotyrosine,Phosphorylation,LLVLVMLGASyWYRARLHQRL,False,,,74.0,64.0,64.0,MXE (First Exon),ADAM15_Y715.0,,,,,LCK;HCK,,,,,DEG_Nend_Nbox_1;LIG_WD40_WDR5_VDV_2;TRG_ER_diArg_1;TRG_PTS1,,,,HCK;LCK;SRC_group;SRC,,,,,,,,,HCK->REGULATES;LCK->REGULATES;SRC->REGULATES,SRC_GROUP;HCK;LCK;SRC
MXE_7,0.181,3.15805714912e-12,ADAM15,Q13444-1_K729,Q13444,Q13444-1,Canonical,K,729.0,155032797.0,Ubiquitination,Ubiquitination,ARLHQRLCQLkGPTCQYRAAQ,False,3.0,5.0,116.0,22.0,22.0,MXE (First Exon),ADAM15_K729.0,,,,,,,,,,MOD_OFUCOSY,,,,,,,,,,,,,,
MXE_7,0.181,3.15805714912e-12,ADAM15,Q13444-1_Y735,Q13444,Q13444-1,Canonical,Y,735.0,155032815.0,Phosphotyrosine,Phosphorylation,LCQLKGPTCQyRAAQSGPSER,False,,,134.0,4.0,4.0,MXE (First Exon),ADAM15_Y735.0,,,,,,,,,,DEG_Nend_Nbox_1;DOC_USP7_MATH_1;LIG_14-3-3_CterR_2,,,,HCK;SRC_group;SRC,,,,,,,,,HCK->REGULATES;SRC->REGULATES,SRC_GROUP;HCK;SRC
MXE_7,0.181,3.15805714912e-12,ADAM15,Q13444-10_S736,Q13444,Q13444-10,Alternative,S,736.0,155032818.0,Phosphoserine,Phosphorylation,CQLKGPTCQYsLRGQPSPHPQ,False,1.0,,137.0,1.0,1.0,MXE (First Exon),ADAM15_S736.0,,,,,,,,,,DEG_Nend_UBRbox_1,,,,,,,,,,,,,,
MXE_8,-0.227,3.33046642857e-08,CD44,P16070-1_S291,P16070,P16070-1,Canonical,S,291.0,35219742.0,Phosphoserine,Phosphorylation,ENEDERDRHLsFSGSGIDDDE,False,,,74.0,51.0,51.0,MXE (First Exon),CD44_S291.0,,,,,,,,,,DEG_Nend_UBRbox_2;DOC_PP1_RVXF_1;LIG_PDZ_Class_1;MOD_GlcNHglycan,,P04637_S366;P04637_S183;P04637_S378;P04637_K305;P04637_K305;P04637_K120;P04637_K120;P04637_K101;P04637_S33;P04637_K320;P04637_K320;P04637_K320;P04637_S149;P04637_S149;P04637_S149;P04637_Y327;P04637_K291;P04637_K139;P04637_S362;P04637_K321;P04637_K321;P04637_K321;P04637_K357;P04637_T312;P04637_K319;P04637_K319;P04637_K351;P04637_S20;P04637_S20;P04637_K373;P04637_K373;P04637_K373;P04637_K373;P04637_K372;P04637_K372;P04637_K372;P04637_K372;P04637_K292;P04637_K292;P04637_K370;P04637_K370;P04637_K370;P04637_K370;P04637_K370;P04637_S269;P00533_T648;P00533_N175;P00533_C311;P00533_T1085;P00533_N568;P00533_C470;P00533_C190;P00533_C291;P00533_T1191;P00533_T1078;P00533_C329;P00533_S174;P00533_N528;P04233_C44;P04626_T733;P04626_T1242;P04626_S1235;P04626_S1078;P04626_S1051;P04626_T1240;P04626_S1050;P04626_S1054;P04626_Y1127;P04626_Y923;P04626_S1214;P04626_S1151;P04626_Y1196;P04626_N571;P04626_T1132;P04626_N388;P04626_S189;P04626_S1113;P04626_S1134;P04626_T1117;P04626_Y735;P04626_N68;P04626_Y163;P04626_T701;P04626_T875;P04626_Y877;P04626_Y590;P04626_S653;P04626_S760;P04626_Y1222;P04626_Y1221;P04626_Y1139;P04626_N259;P04626_N427;P04626_T948;P04626_Y1005;P04626_S1107;P04626_Y1023;P04626_S998;P04626_S1049;P04626_N629;P04626_Y1248;P04626_T1124;P04626_Y274;P04626_S1122;P04626_T1166;P04626_T1172;P04626_Y1112;P04626_S728;P04626_S1083;P04626_S1002;P04626_S703;P04626_T1052;P04626_S1007;P04626_N530;P02452_K759;P02452_K286;P02452_K1152;Q13009_Y1323;P11171_S200;P11171_K391;P08123_P558;P08123_P315;P08123_P174;P08123_P408;P08123_P420;P08123_S1104;P08123_P444;P08123_P441;P03956_K450;P03956_S153;P03956_T288;P03956_L102;P03956_S280;P06239_Y25;P06239_Y263;P06239_S274;P06239_C3;P06239_C5;P06239_S42;P06239_S158;P06239_T375;P15311_Y291;P15311_T576;P15311_Y424;P15311_T425;P15311_Y205;P15311_Y478;P15311_Y201;P15311_Y499;P15311_Y128;P15311_S539;P15311_T459;P15311_Y146;P15311_T214;P15311_T533;P15311_Y483;P15311_Y270;P15311_Y137;P15311_Y354;P15311_T332;P15311_Y116;P15311_Y191;P15311_T567;Q15303_N174;Q15303_Y1081;Q15303_Y1262;Q15303_S1289;Q15303_Y1188;Q15303_Y1056;P35240_T581;P35240_Y207;P35240_T576;P35240_Y221;P35240_T556;P35240_Y144;P35240_Y217;P35240_T230;P12931_C501;P12931_K62;P12931_K319;P12931_K319;P26038_T526;P26038_S429;P26038_S56;P26038_Y205;P26038_Y128;P26038_T369;P26038_S144;P26038_T459;P26038_S384;P26038_T539;P26038_K391;P26038_S576;P26038_T558;P26038_Y201;P26038_T425;P26038_Y191;P26038_S527;P26038_T567;P26038_T465;P08575_N240;P08575_Y926;P08575_Y453;P08575_Y689;P08575_S995;P08575_S1297;P08575_S954;P08575_S1283;P06241_Y185;P06241_T457;P06241_K320;P06241_K320;P06241_K322;P06241_S186;P06241_S188;P06241_T217;P06241_T216;P06241_Y91;P06241_Y150;P06241_Y93;P06241_Y339;P06241_Y231,,PKC_group,,,,,,,,,CD74->INDUCES;COL1A1->INDUCES;COL1A2->INDUCES;EGFR->INDUCES;EPB41->INDUCES;ERBB2->INDUCES;ERBB4->INDUCES;EZR->INDUCES;FYN->INDUCES;LCK->INDUCES;MMP1->INDUCES;MSN->INDUCES;NF2->INDUCES;PTPRC->INDUCES;SRC->INDUCES;TIAM1->INDUCES;TP53->INDUCES,PKC_GROUP
MXE_8,-0.227,3.33046642857e-08,CD44,P16070-1_S305,P16070,P16070-1,Canonical,S,305.0,35219784.0,Phosphoserine,Phosphorylation,SGIDDDEDFIsSTISTTPRAF,False,,,116.0,9.0,9.0,MXE (First Exon),CD44_S305.0,,,,,,,,,,DEG_Nend_UBRbox_2;MOD_GSK3_1,,P09038_K261;P04637_S366;P04637_H115;P04637_S378;P04637_K305;P04637_K305;P04637_K120;P04637_K120;P04637_K101;P04637_K320;P04637_K320;P04637_K320;P04637_Y327;P04637_K291;P04637_K139;P04637_K321;P04637_K321;P04637_K321;P04637_K357;P04637_T312;P04637_K319;P04637_K319;P04637_K351;P04637_K373;P04637_K373;P04637_K373;P04637_K373;P04637_K372;P04637_K372;P04637_K372;P04637_K372;P04637_K292;P04637_K292;P04637_K370;P04637_K370;P04637_K370;P04637_K370;P04637_K370;P04637_T81;P00533_T648;P00533_N175;P00533_C311;P00533_T1085;P00533_N568;P00533_C470;P00533_N444;P00533_C190;P00533_C291;P00533_S645;P00533_T1191;P00533_T1078;P00533_N128;P00533_C329;P00533_S174;P00533_N528;P04233_C44;P04233_T132;P04233_N130;P10124_S104;P04626_T733;P04626_T1242;P04626_S1235;P04626_S1078;P04626_S1051;P04626_T1240;P04626_S1050;P04626_S1054;P04626_Y1127;P04626_Y923;P04626_S1214;P04626_S1151;P04626_Y1196;P04626_N571;P04626_T1132;P04626_N388;P04626_S189;P04626_S1113;P04626_S1134;P04626_T1117;P04626_Y735;P04626_N68;P04626_Y163;P04626_T701;P04626_T875;P04626_Y877;P04626_Y590;P04626_S653;P04626_S760;P04626_Y1222;P04626_Y1221;P04626_Y1139;P04626_N259;P04626_N427;P04626_T948;P04626_Y1005;P04626_S1107;P04626_Y1023;P04626_S998;P04626_S1049;P04626_N629;P04626_Y1248;P04626_T1124;P04626_Y274;P04626_S1122;P04626_T1166;P04626_T1172;P04626_Y1112;P04626_S728;P04626_S1083;P04626_S1002;P04626_S703;P04626_T1052;P04626_S1007;P04626_N530;P02452_K751;P02452_K751;P02452_K505;P02452_K505;P02452_K759;P02452_K520;P02452_K520;P02452_P313;P02452_K286;P02452_K397;P02452_K397;P02452_K430;P02452_K1152;P02452_K170;P11171_S200;P11171_K391;P08123_P297;P08123_P558;P08123_P315;P08123_P255;P08123_P174;P08123_P192;P08123_P324;P08123_P261;P08123_P408;P08123_P420;P08123_P444;P08123_P441;P08123_P300;P03956_K450;P03956_S153;P03956_T288;P03956_L102;P03956_S280;Q92888_T140;P06239_Y25;P06239_Y263;P06239_S274;P06239_C3;P06239_C5;P06239_S42;P06239_S158;P06239_T375;P15311_Y291;P15311_T576;P15311_Y424;P15311_T425;P15311_Y205;P15311_Y478;P15311_Y201;P15311_Y499;P15311_Y128;P15311_S539;P15311_T459;P15311_Y146;P15311_T214;P15311_T533;P15311_Y483;P15311_Y270;P15311_Y137;P15311_Y354;P15311_T332;P15311_Y116;P15311_Y191;P15311_T567;Q15303_N174;Q15303_Y1081;Q15303_Y1262;Q15303_S1289;Q15303_Y1188;Q15303_Y1056;P35240_T21;P35240_T581;P35240_Y207;P35240_T576;P35240_Y221;P35240_T556;P35240_Y144;P35240_Y217;P35240_T230;P12931_C501;P12931_K62;P12931_D45;P12931_K319;P12931_K319;P26038_T526;P26038_S429;P26038_S56;P26038_Y205;P26038_Y128;P26038_T369;P26038_S144;P26038_T459;P26038_S384;P26038_T539;P26038_K391;P26038_T4;P26038_S576;P26038_T558;P26038_Y201;P26038_T425;P26038_Y191;P26038_S527;P26038_T567;P26038_T465;P08575_N240;P08575_Y926;P08575_Y453;P08575_Y689;P08575_S995;P08575_S1297;P08575_S954;P08575_S1283;P06241_Y185;P06241_T457;P06241_K320;P06241_K320;P06241_K322;P06241_S186;P06241_S188;P06241_T217;P06241_T216;P06241_Y91;P06241_Y150;P06241_Y93;P06241_Y339;P06241_Y231;P14780_S628,,,,,,,,,,,ARHGEF1->INDUCES;CD74->INDUCES;COL1A1->INDUCES;COL1A2->INDUCES;EGFR->INDUCES;EPB41->INDUCES;ERBB2->INDUCES;ERBB4->INDUCES;EZR->INDUCES;FGF2->INDUCES;FYN->INDUCES;LCK->INDUCES;MMP1->INDUCES;MMP9->INDUCES;MSN->INDUCES;NF2->INDUCES;PTPRC->INDUCES;SRC->INDUCES;SRGN->INDUCES;TP53->INDUCES,
MXE_11,0.172,8.55405601629e-07,EXOC7,Q9UPT5-3_S340,Q9UPT5,Q9UPT5-3,Canonical,S,340.0,74086446.0,Phosphoserine,Phosphorylation,HEHDFRVKHLsEALNDKHGPL,False,3.0,,36.0,32.0,32.0,MXE (First Exon),EXOC7_S340.0,,,,,,,,,,DEG_Nend_UBRbox_2;TRG_Pf-PMV_PEXEL_1,,,,,,,,,,,,,,
MXE_11,0.172,8.55405601629e-07,EXOC7,Q9UPT5-3_K337,Q9UPT5,Q9UPT5-3,Canonical,K,337.0,74086455.0,Ubiquitination,Ubiquitination,SPGHEHDFRVkHLSEALNDKH,False,1.0,,45.0,23.0,23.0,MXE (First Exon),EXOC7_K337.0,,,,,,,,,,LIG_PDZ_Class_3,,,,,,,,,,,,,,
MXE_13,-0.159,3.06114021442e-06,CD44,P16070-1_S291,P16070,P16070-1,Canonical,S,291.0,35219742.0,Phosphoserine,Phosphorylation,ENEDERDRHLsFSGSGIDDDE,False,,,74.0,51.0,51.0,MXE (First Exon),CD44_S291.0,,,,,,,,,,DEG_Nend_UBRbox_2;DOC_PP1_RVXF_1;LIG_PDZ_Class_1;MOD_GlcNHglycan,,P04637_S366;P04637_S183;P04637_S378;P04637_K305;P04637_K305;P04637_K120;P04637_K120;P04637_K101;P04637_S33;P04637_K320;P04637_K320;P04637_K320;P04637_S149;P04637_S149;P04637_S149;P04637_Y327;P04637_K291;P04637_K139;P04637_S362;P04637_K321;P04637_K321;P04637_K321;P04637_K357;P04637_T312;P04637_K319;P04637_K319;P04637_K351;P04637_S20;P04637_S20;P04637_K373;P04637_K373;P04637_K373;P04637_K373;P04637_K372;P04637_K372;P04637_K372;P04637_K372;P04637_K292;P04637_K292;P04637_K370;P04637_K370;P04637_K370;P04637_K370;P04637_K370;P04637_S269;P00533_T648;P00533_N175;P00533_C311;P00533_T1085;P00533_N568;P00533_C470;P00533_C190;P00533_C291;P00533_T1191;P00533_T1078;P00533_C329;P00533_S174;P00533_N528;P04233_C44;P04626_T733;P04626_T1242;P04626_S1235;P04626_S1078;P04626_S1051;P04626_T1240;P04626_S1050;P04626_S1054;P04626_Y1127;P04626_Y923;P04626_S1214;P04626_S1151;P04626_Y1196;P04626_N571;P04626_T1132;P04626_N388;P04626_S189;P04626_S1113;P04626_S1134;P04626_T1117;P04626_Y735;P04626_N68;P04626_Y163;P04626_T701;P04626_T875;P04626_Y877;P04626_Y590;P04626_S653;P04626_S760;P04626_Y1222;P04626_Y1221;P04626_Y1139;P04626_N259;P04626_N427;P04626_T948;P04626_Y1005;P04626_S1107;P04626_Y1023;P04626_S998;P04626_S1049;P04626_N629;P04626_Y1248;P04626_T1124;P04626_Y274;P04626_S1122;P04626_T1166;P04626_T1172;P04626_Y1112;P04626_S728;P04626_S1083;P04626_S1002;P04626_S703;P04626_T1052;P04626_S1007;P04626_N530;P02452_K759;P02452_K286;P02452_K1152;Q13009_Y1323;P11171_S200;P11171_K391;P08123_P558;P08123_P315;P08123_P174;P08123_P408;P08123_P420;P08123_S1104;P08123_P444;P08123_P441;P03956_K450;P03956_S153;P03956_T288;P03956_L102;P03956_S280;P06239_Y25;P06239_Y263;P06239_S274;P06239_C3;P06239_C5;P06239_S42;P06239_S158;P06239_T375;P15311_Y291;P15311_T576;P15311_Y424;P15311_T425;P15311_Y205;P15311_Y478;P15311_Y201;P15311_Y499;P15311_Y128;P15311_S539;P15311_T459;P15311_Y146;P15311_T214;P15311_T533;P15311_Y483;P15311_Y270;P15311_Y137;P15311_Y354;P15311_T332;P15311_Y116;P15311_Y191;P15311_T567;Q15303_N174;Q15303_Y1081;Q15303_Y1262;Q15303_S1289;Q15303_Y1188;Q15303_Y1056;P35240_T581;P35240_Y207;P35240_T576;P35240_Y221;P35240_T556;P35240_Y144;P35240_Y217;P35240_T230;P12931_C501;P12931_K62;P12931_K319;P12931_K319;P26038_T526;P26038_S429;P26038_S56;P26038_Y205;P26038_Y128;P26038_T369;P26038_S144;P26038_T459;P26038_S384;P26038_T539;P26038_K391;P26038_S576;P26038_T558;P26038_Y201;P26038_T425;P26038_Y191;P26038_S527;P26038_T567;P26038_T465;P08575_N240;P08575_Y926;P08575_Y453;P08575_Y689;P08575_S995;P08575_S1297;P08575_S954;P08575_S1283;P06241_Y185;P06241_T457;P06241_K320;P06241_K320;P06241_K322;P06241_S186;P06241_S188;P06241_T217;P06241_T216;P06241_Y91;P06241_Y150;P06241_Y93;P06241_Y339;P06241_Y231,,PKC_group,,,,,,,,,CD74->INDUCES;COL1A1->INDUCES;COL1A2->INDUCES;EGFR->INDUCES;EPB41->INDUCES;ERBB2->INDUCES;ERBB4->INDUCES;EZR->INDUCES;FYN->INDUCES;LCK->INDUCES;MMP1->INDUCES;MSN->INDUCES;NF2->INDUCES;PTPRC->INDUCES;SRC->INDUCES;TIAM1->INDUCES;TP53->INDUCES,PKC_GROUP
MXE_13,-0.159,3.06114021442e-06,CD44,P16070-1_S305,P16070,P16070-1,Canonical,S,305.0,35219784.0,Phosphoserine,Phosphorylation,SGIDDDEDFIsSTISTTPRAF,False,,,116.0,9.0,9.0,MXE (First Exon),CD44_S305.0,,,,,,,,,,DEG_Nend_UBRbox_2;MOD_GSK3_1,,P09038_K261;P04637_S366;P04637_H115;P04637_S378;P04637_K305;P04637_K305;P04637_K120;P04637_K120;P04637_K101;P04637_K320;P04637_K320;P04637_K320;P04637_Y327;P04637_K291;P04637_K139;P04637_K321;P04637_K321;P04637_K321;P04637_K357;P04637_T312;P04637_K319;P04637_K319;P04637_K351;P04637_K373;P04637_K373;P04637_K373;P04637_K373;P04637_K372;P04637_K372;P04637_K372;P04637_K372;P04637_K292;P04637_K292;P04637_K370;P04637_K370;P04637_K370;P04637_K370;P04637_K370;P04637_T81;P00533_T648;P00533_N175;P00533_C311;P00533_T1085;P00533_N568;P00533_C470;P00533_N444;P00533_C190;P00533_C291;P00533_S645;P00533_T1191;P00533_T1078;P00533_N128;P00533_C329;P00533_S174;P00533_N528;P04233_C44;P04233_T132;P04233_N130;P10124_S104;P04626_T733;P04626_T1242;P04626_S1235;P04626_S1078;P04626_S1051;P04626_T1240;P04626_S1050;P04626_S1054;P04626_Y1127;P04626_Y923;P04626_S1214;P04626_S1151;P04626_Y1196;P04626_N571;P04626_T1132;P04626_N388;P04626_S189;P04626_S1113;P04626_S1134;P04626_T1117;P04626_Y735;P04626_N68;P04626_Y163;P04626_T701;P04626_T875;P04626_Y877;P04626_Y590;P04626_S653;P04626_S760;P04626_Y1222;P04626_Y1221;P04626_Y1139;P04626_N259;P04626_N427;P04626_T948;P04626_Y1005;P04626_S1107;P04626_Y1023;P04626_S998;P04626_S1049;P04626_N629;P04626_Y1248;P04626_T1124;P04626_Y274;P04626_S1122;P04626_T1166;P04626_T1172;P04626_Y1112;P04626_S728;P04626_S1083;P04626_S1002;P04626_S703;P04626_T1052;P04626_S1007;P04626_N530;P02452_K751;P02452_K751;P02452_K505;P02452_K505;P02452_K759;P02452_K520;P02452_K520;P02452_P313;P02452_K286;P02452_K397;P02452_K397;P02452_K430;P02452_K1152;P02452_K170;P11171_S200;P11171_K391;P08123_P297;P08123_P558;P08123_P315;P08123_P255;P08123_P174;P08123_P192;P08123_P324;P08123_P261;P08123_P408;P08123_P420;P08123_P444;P08123_P441;P08123_P300;P03956_K450;P03956_S153;P03956_T288;P03956_L102;P03956_S280;Q92888_T140;P06239_Y25;P06239_Y263;P06239_S274;P06239_C3;P06239_C5;P06239_S42;P06239_S158;P06239_T375;P15311_Y291;P15311_T576;P15311_Y424;P15311_T425;P15311_Y205;P15311_Y478;P15311_Y201;P15311_Y499;P15311_Y128;P15311_S539;P15311_T459;P15311_Y146;P15311_T214;P15311_T533;P15311_Y483;P15311_Y270;P15311_Y137;P15311_Y354;P15311_T332;P15311_Y116;P15311_Y191;P15311_T567;Q15303_N174;Q15303_Y1081;Q15303_Y1262;Q15303_S1289;Q15303_Y1188;Q15303_Y1056;P35240_T21;P35240_T581;P35240_Y207;P35240_T576;P35240_Y221;P35240_T556;P35240_Y144;P35240_Y217;P35240_T230;P12931_C501;P12931_K62;P12931_D45;P12931_K319;P12931_K319;P26038_T526;P26038_S429;P26038_S56;P26038_Y205;P26038_Y128;P26038_T369;P26038_S144;P26038_T459;P26038_S384;P26038_T539;P26038_K391;P26038_T4;P26038_S576;P26038_T558;P26038_Y201;P26038_T425;P26038_Y191;P26038_S527;P26038_T567;P26038_T465;P08575_N240;P08575_Y926;P08575_Y453;P08575_Y689;P08575_S995;P08575_S1297;P08575_S954;P08575_S1283;P06241_Y185;P06241_T457;P06241_K320;P06241_K320;P06241_K322;P06241_S186;P06241_S188;P06241_T217;P06241_T216;P06241_Y91;P06241_Y150;P06241_Y93;P06241_Y339;P06241_Y231;P14780_S628,,,,,,,,,,,ARHGEF1->INDUCES;CD74->INDUCES;COL1A1->INDUCES;COL1A2->INDUCES;EGFR->INDUCES;EPB41->INDUCES;ERBB2->INDUCES;ERBB4->INDUCES;EZR->INDUCES;FGF2->INDUCES;FYN->INDUCES;LCK->INDUCES;MMP1->INDUCES;MMP9->INDUCES;MSN->INDUCES;NF2->INDUCES;PTPRC->INDUCES;SRC->INDUCES;SRGN->INDUCES;TP53->INDUCES,
MXE_15,-0.382,7.40878646732e-06,RALGPS2,Q86X27-1_Y420,Q86X27,Q86X27-1,Canonical,Y,420.0,178861375.0,Phosphotyrosine,Phosphorylation,SWPAFERNRLyHSLGPVTRVA,False,1.0,54.0,10.0,67.0,10.0,MXE (First Exon),RALGPS2_Y420.0,,,,,,,,,,LIG_14-3-3_CanoR_1;LIG_BIR_II_1;TRG_ER_diArg_1,,,,,,,,,,,,,,
MXE_15,-0.382,7.40878646732e-06,RALGPS2,Q86X27-1_S422,Q86X27,Q86X27-1,Canonical,S,422.0,178861381.0,Phosphoserine,Phosphorylation,PAFERNRLYHsLGPVTRVARN,False,12.0,7.0,16.0,61.0,16.0,MXE (First Exon),RALGPS2_S422.0,,,,,,,,,,DEG_Nend_UBRbox_2;LIG_SH2_CRK;TRG_ENDOCYTIC_2;TRG_ER_diArg_1,,,,,,,,,,,,,,
MXE_18,-0.444,2.005452226e-05,FGFR2,P21802-1_S347,P21802,P21802-1,Canonical,S,347.0,123276878.0,Phosphoserine,Phosphorylation,AGEYTCLAGNsIGISFHSAWL,False,1.0,,45.0,99.0,45.0,MXE (First Exon),FGFR2_S347.0,,,,,,,,,,DEG_Nend_Nbox_1;LIG_SH2_CRK;LIG_SH2_STAP1;LIG_SH2_STAT5;TRG_ENDOCYTIC_2,,,,,,,,,,,,,,
MXE_18,-0.444,2.005452226e-05,FGFR2,P21802-1_N331,P21802,P21802-1,Canonical,N,331.0,123276926.0,N-Glycosylation,Glycosylation,DKEIEVLYIRnVTFEDAGEYT,False,,,93.0,51.0,51.0,MXE (First Exon),FGFR2_N331.0,,,,,,,,,,CLV_PCSK_SKI1_1;DEG_Nend_Nbox_1;DOC_PP1_RVXF_1;LIG_14-3-3_CanoR_1;LIG_FHA_2;LIG_PDZ_Class_3;LIG_SH2_STAT5,,,,,,,,,,,,,,
MXE_18,-0.444,2.005452226e-05,FGFR2,P21802-1_N318,P21802,P21802-1,Canonical,N,318.0,123276965.0,N-Glycosylation,Glycosylation,YLKVLKAAGVnTTDKEIEVLY,False,,,132.0,12.0,12.0,MXE (First Exon),FGFR2_N318.0,,,,,,,,,,LIG_FHA_2;MOD_CK2_1,,P09038_S206;P09038_K261;P09038_T254;P09038_Y215;P09038_Y245;P09038_S250;P09038_S285;P08620_S54;Q9UEF7_Y497;P31371_T176;P31371_T178;P31371_N79;P31371_Y163;O15520_Y164;O15520_Y161;O76093_Y146;P12034_N110;P12034_S138;P12034_S145;P21781_K170;P21781_K181;Q9GZV9_Y70;Q9GZV9_S71;Q9GZV9_R179;Q8WU20_T138;Q8WU20_Y290;Q8WU20_S428;Q8WU20_Y392;Q8WU20_T132;Q8WU20_S221;Q8WU20_T135;Q8WU20_T137;Q8WU20_T465;Q8WU20_Y436;Q8WU20_S76;Q8WU20_T328;Q8WU20_T504;Q8WU20_Y349;Q8WU20_T455;Q8WU20_S329;Q8WU20_T344;Q8WU20_Y59;Q8WU20_S503;Q8WU20_S211;Q8WU20_S365;Q8WU20_T288;Q8WU20_S327;Q8WU20_T125;Q8WU20_T395;Q8WU20_T49;Q8WU20_T227;Q8WU20_Y150;Q8WU20_T458;Q8WU20_S354;Q8WU20_S403;Q8WU20_S155;Q8WU20_Y196;Q8WU20_T468;Q8WU20_S172;Q8WU20_T463;Q8WU20_S177;Q8WU20_S316;P11487_T136;P27986_T152;P27986_S460;P27986_T585;P27986_Y556;P27986_Y470;P27986_Y452;P27986_Y657;P27986_T576;P27986_T454;P27986_T471;P27986_Y12;P27986_Y679;P27986_S652;P27986_Y59;P27986_Y76;P27986_Y73;P27986_T148;P27986_S690;P27986_S147;P27986_S361;P27986_Y688;P27986_Y467;P27986_T490;P27986_K530;P27986_S629;P27986_S628;P27986_Y508;P27986_Y528;P27986_Y607;P27986_T623;P27986_S608;P27986_Y504;P27986_Y580;P27986_S83;P27986_S265;P27986_S154;P10767_Y180,,,,,,,,,,,FGF10->INDUCES;FGF18->INDUCES;FGF2->INDUCES;FGF23->INDUCES;FGF3->INDUCES;FGF4->INDUCES;FGF5->INDUCES;FGF6->INDUCES;FGF7->INDUCES;FGF9->INDUCES;FRS2->INDUCES;KL->INDUCES;PIK3R1->INDUCES,
MXE_19,0.125,9.26197425234e-05,RALGPS2,Q86X27-1_T477,Q86X27,Q86X27-1,Canonical,T,477.0,178863157.0,Phosphothreonine,Phosphorylation,KTLLKEGKKPtVASWTKYWAA,True,,1.0,103.0,2.0,2.0,MXE (First Exon),RALGPS2_T477.0,,,,,,,,,,DEG_Nend_Nbox_1;DOC_USP7_UBL2_3;MOD_Cter_Amidation,,,,,,,,,,,,,,
MXE_20,-0.153,0.000107125147275,SCRIB,Q14160-1_S764,Q14160,Q14160-1,Canonical,S,764.0,144888633.0,Phosphoserine,Phosphorylation,DDEGIFISRVsEEGPAARAGV,True,6.0,,56.0,21.0,21.0,MXE (First Exon),SCRIB_S764.0,,,,,,,,,,MOD_NMyristoyl,,,,,,,,,,,,,,
MXE_20,-0.153,0.000107125147275,SCRIB,Q14160-1_S761,Q14160,Q14160-1,Canonical,S,761.0,144888642.0,Phosphoserine,Phosphorylation,YKGDDEGIFIsRVSEEGPAAR,True,,1.0,65.0,12.0,12.0,MXE (First Exon),SCRIB_S761.0,,,,,,,,,,DEG_Nend_UBRbox_2;MOD_PKA_2,,,,,,,,,,,,,,
MXE_21,-0.076,0.000201574112806,DNM2,P50570-1_T400,P50570,P50570-1,Canonical,T,400.0,10906738.0,Phosphothreonine,Phosphorylation,YAIKNIHGVRtGLFTPDLAFE,False,1.0,,1.0,137.0,1.0,MXE (First Exon),DNM2_T400.0,,,,,,,,,,DEG_Nend_UBRbox_1;DOC_WW_Pin1_4,,,,,,,,,,,,,,
MXE_21,-0.076,0.000201574112806,DNM2,P50570-1_T404,P50570,P50570-1,Canonical,T,404.0,10906750.0,Phosphothreonine,Phosphorylation,NIHGVRTGLFtPDLAFEAIVK,False,1.0,,13.0,125.0,13.0,MXE (First Exon),DNM2_T404.0,,,,,,,,,,DOC_PP2B_PxIxIT_1;LIG_WD40_WDR5_VDV_2;MOD_NMyristoyl,,,,,,,,,,,,,,
MXE_21,-0.076,0.000201574112806,DNM2,P50570-1_K414,P50570,P50570-1,Canonical,K,414.0,10906780.0,Ubiquitination,Ubiquitination,TPDLAFEAIVkKQVVKLKEPC,False,1.0,,43.0,95.0,43.0,MXE (First Exon),DNM2_K414.0,,,,,,,,,,DEG_Nend_Nbox_1;DOC_USP7_UBL2_3;LIG_PDZ_Class_2,,Q9Y566_K169;Q9Y566_K169,,,,,,,,,,,SHANK1->INDUCES,
MXE_22,-0.052,0.000237790867106,ADAM15,Q13444-1_Y715,Q13444,Q13444-1,Canonical,Y,715.0,155032755.0,Phosphotyrosine,Phosphorylation,LLVLVMLGASyWYRARLHQRL,False,,,74.0,64.0,64.0,MXE (First Exon),ADAM15_Y715.0,,,,,LCK;HCK,,,,,DEG_Nend_Nbox_1;LIG_WD40_WDR5_VDV_2;TRG_ER_diArg_1;TRG_PTS1,,,,HCK;LCK;SRC_group;SRC,,,,,,,,,HCK->REGULATES;LCK->REGULATES;SRC->REGULATES,SRC_GROUP;HCK;LCK;SRC
MXE_22,-0.052,0.000237790867106,ADAM15,Q13444-1_K729,Q13444,Q13444-1,Canonical,K,729.0,155032797.0,Ubiquitination,Ubiquitination,ARLHQRLCQLkGPTCQYRAAQ,False,3.0,5.0,116.0,22.0,22.0,MXE (First Exon),ADAM15_K729.0,,,,,,,,,,MOD_OFUCOSY,,,,,,,,,,,,,,
MXE_22,-0.052,0.000237790867106,ADAM15,Q13444-1_Y735,Q13444,Q13444-1,Canonical,Y,735.0,155032815.0,Phosphotyrosine,Phosphorylation,LCQLKGPTCQyRAAQSGPSER,False,,,134.0,4.0,4.0,MXE (First Exon),ADAM15_Y735.0,,,,,,,,,,DEG_Nend_Nbox_1;DOC_USP7_MATH_1;LIG_14-3-3_CterR_2,,,,HCK;SRC_group;SRC,,,,,,,,,HCK->REGULATES;SRC->REGULATES,SRC_GROUP;HCK;SRC
MXE_22,-0.052,0.000237790867106,ADAM15,Q13444-10_S736,Q13444,Q13444-10,Alternative,S,736.0,155032818.0,Phosphoserine,Phosphorylation,CQLKGPTCQYsLRGQPSPHPQ,False,1.0,,137.0,1.0,1.0,MXE (First Exon),ADAM15_S736.0,,,,,,,,,,DEG_Nend_UBRbox_1,,,,,,,,,,,,,,
MXE_24,0.133,0.000619892263569,RAB6A,P20340-1_Y82,P20340,P20340-1,Canonical,Y,82.0,73429703.0,O-AMP-tyrosine,AMP,QERFRSLIPSyIRDSTVAVVV,False,,,45.0,60.0,45.0,MXE (First Exon),RAB6A_Y82.0,,,,,,,,,,DEG_Nend_Nbox_1;LIG_PDZ_Class_1,,,,,,,,,,,,,,
MXE_24,0.133,0.000619892263569,RAB6A,P20340-1_S77,P20340,P20340-1,Canonical,S,77.0,73429718.0,Phosphoserine,Phosphorylation,WDTAGQERFRsLIPSYIRDST,False,3.0,,60.0,45.0,45.0,MXE (First Exon),RAB6A_S77.0,,,,,,,,,,LIG_Arc_Nlobe_1;LIG_BIR_II_1;LIG_LIR_Nem_3;LIG_PDZ_Class_1,,,,,,,,,,,,,,
MXE_24,0.133,0.000619892263569,RAB6A,P20340-1_T69,P20340,P20340-1,Canonical,T,69.0,73429742.0,Phosphothreonine,Phosphorylation,DRTVRLQLWDtAGQERFRSLI,False,1.0,,84.0,21.0,21.0,MXE (First Exon),RAB6A_T69.0,,,,,,,,,,LIG_PDZ_Class_3,,Q8TD16_K714;Q8IUD2_S191;P26374_Y256;Q01968_T880;Q01968_T405;Q01968_T346;Q01968_S528;P82094_T931;P82094_T912;P82094_T364;P82094_T108;P82094_T929;P82094_T104;P82094_Y353;P82094_T144;P82094_T415;P82094_T401;P82094_Y304;P82094_Y974;P82094_T215;P82094_T889;P82094_T82;Q96G01_K712;Q96G01_T701,,,,,,,,,,,BICD1->INDUCES;BICD2->INDUCES;CHML->INDUCES;ERC1->INDUCES;OCRL->INDUCES;TMF1->INDUCES,
MXE_25,0.096,0.000718194950595,ENAH,Q8N8S7-1_K574,Q8N8S7,Q8N8S7-1,Canonical,K,574.0,225686067.0,Ubiquitination,Ubiquitination,DEMRKELTKLkEELIDAIRQE,True,2.0,,18.0,39.0,18.0,MXE (First Exon),ENAH_K574.0,,,,,,,,,,CLV_C14_Caspase3-7;CLV_PCSK_SKI1_1;DEG_Nend_UBRbox_1;DOC_PP2A_B56_1;DOC_USP7_UBL2_3;LIG_PDZ_Class_2;LIG_WD40_WDR5_VDV_2,,Q70E73_K507;P00519_S737;Q9UQB8_S395;Q9UQB8_T392;Q9UQB8_T360;Q9UQB8_K184;Q9UQB8_T455;Q9UQB8_Y491;Q9UQB8_K171;Q9UQB8_T340;Q9UQB8_S384;Q9UQB8_S365;Q9UQB8_Y337;Q9UQB8_K70;Q9UQB8_T356;Q9UQB8_Y310,,,,,,,,,,,ABL1->INDUCES;BAIAP2->INDUCES;RAPH1->INDUCES,
MXE_26,0.178,0.000729115568858,EPB41,P11171-1_T734,P11171,P11171-1,Canonical,T,734.0,29424334.0,Phosphothreonine,Phosphorylation,PTGEGPPLVKtQTVTISDNAN,False,,,15.0,113.0,15.0,MXE (First Exon),EPB41_T734.0,,,,,,,,,,DEG_Nend_UBRbox_2;LIG_FHA_1;LIG_SUMO_SIM_par_1;LIG_WD40_WDR5_VDV_2;MOD_GSK3_1,,,,,,,,,,,,,,
MXE_26,0.178,0.000729115568858,EPB41,P11171-1_T736,P11171,P11171-1,Canonical,T,736.0,29424340.0,Phosphothreonine,Phosphorylation,GEGPPLVKTQtVTISDNANAV,False,1.0,,21.0,107.0,21.0,MXE (First Exon),EPB41_T736.0,,,,,,,,,,CLV_C14_Caspase3-7;DEG_CRBN_cyclicCter_1;LIG_FHA_1;LIG_FHA_2;LIG_WD40_WDR5_VDV_2;MOD_GSK3_1;MOD_PIKK_1,,,,,,,,,,,,,,
MXE_26,0.178,0.000729115568858,EPB41,P11171-1_T738,P11171,P11171-1,Canonical,T,738.0,29424346.0,Phosphothreonine,Phosphorylation,GPPLVKTQTVtISDNANAVKS,False,,,27.0,101.0,27.0,MXE (First Exon),EPB41_T738.0,,,,,,,,,,DEG_CRBN_cyclicCter_1;DEG_Nend_Nbox_1;LIG_FHA_1;MOD_GSK3_1;MOD_PIKK_1,,,,,,,,,,,,,,
MXE_26,0.178,0.000729115568858,EPB41,P11171-1_K747,P11171,P11171-1,Canonical,K,747.0,29424373.0,Ubiquitination,Ubiquitination,VTISDNANAVkSEIPTKDVPI,False,,2.0,54.0,74.0,54.0,MXE (First Exon),EPB41_K747.0,,,,,,,,,,DOC_USP7_MATH_1;LIG_BIR_II_1;LIG_SxIP_EBH_1;MOD_GSK3_1,,,,,,,,,,,,,,
MXE_26,0.178,0.000729115568858,EPB41,P11171-4_T524,P11171,P11171-4,Alternative,T,524.0,29424430.0,Phosphothreonine,Phosphorylation,PIVHTETKTItYEAAQTVKGG,False,,1.0,111.0,17.0,17.0,MXE (First Exon),EPB41_T524.0,,,,,,,,,,LIG_FHA_1;LIG_SH2_NCK_1,,,,,,,,,,,,,,
MXE_26,0.178,0.000729115568858,EPB41,P11171-1_Y767;P11171-4_Y525,P11171,P11171-1,Canonical,Y,767.0,29424433.0,Phosphotyrosine,Phosphorylation,IVHTETKTITyEAAQTDDNSG,False,1.0,8.0,114.0,14.0,14.0,MXE (First Exon),EPB41_Y767.0,,,,,,,,,,CLV_PCSK_SKI1_1;LIG_FHA_1,,,,,,,,,,,,,,
MXE_28,-0.273,0.00365928633895,ADAM15,Q13444-1_S762,Q13444,Q13444-1,Canonical,S,762.0,155033897.0,Phosphoserine,Phosphorylation,ALLARGTKQAsALSFPAPPSR,False,,,3.0,68.0,3.0,MXE (First Exon),ADAM15_S762.0,,,,,,,,,,DOC_MAPK_gen_1;LIG_BIR_II_1;LIG_PDZ_Class_2;MOD_PKA_2,,,,,,,,,,,,,,
MXE_30,-0.264,0.00658528765036,ADAM15,Q13444-1_S762,Q13444,Q13444-1,Canonical,S,762.0,155033897.0,Phosphoserine,Phosphorylation,ALLARGTKQAsALSFPAPPSR,False,,,6.0,68.0,6.0,MXE (First Exon),ADAM15_S762.0,,,,,,,,,,DOC_MAPK_gen_1;LIG_BIR_II_1;LIG_PDZ_Class_2;MOD_PKA_2,,,,,,,,,,,,,,
MXE_34,0.086,0.021388538494,PAM,P19021-1_K396,P19021,P19021-1,Canonical,K,396.0,102309843.0,Ubiquitination,Ubiquitination,DQGDFYSLLSkLLGEREDVVH,False,1.0,,23.0,297.0,23.0,MXE (First Exon),PAM_K396.0,,,,,,,,,,DEG_Nend_UBRbox_2;LIG_LIR_Gen_1;LIG_LIR_Nem_3;LIG_NRBOX;LIG_SH2_CRK;MOD_CK1_1;MOD_Plk_4;TRG_ENDOCYTIC_2,,,,,,,,,,,,,,
MXE_34,0.086,0.021388538494,PAM,P19021-1_K409,P19021,P19021-1,Canonical,K,409.0,102309882.0,Ubiquitination,Ubiquitination,GEREDVVHVHkYNPTEKAESE,False,2.0,,62.0,258.0,62.0,MXE (First Exon),PAM_K409.0,,,,,,,,,,DEG_Nend_UBRbox_2,,,,,,,,,,,,,,
MXE_34,0.086,0.021388538494,PAM,P19021-1_T413,P19021,P19021-1,Canonical,T,413.0,102309894.0,N-Glycosylation,Glycosylation,DVVHVHKYNPtEKAESESDLV,False,1.0,,74.0,246.0,74.0,MXE (First Exon),PAM_T413.0,,,,,,,,,,LIG_TRAF6_MATH_1,,,,,,,,,,,,,,
MXE_34,0.086,0.021388538494,PAM,P19021-1_K415,P19021,P19021-1,Canonical,K,415.0,102309900.0,Ubiquitination,Ubiquitination,VHVHKYNPTEkAESESDLVAE,False,2.0,,80.0,240.0,80.0,MXE (First Exon),PAM_K415.0,,,,,,,,,,LIG_TRAF6_MATH_1,,,,,,,,,,,,,,
MXE_34,0.086,0.021388538494,PAM,P19021-1_K432,P19021,P19021-1,Canonical,K,432.0,102309951.0,Ubiquitination,Ubiquitination,LVAEIANVVQkKDLGRSDARE,False,1.0,,131.0,189.0,131.0,MXE (First Exon),PAM_K432.0,,,,,,,,,,DEG_Nend_UBRbox_2,,,,,,,,,,,,,,
MXE_34,0.086,0.021388538494,PAM,P19021-1_S466,P19021,P19021-1,Canonical,S,466.0,102310053.0,N-Glycosylation,Glycosylation,DRIHKFHRLVsTLRPPESRVF,False,1.0,,233.0,87.0,87.0,MXE (First Exon),PAM_S466.0,,,,,,,,,,LIG_14-3-3_CanoR_1;MOD_NEK2_2,,,,,,,,,,,,,,
MXE_34,0.086,0.021388538494,PAM,P19021-1_T467,P19021,P19021-1,Canonical,T,467.0,102310056.0,N-Glycosylation,Glycosylation,RIHKFHRLVStLRPPESRVFS,False,1.0,,236.0,84.0,84.0,MXE (First Exon),PAM_T467.0,,,,,,,,,,DEG_Nend_UBRbox_1;LIG_14-3-3_CanoR_1,,,,,,,,,,,,,,
MXE_34,0.086,0.021388538494,PAM,P19021-1_S473,P19021,P19021-1,Canonical,S,473.0,102310074.0,N-Glycosylation,Glycosylation,RLVSTLRPPEsRVFSLQQPPP,False,1.0,,254.0,66.0,66.0,MXE (First Exon),PAM_S473.0,,,,,,,,,,DEG_Cend_TRIM7_1;DEG_CRBN_cyclicCter_1;LIG_14-3-3_CanoR_1;LIG_BIR_II_1,,,,,,,,,,,,,,
MXE_2,-0.098,0.0,ADAM15,Q13444-1_S806,Q13444,Q13444-1,Canonical,S,806.0,155034443.0,Phosphoserine,Phosphorylation,RPLPADPVVRsPKSQGPAKPP,False,2.0,,63.0,8.0,8.0,MXE (Second Exon),ADAM15_S806.0,,,,,,,,,,LIG_SH3_3;MOD_PIKK_1,,,,,,,,,,,,,,
MXE_3,-0.053,0.0,ADAM15,Q13444-1_S762,Q13444,Q13444-1,Canonical,S,762.0,155033897.0,Phosphoserine,Phosphorylation,ALLARGTKQAsALSFPAPPSR,False,,,3.0,68.0,3.0,MXE (Second Exon),ADAM15_S762.0,,,,,,,,,,DOC_MAPK_gen_1;LIG_BIR_II_1;LIG_PDZ_Class_2;MOD_PKA_2,,,,,,,,,,,,,,
MXE_4,0.414,0.0,ADAM15,Q13444-1_S806,Q13444,Q13444-1,Canonical,S,806.0,155034443.0,Phosphoserine,Phosphorylation,RPLPADPVVRsPKSQGPAKPP,False,2.0,,63.0,150.0,63.0,MXE (Second Exon),ADAM15_S806.0,,,,,,,,,,LIG_SH3_3;MOD_PIKK_1,,,,,,,,,,,,,,
MXE_5,0.593,0.0,ADAM15,Q13444-1_S806,Q13444,Q13444-1,Canonical,S,806.0,155034443.0,Phosphoserine,Phosphorylation,RPLPADPVVRsPKSQGPAKPP,False,2.0,,63.0,150.0,63.0,MXE (Second Exon),ADAM15_S806.0,,,,,,,,,,LIG_SH3_3;MOD_PIKK_1,,,,,,,,,,,,,,
MXE_6,0.408,2.12306362967e-12,ADAM15,Q13444-1_S806,Q13444,Q13444-1,Canonical,S,806.0,155034443.0,Phosphoserine,Phosphorylation,RPLPADPVVRsPKSQGPAKPP,False,2.0,,63.0,150.0,63.0,MXE (Second Exon),ADAM15_S806.0,,,,,,,,,,LIG_SH3_3;MOD_PIKK_1,,,,,,,,,,,,,,
MXE_7,-0.181,3.15805714912e-12,ADAM15,Q13444-1_S806,Q13444,Q13444-1,Canonical,S,806.0,155034443.0,Phosphoserine,Phosphorylation,RPLPADPVVRsPKSQGPAKPP,False,2.0,,63.0,8.0,8.0,MXE (Second Exon),ADAM15_S806.0,,,,,,,,,,LIG_SH3_3;MOD_PIKK_1,,,,,,,,,,,,,,
MXE_9,0.096,3.94440594853e-08,CTSC,P53634-1_Y67,P53634,P53634-1,Canonical,Y,67.0,88068224.0,Phosphotyrosine,Phosphorylation,MGPQEKKVVVyLQKLDTAYDD,False,1.0,,119.0,26.0,26.0,MXE (Second Exon),CTSC_Y67.0,,,,,,,,,,DEG_Nend_UBRbox_3;DOC_MAPK_gen_1,,,,,,,,,,,,,,
MXE_11,-0.172,8.55405601629e-07,EXOC7,Q9UPT5-1_K291,Q9UPT5,Q9UPT5-1,Alternative,K,291.0,74087254.0,Ubiquitination,Ubiquitination,QYSQHGLDGKkGGSNLIPLEG,False,1.0,,30.0,62.0,30.0,MXE (Second Exon),EXOC7_K291.0,,,,,,,,,,DEG_Nend_UBRbox_3,,,,,,,,,,,,,,
MXE_11,-0.172,8.55405601629e-07,EXOC7,Q9UPT5-3_S283,Q9UPT5,Q9UPT5-3,Canonical,S,283.0,74087278.0,Phosphoserine,Phosphorylation,RKAQNLLKQYsQHGLDGKKGG,False,4.0,,54.0,38.0,38.0,MXE (Second Exon),EXOC7_S283.0,,,,,,,,,,DEG_Nend_UBRbox_3,,,,,,,,,,,,,,
MXE_11,-0.172,8.55405601629e-07,EXOC7,Q9UPT5-3_K280,Q9UPT5,Q9UPT5-3,Canonical,K,280.0,74087287.0,Ubiquitination,Ubiquitination,GTIRKAQNLLkQYSQHGLDGK,False,1.0,,63.0,29.0,29.0,MXE (Second Exon),EXOC7_K280.0,,,,,,,,,,DEG_Nend_UBRbox_1;MOD_PIKK_1,,,,,,,,,,,,,,
MXE_11,-0.172,8.55405601629e-07,EXOC7,Q9UPT5-3_K274,Q9UPT5,Q9UPT5-3,Canonical,K,274.0,74087305.0,Ubiquitination,Ubiquitination,KPVKRPGTIRkAQNLLKQYSQ,False,1.0,,81.0,11.0,11.0,MXE (Second Exon),EXOC7_K274.0,,,,,,,,,,CLV_PCSK_KEX2_1;CLV_PCSK_PC1ET2_1;DEG_Nend_UBRbox_1,,,,,,,,,,,,,,
MXE_11,-0.172,8.55405601629e-07,EXOC7,Q9UPT5-3_T271,Q9UPT5,Q9UPT5-3,Canonical,T,271.0,74087314.0,Phosphothreonine,Phosphorylation,PTKKPVKRPGtIRKAQNLLKQ,False,1.0,5.0,90.0,2.0,2.0,MXE (Second Exon),EXOC7_T271.0,,,,,,,,,,CLV_NRD_NRD_1;CLV_PCSK_KEX2_1;CLV_PCSK_PC1ET2_1;CLV_PCSK_SKI1_1;DEG_CRBN_cyclicCter_1,,,,,,,,,,,,,,
MXE_13,0.159,3.06114021442e-06,CD44,P16070-1_T541,P16070,P16070-1,Canonical,T,541.0,35232807.0,N-Glycosylation,Glycosylation,TLTSSNRNDVtGGRRDPNHSE,False,1.0,,14.0,189.0,14.0,MXE (Second Exon),CD44_T541.0,,,,,,,,,,CLV_NRD_NRD_1;CLV_PCSK_KEX2_1;LIG_BIR_II_1;MOD_Cter_Amidation,,,,,,,,,,,,,,
MXE_13,0.159,3.06114021442e-06,CD44,P16070-1_N548,P16070,P16070-1,Canonical,N,548.0,35232828.0,N-Glycosylation,Glycosylation,NDVTGGRRDPnHSEGSTTLLE,False,,,35.0,168.0,35.0,MXE (Second Exon),CD44_N548.0,,,,,,,,,,CLV_NRD_NRD_1;CLV_PCSK_KEX2_1;DOC_USP7_MATH_1;LIG_Arc_Nlobe_1;MOD_Cter_Amidation;MOD_GSK3_1,,,,,,,,,,,,,,
MXE_13,0.159,3.06114021442e-06,CD44,P16070-1_S550,P16070,P16070-1,Canonical,S,550.0,35232834.0,N-Glycosylation,Glycosylation,VTGGRRDPNHsEGSTTLLEGY,False,1.0,,41.0,162.0,41.0,MXE (Second Exon),CD44_S550.0,,,,,,,,,,CLV_NRD_NRD_1;CLV_PCSK_KEX2_1;LIG_Arc_Nlobe_1;LIG_PDZ_Class_1,,,,,,,,,,,,,,
MXE_13,0.159,3.06114021442e-06,CD44,P16070-1_S553,P16070,P16070-1,Canonical,S,553.0,35232843.0,N-Glycosylation,Glycosylation,GRRDPNHSEGsTTLLEGYTSH,False,1.0,,50.0,153.0,50.0,MXE (Second Exon),CD44_S553.0,,,,,,,,,,DEG_Nend_UBRbox_2;DOC_USP7_MATH_1;LIG_Arc_Nlobe_1;LIG_FHA_1;LIG_FHA_2;MOD_CK2_1;MOD_GSK3_1;MOD_N-GLC_1;MOD_Plk_4,,,,,,,,,,,,,,
MXE_13,0.159,3.06114021442e-06,CD44,P16070-1_T554,P16070,P16070-1,Canonical,T,554.0,35232846.0,N-Glycosylation,Glycosylation,RRDPNHSEGStTLLEGYTSHY,False,1.0,,53.0,150.0,53.0,MXE (Second Exon),CD44_T554.0,,,,,,,,,,DOC_USP7_MATH_1;LIG_FHA_2;MOD_CK1_1;MOD_CK2_1;MOD_N-GLC_1;MOD_Plk_4,,,,,,,,,,,,,,
MXE_13,0.159,3.06114021442e-06,CD44,P16070-1_T555,P16070,P16070-1,Canonical,T,555.0,35232849.0,N-Glycosylation,Glycosylation,RDPNHSEGSTtLLEGYTSHYP,False,1.0,,56.0,147.0,56.0,MXE (Second Exon),CD44_T555.0,,,,,,,,,,DEG_Nend_UBRbox_3;LIG_FHA_1;MOD_CK1_1,,,,,,,,,,,,,,
MXE_13,0.159,3.06114021442e-06,CD44,P16070-1_Y560,P16070,P16070-1,Canonical,Y,560.0,35232864.0,N-Glycosylation,Glycosylation,SEGSTTLLEGyTSHYPHTKES,False,1.0,,71.0,132.0,71.0,MXE (Second Exon),CD44_Y560.0,,,,,,,,,,LIG_BIR_II_1;LIG_FHA_2,,,,,,,,,,,,,,
MXE_13,0.159,3.06114021442e-06,CD44,P16070-1_T561,P16070,P16070-1,Canonical,T,561.0,35232867.0,N-Glycosylation,Glycosylation,EGSTTLLEGYtSHYPHTKESR,False,1.0,,74.0,129.0,74.0,MXE (Second Exon),CD44_T561.0,,,,,,,,,,,,,,,,,,,,,,,,
MXE_13,0.159,3.06114021442e-06,CD44,P16070-1_S562,P16070,P16070-1,Canonical,S,562.0,35232870.0,N-Glycosylation,Glycosylation,GSTTLLEGYTsHYPHTKESRT,False,1.0,,77.0,126.0,77.0,MXE (Second Exon),CD44_S562.0,,,,,,,,,,LIG_SH2_STAP1;LIG_SH2_STAT5,,,,,,,,,,,,,,
MXE_13,0.159,3.06114021442e-06,CD44,P16070-1_T567,P16070,P16070-1,Canonical,T,567.0,35232885.0,N-Glycosylation,Glycosylation,LEGYTSHYPHtKESRTFIPVT,False,1.0,,92.0,111.0,92.0,MXE (Second Exon),CD44_T567.0,,,,,,,,,,DEG_Nend_Nbox_1;LIG_BRCT_BRCA1_1;LIG_SH2_STAP1;LIG_SH2_STAT5,,,,,,,,,,,,,,
MXE_13,0.159,3.06114021442e-06,CD44,P16070-1_S570,P16070,P16070-1,Canonical,S,570.0,35232894.0,N-Glycosylation,Glycosylation,YTSHYPHTKEsRTFIPVTSAK,False,1.0,,101.0,102.0,101.0,MXE (Second Exon),CD44_S570.0,,,,,,,,,,DOC_MAPK_gen_1;LIG_LIR_Nem_3;LIG_PDZ_Class_2;TRG_DiLeu_BaEn_2,,,,,,,,,,,,,,
MXE_13,0.159,3.06114021442e-06,CD44,P16070-1_T572,P16070,P16070-1,Canonical,T,572.0,35232900.0,N-Glycosylation;Phosphothreonine,Phosphorylation,SHYPHTKESRtFIPVTSAKTG,False,nan;1.0,1.0;nan,107.0,96.0,96.0,MXE (Second Exon),CD44_T572.0,,,,,,,,,,DOC_MAPK_gen_1;LIG_BRCT_BRCA1_1;LIG_LIR_Nem_3;TRG_DiLeu_BaEn_2,,P09038_K261;P09038_K267;P09038_K271;P09038_K277;P01730_S433;P04637_S366;P04637_H115;P04637_S378;P04637_K101;P04637_Y327;P04637_K321;P04637_K321;P04637_K321;P04637_K357;P04637_T312;P04637_K351;P04637_K372;P04637_K372;P04637_K372;P04637_K372;P04637_K292;P04637_K292;P04637_T81;P00533_T648;P00533_N578;P00533_N175;P00533_C311;P00533_T1046;P00533_T1085;P00533_N73;P00533_N568;P00533_C470;P00533_N196;P00533_N444;P00533_C190;P00533_C291;P00533_S645;P00533_T1191;P00533_T1078;P00533_N128;P00533_C329;P00533_S174;P00533_N528;P00533_T1145;P00533_N56;P00533_S1081;P04233_C44;P04233_K170;P04233_K80;P04626_S1235;P04626_S1078;P04626_S1051;P04626_S1050;P04626_S1054;P04626_S1214;P04626_S1151;P04626_S189;P04626_S1113;P04626_S1134;P04626_S653;P04626_S760;P04626_S1107;P04626_S998;P04626_S1049;P04626_S728;P04626_S1083;P04626_S1002;P04626_S703;P04626_S1007;P02452_K751;P02452_K751;P02452_K505;P02452_K505;P02452_K759;P02452_K520;P02452_K520;P02452_P313;P02452_K286;P02452_K397;P02452_K397;P02452_K430;P02452_K1152;P02452_K170;Q13009_Y1323;P11171_S200;P08123_P297;P08123_P210;P08123_P552;P08123_P396;P08123_P261;P08123_P444;P08123_P441;P08123_P108;P08123_P102;P06239_T35;P06239_Y25;P06239_Y263;P06239_T50;P06239_S274;P06239_C3;P06239_C5;P06239_S42;P06239_S158;P06239_T375;P15311_T576;P15311_Y424;P15311_T425;P15311_Y205;P15311_Y201;P15311_Y128;P15311_S539;P15311_T459;P15311_T214;P15311_T533;P15311_Y483;P15311_Y354;P15311_T332;P15311_Y191;P15311_T567;Q15303_N174;Q15303_N576;Q15303_Y1081;Q15303_M993;Q15303_Y1188;Q15303_Y1056;P35240_T21;P35240_Y207;P35240_Y221;P35240_Y144;P35240_Y217;P12931_Y439;P12931_Y530;P12931_Y187;P12931_Y329;P12931_C501;P12931_K62;P12931_Y419;P12931_Y139;P12931_Y134;P12931_Y522;P12931_Y216;P26038_S384;P26038_K151;P08575_Y926;P08575_S456;P08575_Y689;P08575_S1297;P08575_Y544,,,,,,,,,,,CD4->INDUCES;CD74->INDUCES;COL1A1->INDUCES;COL1A2->INDUCES;EGFR->INDUCES;EPB41->INDUCES;ERBB2->INDUCES;ERBB4->INDUCES;EZR->INDUCES;FGF2->INDUCES;LCK->INDUCES;MSN->INDUCES;NF2->INDUCES;PTPRC->INDUCES;SRC->INDUCES;TIAM1->INDUCES;TP53->INDUCES,
MXE_13,0.159,3.06114021442e-06,CD44,P16070-1_T572,P16070,P16070-1,Canonical,T,572.0,35232900.0,N-Glycosylation;Phosphothreonine,Glycosylation,SHYPHTKESRtFIPVTSAKTG,False,nan;1.0,1.0;nan,107.0,96.0,96.0,MXE (Second Exon),CD44_T572.0,,,,,,,,,,DOC_MAPK_gen_1;LIG_BRCT_BRCA1_1;LIG_LIR_Nem_3;TRG_DiLeu_BaEn_2,,,,,,,,,,,,,CD4->INDUCES;CD74->INDUCES;COL1A1->INDUCES;COL1A2->INDUCES;EGFR->INDUCES;EPB41->INDUCES;ERBB2->INDUCES;ERBB4->INDUCES;EZR->INDUCES;FGF2->INDUCES;LCK->INDUCES;MSN->INDUCES;NF2->INDUCES;PTPRC->INDUCES;SRC->INDUCES;TIAM1->INDUCES;TP53->INDUCES,
MXE_13,0.159,3.06114021442e-06,CD44,P16070-1_T577,P16070,P16070-1,Canonical,T,577.0,35232915.0,N-Glycosylation,Glycosylation,TKESRTFIPVtSAKTGSFGVT,False,1.0,,122.0,81.0,81.0,MXE (Second Exon),CD44_T577.0,,,,,,,,,,DOC_USP7_MATH_1;LIG_BIR_II_1;LIG_LIR_Nem_3;LIG_SxIP_EBH_1;MOD_GlcNHglycan,,,,,,,,,,,,,,
MXE_13,0.159,3.06114021442e-06,CD44,P16070-1_S578,P16070,P16070-1,Canonical,S,578.0,35232918.0,N-Glycosylation,Glycosylation,KESRTFIPVTsAKTGSFGVTA,False,1.0,,125.0,78.0,78.0,MXE (Second Exon),CD44_S578.0,,,,,,,,,,DEG_Nend_UBRbox_1;LIG_LIR_Nem_3;LIG_SxIP_EBH_1;MOD_GSK3_1,,,,,,,,,,,,,,
MXE_13,0.159,3.06114021442e-06,CD44,P16070-1_T581,P16070,P16070-1,Canonical,T,581.0,35232927.0,N-Glycosylation,Glycosylation,RTFIPVTSAKtGSFGVTAVTV,False,1.0,,134.0,69.0,69.0,MXE (Second Exon),CD44_T581.0,,,,,,,,,,DOC_USP7_MATH_1;MOD_GlcNHglycan;MOD_GSK3_1,,,,,,,,,,,,,,
MXE_13,0.159,3.06114021442e-06,CD44,P16070-1_S583,P16070,P16070-1,Canonical,S,583.0,35232933.0,N-Glycosylation,Glycosylation,FIPVTSAKTGsFGVTAVTVGD,False,1.0,,140.0,63.0,63.0,MXE (Second Exon),CD44_S583.0,,,,,,,,,,LIG_PDZ_Class_1;LIG_WD40_WDR5_VDV_2;MOD_CK1_1;MOD_GlcNHglycan,,,,,,,,,,,,,,
MXE_13,0.159,3.06114021442e-06,CD44,P16070-1_T587,P16070,P16070-1,Canonical,T,587.0,35232945.0,Phosphothreonine,Phosphorylation,TSAKTGSFGVtAVTVGDSNSN,False,1.0,,152.0,51.0,51.0,MXE (Second Exon),CD44_T587.0,,,,,,,,,,DEG_Nend_UBRbox_1,,P09038_S206;P09038_K261;P09038_Y215;P01730_C419;P01730_C422;P04637_S366;P04637_S378;P04637_Y327;P04637_R209;P00533_T648;P00533_N578;P00533_N175;P00533_C311;P00533_T1085;P00533_N568;P00533_C470;P00533_N444;P00533_C190;P00533_C291;P00533_T1191;P00533_T1078;P00533_N128;P00533_C329;P00533_S174;P00533_N528;P00533_N56;P04233_C44;P04233_K170;P04233_K14;P04233_T132;P04233_N130;P04233_K43;P04233_K80;P04626_S1235;P04626_S1078;P04626_S1051;P04626_S1050;P04626_S1054;P04626_S189;P04626_S1134;P04626_S653;P04626_S1083;P04626_S1007;P02452_K751;P02452_K751;P02452_K505;P02452_K505;P02452_K759;P02452_K265;P02452_K265;P02452_K520;P02452_K520;P02452_K286;P02452_K397;P02452_K397;P02452_K781;P02452_K430;P02452_K1152;P02452_K170;Q13009_Y141;Q13009_Y1414;Q13009_Y1323;Q13009_Y135;Q13009_Y152;P03956_Y411;P03956_K450;P03956_Y360;P15311_S249;P15311_Y291;P15311_S243;P15311_S112;P15311_S66;P15311_K263;P15311_K263;P15311_K237;P15311_Y478;P15311_K262;P15311_K209;P15311_K209;P15311_T57;P15311_Y499;P15311_S144;P15311_S149;P15311_K83;P15311_Y146;P15311_K258;P15311_K139;P15311_K139;P15311_Y483;P15311_K253;P15311_K253;P15311_K254;P15311_K162;P15311_Y270;P15311_K143;P15311_Y137;P15311_K233;P15311_S482;P15311_K211;P15311_K211;P15311_K212;P15311_Y116;P15311_T548;P15311_K296;P15311_K72;P15311_T468;P15311_K79;P15311_K79;P15311_T235;P15311_K230;P35240_S13;P35240_S12;P35240_S10;P35240_Y132;P35240_Y150;P35240_Y153;P35240_S265;P12931_S35;P12931_S190;P12931_S51;P12931_Y439;P12931_S70;P12931_S75;P12931_S39;P12931_G2;P12931_S12;P12931_S17;P12931_Y530;P12931_T101;P12931_Y187;P12931_Y329;P12931_S97;P12931_S306;P12931_S128;P12931_K62;P12931_S69;P12931_Y419;P12931_Y139;P12931_Y134;P12931_Y522;P12931_T246;P12931_S525;P12931_Y216;P26038_S249;P26038_Y291;P26038_S243;P26038_S468;P26038_S74;P26038_S144;P26038_Y146;P26038_K254;P26038_K151;P26038_Y270;P26038_Y134;P26038_Y116;P26038_T469;P06241_S393;P06241_Y531;P06241_S70;P06241_Y440;P06241_G2;P06241_S307;P06241_S102;P06241_S257;P06241_Y420;P06241_Y137;P06241_Y30;P06241_S69;P06241_Y330;P06241_Y132;P06241_Y523;P06241_S135;P06241_S178;P06241_Y214,,,,,,,,,,,CD4->INDUCES;CD74->INDUCES;COL1A1->INDUCES;EGFR->INDUCES;ERBB2->INDUCES;EZR->INDUCES;FGF2->INDUCES;FYN->INDUCES;MMP1->INDUCES;MSN->INDUCES;NF2->INDUCES;SRC->INDUCES;TIAM1->INDUCES;TP53->INDUCES,
MXE_13,0.159,3.06114021442e-06,CD44,P16070-1_N599,P16070,P16070-1,Canonical,N,599.0,35232981.0,N-Glycosylation,Glycosylation,VTVGDSNSNVnRSLSGDQDTF,False,,,188.0,15.0,15.0,MXE (Second Exon),CD44_N599.0,,,,,,,,,,MOD_GlcNHglycan;TRG_Pf-PMV_PEXEL_1,,,,,,,,,,,,,,
MXE_14,-0.496,3.06114021442e-06,KIAA1468,Q9P260-1_T991,Q9P260,Q9P260-1,Canonical,T,991.0,59947596.0,Phosphothreonine,Phosphorylation,RCTAARMFELtLRGMSEALVD,False,1.0,,3.0,79.0,3.0,MXE (Second Exon),KIAA1468_T991.0,,,,,,,,,,LIG_14-3-3_CterR_2;LIG_BIR_II_1,,,,,,,,,,,,,,
MXE_14,-0.496,3.06114021442e-06,KIAA1468,Q9P260-1_K1002,Q9P260,Q9P260-1,Canonical,K,1002.0,59947629.0,Ubiquitination,Ubiquitination,LRGMSEALVDkRVAPALVTLS,False,1.0,,36.0,46.0,36.0,MXE (Second Exon),KIAA1468_K1002.0,,,,,,,,,,LIG_BIR_II_1;TRG_Cilium_RVxP_2,,,,,,,,,,,,,,
MXE_15,0.382,7.40878646732e-06,RALGPS2,Q86X27-1_T477,Q86X27,Q86X27-1,Canonical,T,477.0,178863157.0,Phosphothreonine,Phosphorylation,KTLLKEGKKPtVASWTKYWAA,True,,1.0,103.0,2.0,2.0,MXE (Second Exon),RALGPS2_T477.0,,,,,,,,,,DEG_Nend_Nbox_1;DOC_USP7_UBL2_3;MOD_Cter_Amidation,,,,,,,,,,,,,,
MXE_20,0.153,0.000107125147275,SCRIB,Q14160-1_K752,Q14160,Q14160-1,Canonical,K,752.0,144889108.0,Ubiquitination,Ubiquitination,IAGGKGSTPYkGDDEGIFISR,True,,,14.0,75.0,14.0,MXE (Second Exon),SCRIB_K752.0,,,,,,,,,,DOC_WW_Pin1_4;LIG_PDZ_Class_3;MOD_ProDKin_1,,,,,,,,,,,,,,
MXE_20,0.153,0.000107125147275,SCRIB,Q14160-1_Y751,Q14160,Q14160-1,Canonical,Y,751.0,144889111.0,Phosphotyrosine,Phosphorylation,SIAGGKGSTPyKGDDEGIFIS,True,,1.0,17.0,72.0,17.0,MXE (Second Exon),SCRIB_Y751.0,,,,,,,,,,DOC_WW_Pin1_4;MOD_CDK_SPxK_1;MOD_NMyristoyl;MOD_ProDKin_1,,,,,,,,,,,,,,
MXE_20,0.153,0.000107125147275,SCRIB,Q14160-1_T749;Q14160-2_T668,Q14160,Q14160-1,Canonical,T,749.0,144889117.0,Phosphothreonine,Phosphorylation,GISIAGGKGStPYKGDDEGIF,True,5.0,3.0,23.0,66.0,23.0,MXE (Second Exon),SCRIB_T749.0,,,,,,,,,,DEG_Nend_Nbox_1,,,,,,,,,,,,,,
MXE_20,0.153,0.000107125147275,SCRIB,Q14160-1_S748,Q14160,Q14160-1,Canonical,S,748.0,144889120.0,Phosphoserine,Phosphorylation,LGISIAGGKGsTPYKGDDEGI,True,2.0,,26.0,63.0,26.0,MXE (Second Exon),SCRIB_S748.0,,,,,,,,,,DOC_WW_Pin1_4;LIG_BIR_II_1;MOD_CDK_SPxK_1;MOD_ProDKin_1,,,,,,,,,,,,,,
MXE_20,0.153,0.000107125147275,SCRIB,Q14160-1_S741,Q14160,Q14160-1,Canonical,S,741.0,144889141.0,Phosphoserine,Phosphorylation,ILRQTGGLGIsIAGGKGSTPY,True,2.0,7.0,47.0,42.0,42.0,MXE (Second Exon),SCRIB_S741.0,,,,,,,,,,DEG_Nend_UBRbox_3,,,,,,,,,,,,,,
MXE_20,0.153,0.000107125147275,SCRIB,Q14160-1_T735,Q14160,Q14160-1,Canonical,T,735.0,144889159.0,Phosphothreonine,Phosphorylation,EELTLTILRQtGGLGISIAGG,True,1.0,,65.0,24.0,24.0,MXE (Second Exon),SCRIB_T735.0,,,,,,,,,,DOC_CYCLIN_RevRxL_6;LIG_SUMO_SIM_anti_2;LIG_WD40_WDR5_VDV_2,,,,,,,,,,,,,,
MXE_20,0.153,0.000107125147275,SCRIB,Q14160-1_T730,Q14160,Q14160-1,Canonical,T,730.0,144889174.0,Phosphothreonine,Phosphorylation,ARIEEEELTLtILRQTGGLGI,True,,1.0,80.0,9.0,9.0,MXE (Second Exon),SCRIB_T730.0,,,,,,,,,,DEG_Nend_UBRbox_2;DOC_CYCLIN_RevRxL_6;LIG_14-3-3_CterR_2;LIG_FHA_1;LIG_WD40_WDR5_VDV_2;MOD_Plk_1;TRG_DiLeu_BaEn_4,,,,,,,,,,,,,,
MXE_20,0.153,0.000107125147275,SCRIB,Q14160-1_T728,Q14160,Q14160-1,Canonical,T,728.0,144889180.0,Phosphothreonine,Phosphorylation,EPARIEEEELtLTILRQTGGL,True,,1.0,86.0,3.0,3.0,MXE (Second Exon),SCRIB_T728.0,,,,,,,,,,DEG_CRBN_cyclicCter_1;DEG_Nend_UBRbox_1;LIG_WD40_WDR5_VDV_2;MOD_Plk_4;TRG_DiLeu_BaEn_4,,,,,,,,,,,,,,
MXE_22,0.052,0.000237790867106,ADAM15,Q13444-1_S806,Q13444,Q13444-1,Canonical,S,806.0,155034443.0,Phosphoserine,Phosphorylation,RPLPADPVVRsPKSQGPAKPP,False,2.0,,63.0,150.0,63.0,MXE (Second Exon),ADAM15_S806.0,,,,,,,,,,LIG_SH3_3;MOD_PIKK_1,,,,,,,,,,,,,,
MXE_25,-0.096,0.000718194950595,ENAH,Q8N8S7-1_K559,Q8N8S7,Q8N8S7-1,Canonical,K,559.0,225688699.0,Ubiquitination,Ubiquitination,QTEGLDYDRLkQDILDEMRKE,True,1.0,,5.0,73.0,5.0,MXE (Second Exon),ENAH_K559.0,,,,,,,,,,LIG_LIR_Gen_1;LIG_LIR_Nem_3;LIG_SH2_CRK;LIG_TYR_ITIM;TRG_ENDOCYTIC_2,,,,,,,,,,,,,,
MXE_25,-0.096,0.000718194950595,ENAH,Q8N8S7-1_S544,Q8N8S7,Q8N8S7-1,Canonical,S,544.0,225688744.0,Phosphoserine,Phosphorylation,RPKSTPLSQPsANGVQTEGLD,True,1.0,,50.0,28.0,28.0,MXE (Second Exon),ENAH_S544.0,,,,,,,,,,LIG_BIR_II_1;MOD_PIKK_1,,,,,,,,,,,,,,
MXE_25,-0.096,0.000718194950595,ENAH,Q8N8S7-1_S541,Q8N8S7,Q8N8S7-1,Canonical,S,541.0,225688753.0,Phosphoserine,Phosphorylation,SLHRPKSTPLsQPSANGVQTE,True,,,59.0,19.0,19.0,MXE (Second Exon),ENAH_S541.0,,,,,,,,,,DOC_WW_Pin1_4;LIG_14-3-3_CanoR_1;LIG_WD40_WDR5_VDV_2;MOD_GlcNHglycan;MOD_ProDKin_1,,Q70E73_S1071;Q70E73_S880;Q70E73_T132;Q70E73_S5;Q70E73_S54;Q70E73_M1;Q70E73_Y510;Q70E73_S1033;Q70E73_S1154;Q70E73_S610;Q70E73_Y456;Q70E73_S1130;Q70E73_S140;Q70E73_K347;Q70E73_K582;Q70E73_S827;Q70E73_S853;Q70E73_S856;Q70E73_S1224;Q70E73_S1069;Q70E73_S17;Q70E73_S996;Q70E73_Y602;Q70E73_S604;Q70E73_S152;P00519_Y204;P00519_S639;P00519_Y245;P00519_S739;P00519_S737;P00519_S588;Q8IZP0_T174;Q8IZP0_T170;Q8IZP0_S242;Q8IZP0_S243;Q8IZP0_S246;Q8IZP0_S248;Q8IZP0_Y435;Q8IZP0_T328;Q8IZP0_T265;Q8IZP0_T208;Q8IZP0_T229;Q8IZP0_T458;Q8IZP0_S216;Q8IZP0_S231;Q8IZP0_T394;Q8IZP0_S187;Q8IZP0_T215;Q8IZP0_T336;Q8IZP0_Y506;Q8IZP0_T196;Q8IZP0_T507;Q8IZP0_S267;Q8IZP0_T238;Q14517_K1978;Q14517_S2627;Q14517_S4476;Q14517_K1305;Q14517_T3940;Q14517_S4272;Q14517_K125;Q14517_K2611;Q14517_K427;Q14517_S4264;Q14517_K403;Q14517_K686;Q14517_S4243;Q14517_S4322;Q14517_T3874;Q14517_S153;Q14517_S150;Q14517_K2739;Q14517_K3522;Q14517_T2002;Q14517_S4316;Q14517_K1460;Q14517_K101;Q14517_S1496;Q14517_Y3253;Q14517_Y468;Q14517_Y3862;Q14517_K452;Q14517_K2650;Q14517_K3071;Q14517_S4318;Q14517_K894;Q14517_K1248;Q14517_S4353;Q14517_K1486;Q14517_K1966;Q14517_K2643;Q14517_N1295;Q14517_K2600;Q14517_S4303;Q6XZF7_S466;Q6XZF7_S684;Q6XZF7_S54;Q6XZF7_S1258;Q6XZF7_S1381;Q6XZF7_S1279;Q6XZF7_S1340;Q6XZF7_S513;Q6XZF7_S516;Q6XZF7_T275;Q6XZF7_S483;Q6XZF7_S482;Q6XZF7_Y708;Q15942_K165;Q15942_T306;Q15942_K272;Q15942_S142;Q15942_S143;Q15942_S308;Q15942_S169;Q15942_A2;Q15942_S278;Q15942_S44;Q15942_S185;Q15942_S186;Q15942_K279;Q15942_K279;Q15942_T274;Q15942_S303;Q15942_K295;Q15942_S281;Q15942_Y316;Q15942_Y172;Q15942_T352;Q9UQB8_K332,,,,,,,,,,,ABI1->INDUCES;ABL1->INDUCES;BAIAP2->INDUCES;DNMBP->INDUCES;FAT1->INDUCES;RAPH1->INDUCES;ZYX->INDUCES,
MXE_25,-0.096,0.000718194950595,ENAH,Q8N8S7-1_T538,Q8N8S7,Q8N8S7-1,Canonical,T,538.0,225688762.0,Phosphothreonine,Phosphorylation,SYDSLHRPKStPLSQPSANGV,True,,,68.0,10.0,10.0,MXE (Second Exon),ENAH_T538.0,,,,,,,,,,LIG_14-3-3_CanoR_1;LIG_BIR_II_1;MOD_GSK3_1;MOD_PIKK_1,,Q9UQB8_T348,,,,,,,,,,,BAIAP2->INDUCES,
MXE_25,-0.096,0.000718194950595,ENAH,Q8N8S7-1_S537,Q8N8S7,Q8N8S7-1,Canonical,S,537.0,225688765.0,Phosphoserine,Phosphorylation,RSYDSLHRPKsTPLSQPSANG,True,1.0,,71.0,7.0,7.0,MXE (Second Exon),ENAH_S537.0,,,,,,,,,,DEG_Nend_UBRbox_2;DOC_WW_Pin1_4;MOD_ProDKin_1,,,,,,,,,,,,,,
MXE_25,-0.096,0.000718194950595,ENAH,Q8N8S7-1_K536,Q8N8S7,Q8N8S7-1,Canonical,K,536.0,225688768.0,Ubiquitination,Ubiquitination,NRSYDSLHRPkSTPLSQPSAN,True,1.0,,74.0,4.0,4.0,MXE (Second Exon),ENAH_K536.0,,,,,,,,,,DEG_CRBN_cyclicCter_1;DEG_Nend_Nbox_1;DOC_WW_Pin1_4;LIG_14-3-3_CanoR_1;LIG_SH2_CRK;MOD_GSK3_1;MOD_ProDKin_1;TRG_ENDOCYTIC_2,,,,,,,,,,,,,,
MXE_26,-0.178,0.000729115568858,EPB41,P11171-1_T786,P11171,P11171-1,Canonical,T,786.0,29435890.0,Phosphothreonine,Phosphorylation,SGDLDPGVLLtAQTITSETPS,False,1.0,,42.0,59.0,42.0,MXE (Second Exon),EPB41_T786.0,,,,,,,,,,DEG_Nend_Nbox_1,,,,,,,,,,,,,,
MXE_26,-0.178,0.000729115568858,EPB41,P11171-1_S792,P11171,P11171-1,Canonical,S,792.0,29435908.0,O-Glycosylation,Glycosylation,GVLLTAQTITsETPSSTTTTQ,False,,,60.0,41.0,41.0,MXE (Second Exon),EPB41_S792.0,,,,,,,,,,DEG_Nend_Nbox_1;DOC_WW_Pin1_4;MOD_GSK3_1;MOD_ProDKin_1,,,,,,,,,,,,,,
MXE_26,-0.178,0.000729115568858,EPB41,P11171-1_T794,P11171,P11171-1,Canonical,T,794.0,29435914.0,Phosphothreonine,Phosphorylation,LLTAQTITSEtPSSTTTTQIT,False,1.0,,66.0,35.0,35.0,MXE (Second Exon),EPB41_T794.0,,,,,,,,,,DEG_SPOP_SBC_1;LIG_BIR_II_1;MOD_GSK3_1,,,,,,,,,,,,,,
MXE_33,0.247,0.0161687939225,FGFR3,P22607-1_N315,P22607,P22607-1,Canonical,N,315.0,1805431.0,N-Glycosylation,Glycosylation,YVTVLKTAGAnTTDKELEVLS,False,,,12.0,132.0,12.0,MXE (Second Exon),FGFR3_N315.0,,,,,,,,,,LIG_FHA_2;MOD_CK2_1,,,,,,,,,,,,,,
MXE_33,0.247,0.0161687939225,FGFR3,P22607-1_N328,P22607,P22607-1,Canonical,N,328.0,1805470.0,N-Glycosylation,Glycosylation,DKELEVLSLHnVTFEDAGEYT,False,,,51.0,93.0,51.0,MXE (Second Exon),FGFR3_N328.0,,,,,,,,,,DEG_Nend_Nbox_1;LIG_FHA_2;LIG_PDZ_Class_3;LIG_WD40_WDR5_VDV_2,,,,,,,,,,,,,,
MXE_33,0.247,0.0161687939225,FGFR3,P22607-1_T338,P22607,P22607-1,Canonical,T,338.0,1805500.0,Phosphothreonine,Phosphorylation,NVTFEDAGEYtCLAGNSIGFS,False,,,81.0,63.0,63.0,MXE (Second Exon),FGFR3_T338.0,,,,,,,,,,DEG_Nend_Nbox_1;LIG_LIR_Gen_1;LIG_LIR_Nem_3;LIG_SH2_CRK;TRG_ENDOCYTIC_2,,,,,,,,,,,,,,
MXE_35,-0.112,0.0233903490744,BIN1,O00499-2_T343,O00499,O00499-2,Alternative,T,343.0,127815060.0,Phosphothreonine,Phosphorylation,DTFVPEISVTtPSQPTESPAG,False,,1.0,11.0,117.0,11.0,MXE (Second Exon),BIN1_T343.0,,,,,,,,,,DOC_PP2B_PxIxIT_1;LIG_SH3_3;LIG_WD40_WDR5_VDV_2;MOD_PIKK_1;MOD_Plk_1,,,,,,,,,,,,,,
MXE_35,-0.112,0.0233903490744,BIN1,O00499-2_T334,O00499,O00499-2,Alternative,T,334.0,127815087.0,Phosphothreonine,Phosphorylation,QEQILSLFEDtFVPEISVTTP,False,,1.0,38.0,90.0,38.0,MXE (Second Exon),BIN1_T334.0,,,,,,,,,,DEG_COP1_1;DEG_Nend_Nbox_1;LIG_AP2alpha_1;LIG_APCC_ABBA_1;LIG_Pex14_2;LIG_WD40_WDR5_VDV_2,,,,,,,,,,,,,,
MXE_35,-0.112,0.0233903490744,BIN1,O00499-1_T348,O00499,O00499-1,Canonical,T,348.0,127815138.0,Phosphothreonine,Phosphorylation,GPPVPPPPKHtPSKEVKQEQI,False,4.0,2.0,89.0,39.0,39.0,MXE (Second Exon),BIN1_T348.0,signaling pathway regulation,Tau(INDUCES),,"molecular association, regulation; protein conformation",CDK2;CDK5,Alzheimer's disease->increased; molecular association,,,,,MAPT->Enhance,Q13936_S1930;Q13936_S2172;Q13936_S638;Q13936_S863;Q13936_S1946;Q13936_S1807;Q13936_S1718;Q13936_S1009;Q13936_S1535;Q13936_S2063;Q13936_S643;Q9Y371_K29;Q9Y371_K126;Q8WYP3_S810;Q8WYP3_S811;Q8WYP3_T576;Q8WYP3_S517;Q8WYP3_S555;Q8WYP3_S355;Q8WYP3_Y753;Q8WYP3_Y742;Q8WYP3_T350;Q8WYP3_T855;O43150_Y293;O43150_S701;O43150_S395;O43150_K794;O43150_S370;O43150_T483;O43150_K164;O43150_K162;O43150_S822;O43150_S820;O43150_K546;O43150_S294;O43150_S329;O43150_K144;O43150_K325;O43150_T900;O43150_Y689;O43150_K538;O43150_S809;O43150_S285;O43150_K321;O43150_Y724;O43150_S338;O43150_K314;O43150_T336;O43150_Y525;O43150_S484;O43150_Y763;O43150_S728;O43150_K132;O43150_K156;O43150_S722;O43150_T353;Q13426_T323;Q13426_K102;Q13426_T222;Q13426_S232;Q13426_S237;Q13426_S219;Q13426_S256;Q13426_Y229;Q13426_S260;Q13426_T233;P12956_S51;P12956_S2;P12956_S2;P12956_T604;P12956_S6;P12956_T292;P12956_K445;P12956_K443;P12956_K544;P12956_K526;P12956_K31;P12956_K31;P12956_Y530;P12956_T307;P12956_K468;P12956_K468;P12956_K207;P12956_K206;P12956_S37;P12956_Y534;P12956_K463;P12956_K182;P12956_K123;P12956_K100;P12956_K282;P12956_K282;P12956_S324;P12956_S477;P12956_S180;P12956_K392;P12956_K357;P12956_K539;P12956_K539;P12956_K238;P12956_K317;P12956_K317;P12956_K451;P12956_Y8;P12956_K114;P12956_K114;P12956_K114;P12956_K358;P12956_K331;P12956_K331;P12956_Y7;P50570_T527;P50570_T755;P50570_T443;P50570_C607;P50570_K223;P50570_S848;P50570_S615;P50570_S619;P50570_S532;P50570_T766;P50570_T438;P50570_T286;P50570_C27;P50570_S761;P50570_S347;P50570_Y563;P50570_K257;P50570_S764;P50570_K393;P50570_T591;P50570_S581;P50570_K669;P50570_C86;P50570_K376;P50570_K598;P00519_S248;P00519_T296;P00519_Y412;P00519_Y432;P00519_Y204;P00519_Y89;P00519_Y345;P00519_S639;P00519_M407;P00519_Y245;P00519_S739;P00519_S737;P00519_Y147;P00519_S161;P00519_T413;P00519_K293;P00519_S100;P00519_T411;P00519_S181;P00519_S183;P00519_K313;P00519_Y331;P00519_Y134;P00519_S588;P00519_Y191;P00519_S132;P00519_Y234;P00519_S175;Q05193_T527;Q05193_C607;Q05193_S767;Q05193_S777;Q05193_S774;Q05193_S778;Q05193_Y597;Q05193_T438;Q05193_T780;Q05193_S795;Q05193_S347;Q05193_Y563;Q05193_S851;Q05193_K393;Q05193_S822;Q05193_S581;Q05193_C86;Q05193_Y354;Q05193_K675;Q05193_T776;Q05193_K376;Q9Y2H0_S397;Q9Y2H0_S378;Q9Y2H0_S421;Q9Y2H0_T402;Q9Y2H0_S78;Q9Y2H0_S965;Q9Y2H0_Y32;Q9Y2H0_Y437;Q9Y2H0_T582;Q9Y2H0_S611;Q9Y2H0_S614;Q9Y2H0_S615;Q9Y2H0_Y369;Q9Y2H0_Y329;Q9Y2H0_T577;Q9Y2H0_S522;Q9Y2H0_Y76;Q9Y2H0_S384;Q9Y2H0_S368;Q9Y2H0_Y288;Q9Y2H0_S512;Q9Y2H0_S366;Q9Y2H0_S510;Q9Y2H0_S388;Q9Y2H0_S970;Q9Y2H0_S696;Q9Y2H0_S977;Q9Y2H0_S851;Q9Y2H0_S584;Q9Y2H0_S580;Q9Y2H0_S581;Q9Y2H0_S601;Q9Y2H0_S666;Q9Y2H0_Y331;Q9Y2H0_K319;Q9Y2H0_S620;Q9Y2H0_S608;Q9Y2H0_S135;Q9Y2H0_T560;Q9Y2H0_S405;Q9Y2H0_S156;Q9Y2H0_K110;Q9Y2H0_T569;Q9Y2H0_Y981;Q9Y2H0_K255,,,,,,,,,,,ABL1->INDUCES;ASAP2->INDUCES;CACNA1C->INDUCES;CDK2->REGULATES;CDK5->REGULATES;DLGAP4->INDUCES;DNM1->INDUCES;DNM2->INDUCES;MAPT->INDUCES;RIN2->INDUCES;SH3GLB1->INDUCES;XRCC4->INDUCES;XRCC6->INDUCES,
